ISO-10303-21;
HEADER;
/* Generated by software containing ST-Developer
 * from STEP Tools, Inc. (www.steptools.com) 
 */
/* OPTION: using custom renumber hook */

FILE_DESCRIPTION(
/* description */ ('STEP AP242 Edition 2',
'CAx-IF Rec.Pracs.---Representation and Presentation of Product Manufa
cturing Information (PMI)---4.0---2014-10-13',
'CAx-IF Rec.Pracs.---3D Tessellated Geometry---0.4---2014-09-14','2;1',
'CAx-IF Rec.Pracs.---User Defined Attributes---1.5---2016-08-15'),
/* implementation_level */ '2;1');

FILE_NAME(
/* name */ 'Part Studio 1 - Part 1',
/* time_stamp */ '2026-08-18T20:34:58Z',
/* author */ (''),
/* organization */ (''),
/* preprocessor_version */ 'ST-DEVELOPER v20',
/* originating_system */ 'ONSHAPE BY PTC INC, 1.219',
/* authorisation */ '  ');

FILE_SCHEMA (('AP242_MANAGED_MODEL_BASED_3D_ENGINEERING_MIM_LF { 1 0 10303 442 3 1 4 }'));
ENDSEC;

DATA;
#10=SHAPE_REPRESENTATION_RELATIONSHIP('','',#2405,#11);
#11=ADVANCED_BREP_SHAPE_REPRESENTATION('',(#2403),#4031);
#12=ORIENTED_CLOSED_SHELL('',*,#2391,.F.);
#13=ORIENTED_CLOSED_SHELL('',*,#2392,.F.);
#14=ORIENTED_CLOSED_SHELL('',*,#2393,.F.);
#15=ORIENTED_CLOSED_SHELL('',*,#2394,.F.);
#16=SPHERICAL_SURFACE('',#2415,0.01);
#17=SPHERICAL_SURFACE('',#2421,0.01);
#18=SPHERICAL_SURFACE('',#2447,0.01);
#19=SPHERICAL_SURFACE('',#2452,0.01);
#20=SPHERICAL_SURFACE('',#2465,0.008);
#21=SPHERICAL_SURFACE('',#2471,0.008);
#22=SPHERICAL_SURFACE('',#2497,0.008);
#23=SPHERICAL_SURFACE('',#2502,0.008);
#24=ELLIPSE('',#2410,0.02,0.01);
#25=ELLIPSE('',#2412,0.0100006731282106,0.01);
#26=ELLIPSE('',#2413,0.0204115578994144,0.01);
#27=ELLIPSE('',#2428,0.0115470053837925,0.01);
#28=ELLIPSE('',#2430,0.0115470053837925,0.01);
#29=ELLIPSE('',#2431,0.0115470053837925,0.01);
#30=ELLIPSE('',#2432,0.0115470053837925,0.01);
#31=ELLIPSE('',#2435,0.02,0.01);
#32=ELLIPSE('',#2438,0.02,0.01);
#33=ELLIPSE('',#2441,0.0115470053837925,0.01);
#34=ELLIPSE('',#2443,0.861902281787301,0.01);
#35=ELLIPSE('',#2444,0.0114709387211747,0.01);
#36=ELLIPSE('',#2445,0.0116256630692573,0.01);
#37=ELLIPSE('',#2446,0.0115470053837925,0.01);
#38=ELLIPSE('',#2459,0.016,0.008);
#39=ELLIPSE('',#2462,0.0163292463195315,0.008);
#40=ELLIPSE('',#2463,0.00800053850256847,0.008);
#41=ELLIPSE('',#2478,0.00923760430703402,0.008);
#42=ELLIPSE('',#2479,0.009237604307034,0.008);
#43=ELLIPSE('',#2480,0.00923760430703401,0.008);
#44=ELLIPSE('',#2481,0.00923760430703401,0.008);
#45=ELLIPSE('',#2484,0.016,0.008);
#46=ELLIPSE('',#2487,0.016,0.008);
#47=ELLIPSE('',#2491,0.00923760430703401,0.008);
#48=ELLIPSE('',#2492,0.009237604307034,0.008);
#49=ELLIPSE('',#2493,0.00930053045540583,0.008);
#50=ELLIPSE('',#2494,0.00917675097693973,0.008);
#51=ELLIPSE('',#2495,0.689521825429841,0.008);
#52=CIRCLE('',#2409,0.01);
#53=CIRCLE('',#2411,0.01);
#54=CIRCLE('',#2414,0.01);
#55=CIRCLE('',#2416,0.01);
#56=CIRCLE('',#2417,0.00780817221985082);
#57=CIRCLE('',#2418,0.00946328946916945);
#58=CIRCLE('',#2419,0.00999730725859252);
#59=CIRCLE('',#2420,0.01);
#60=CIRCLE('',#2422,0.00999681810849861);
#61=CIRCLE('',#2423,0.00944943082716737);
#62=CIRCLE('',#2424,0.00779204536642686);
#63=CIRCLE('',#2425,0.01);
#64=CIRCLE('',#2426,0.01);
#65=CIRCLE('',#2429,0.01);
#66=CIRCLE('',#2434,0.01);
#67=CIRCLE('',#2436,0.01);
#68=CIRCLE('',#2437,0.01);
#69=CIRCLE('',#2439,0.01);
#70=CIRCLE('',#2442,0.01);
#71=CIRCLE('',#2448,0.00946328946916945);
#72=CIRCLE('',#2449,0.00780817221985082);
#73=CIRCLE('',#2450,0.01);
#74=CIRCLE('',#2451,0.00999730725859252);
#75=CIRCLE('',#2453,0.00780817221985082);
#76=CIRCLE('',#2454,0.00946328946916945);
#77=CIRCLE('',#2455,0.00999730725859252);
#78=CIRCLE('',#2456,0.01);
#79=CIRCLE('',#2460,0.008);
#80=CIRCLE('',#2461,0.008);
#81=CIRCLE('',#2464,0.008);
#82=CIRCLE('',#2466,0.00499675428802039);
#83=CIRCLE('',#2467,0.008);
#84=CIRCLE('',#2468,0.008);
#85=CIRCLE('',#2469,0.00799663381822043);
#86=CIRCLE('',#2470,0.00731804943801922);
#87=CIRCLE('',#2472,0.0079960222795091);
#88=CIRCLE('',#2473,0.008);
#89=CIRCLE('',#2474,0.008);
#90=CIRCLE('',#2475,0.00497151596522171);
#91=CIRCLE('',#2476,0.00730011937966915);
#92=CIRCLE('',#2482,0.008);
#93=CIRCLE('',#2485,0.008);
#94=CIRCLE('',#2486,0.008);
#95=CIRCLE('',#2488,0.008);
#96=CIRCLE('',#2489,0.008);
#97=CIRCLE('',#2496,0.008);
#98=CIRCLE('',#2498,0.00499675428802039);
#99=CIRCLE('',#2499,0.00731804943801922);
#100=CIRCLE('',#2500,0.00799663381822043);
#101=CIRCLE('',#2501,0.008);
#102=CIRCLE('',#2503,0.00499675428802038);
#103=CIRCLE('',#2504,0.008);
#104=CIRCLE('',#2505,0.00799663381822043);
#105=CIRCLE('',#2506,0.00731804943801922);
#106=CIRCLE('',#2513,0.01);
#107=CIRCLE('',#2515,0.01);
#108=CIRCLE('',#2517,0.01);
#109=CIRCLE('',#2519,0.01);
#110=CIRCLE('',#2522,0.008);
#111=CIRCLE('',#2524,0.008);
#112=CIRCLE('',#2528,0.008);
#113=CIRCLE('',#2530,0.008);
#114=CYLINDRICAL_SURFACE('',#2408,0.01);
#115=CYLINDRICAL_SURFACE('',#2427,0.01);
#116=CYLINDRICAL_SURFACE('',#2433,0.01);
#117=CYLINDRICAL_SURFACE('',#2440,0.01);
#118=CYLINDRICAL_SURFACE('',#2458,0.008);
#119=CYLINDRICAL_SURFACE('',#2477,0.008);
#120=CYLINDRICAL_SURFACE('',#2483,0.008);
#121=CYLINDRICAL_SURFACE('',#2490,0.008);
#122=CYLINDRICAL_SURFACE('',#2512,0.01);
#123=CYLINDRICAL_SURFACE('',#2514,0.01);
#124=CYLINDRICAL_SURFACE('',#2516,0.01);
#125=CYLINDRICAL_SURFACE('',#2518,0.01);
#126=CYLINDRICAL_SURFACE('',#2536,0.008);
#127=CYLINDRICAL_SURFACE('',#2537,0.008);
#128=CYLINDRICAL_SURFACE('',#2538,0.008);
#129=CYLINDRICAL_SURFACE('',#2539,0.008);
#130=ORIENTED_EDGE('',*,*,#810,.F.);
#131=ORIENTED_EDGE('',*,*,#811,.T.);
#132=ORIENTED_EDGE('',*,*,#812,.T.);
#133=ORIENTED_EDGE('',*,*,#813,.F.);
#134=ORIENTED_EDGE('',*,*,#814,.F.);
#135=ORIENTED_EDGE('',*,*,#815,.T.);
#136=ORIENTED_EDGE('',*,*,#816,.T.);
#137=ORIENTED_EDGE('',*,*,#817,.F.);
#138=ORIENTED_EDGE('',*,*,#818,.F.);
#139=ORIENTED_EDGE('',*,*,#819,.T.);
#140=ORIENTED_EDGE('',*,*,#820,.T.);
#141=ORIENTED_EDGE('',*,*,#821,.F.);
#142=ORIENTED_EDGE('',*,*,#822,.T.);
#143=ORIENTED_EDGE('',*,*,#823,.T.);
#144=ORIENTED_EDGE('',*,*,#824,.F.);
#145=ORIENTED_EDGE('',*,*,#825,.F.);
#146=ORIENTED_EDGE('',*,*,#826,.F.);
#147=ORIENTED_EDGE('',*,*,#827,.T.);
#148=ORIENTED_EDGE('',*,*,#828,.T.);
#149=ORIENTED_EDGE('',*,*,#829,.T.);
#150=ORIENTED_EDGE('',*,*,#818,.T.);
#151=ORIENTED_EDGE('',*,*,#830,.F.);
#152=ORIENTED_EDGE('',*,*,#824,.T.);
#153=ORIENTED_EDGE('',*,*,#831,.T.);
#154=ORIENTED_EDGE('',*,*,#832,.T.);
#155=ORIENTED_EDGE('',*,*,#833,.T.);
#156=ORIENTED_EDGE('',*,*,#834,.F.);
#157=ORIENTED_EDGE('',*,*,#835,.F.);
#158=ORIENTED_EDGE('',*,*,#836,.T.);
#159=ORIENTED_EDGE('',*,*,#837,.T.);
#160=ORIENTED_EDGE('',*,*,#826,.T.);
#161=ORIENTED_EDGE('',*,*,#838,.F.);
#162=ORIENTED_EDGE('',*,*,#839,.F.);
#163=ORIENTED_EDGE('',*,*,#840,.T.);
#164=ORIENTED_EDGE('',*,*,#841,.T.);
#165=ORIENTED_EDGE('',*,*,#842,.T.);
#166=ORIENTED_EDGE('',*,*,#843,.F.);
#167=ORIENTED_EDGE('',*,*,#844,.T.);
#168=ORIENTED_EDGE('',*,*,#845,.F.);
#169=ORIENTED_EDGE('',*,*,#846,.T.);
#170=ORIENTED_EDGE('',*,*,#847,.T.);
#171=ORIENTED_EDGE('',*,*,#848,.F.);
#172=ORIENTED_EDGE('',*,*,#849,.T.);
#173=ORIENTED_EDGE('',*,*,#850,.T.);
#174=ORIENTED_EDGE('',*,*,#851,.F.);
#175=ORIENTED_EDGE('',*,*,#852,.F.);
#176=ORIENTED_EDGE('',*,*,#853,.T.);
#177=ORIENTED_EDGE('',*,*,#854,.T.);
#178=ORIENTED_EDGE('',*,*,#855,.F.);
#179=ORIENTED_EDGE('',*,*,#856,.F.);
#180=ORIENTED_EDGE('',*,*,#834,.T.);
#181=ORIENTED_EDGE('',*,*,#857,.T.);
#182=ORIENTED_EDGE('',*,*,#858,.T.);
#183=ORIENTED_EDGE('',*,*,#859,.T.);
#184=ORIENTED_EDGE('',*,*,#860,.F.);
#185=ORIENTED_EDGE('',*,*,#861,.T.);
#186=ORIENTED_EDGE('',*,*,#862,.T.);
#187=ORIENTED_EDGE('',*,*,#863,.T.);
#188=ORIENTED_EDGE('',*,*,#839,.T.);
#189=ORIENTED_EDGE('',*,*,#864,.F.);
#190=ORIENTED_EDGE('',*,*,#851,.T.);
#191=ORIENTED_EDGE('',*,*,#865,.T.);
#192=ORIENTED_EDGE('',*,*,#855,.T.);
#193=ORIENTED_EDGE('',*,*,#866,.T.);
#194=ORIENTED_EDGE('',*,*,#867,.T.);
#195=ORIENTED_EDGE('',*,*,#868,.T.);
#196=ORIENTED_EDGE('',*,*,#845,.T.);
#197=ORIENTED_EDGE('',*,*,#869,.F.);
#198=ORIENTED_EDGE('',*,*,#870,.T.);
#199=ORIENTED_EDGE('',*,*,#871,.T.);
#200=ORIENTED_EDGE('',*,*,#872,.F.);
#201=ORIENTED_EDGE('',*,*,#873,.F.);
#202=ORIENTED_EDGE('',*,*,#874,.T.);
#203=ORIENTED_EDGE('',*,*,#875,.T.);
#204=ORIENTED_EDGE('',*,*,#876,.F.);
#205=ORIENTED_EDGE('',*,*,#877,.T.);
#206=ORIENTED_EDGE('',*,*,#878,.T.);
#207=ORIENTED_EDGE('',*,*,#879,.F.);
#208=ORIENTED_EDGE('',*,*,#880,.T.);
#209=ORIENTED_EDGE('',*,*,#881,.T.);
#210=ORIENTED_EDGE('',*,*,#882,.F.);
#211=ORIENTED_EDGE('',*,*,#883,.T.);
#212=ORIENTED_EDGE('',*,*,#884,.T.);
#213=ORIENTED_EDGE('',*,*,#885,.F.);
#214=ORIENTED_EDGE('',*,*,#886,.F.);
#215=ORIENTED_EDGE('',*,*,#887,.T.);
#216=ORIENTED_EDGE('',*,*,#888,.T.);
#217=ORIENTED_EDGE('',*,*,#889,.T.);
#218=ORIENTED_EDGE('',*,*,#890,.F.);
#219=ORIENTED_EDGE('',*,*,#891,.F.);
#220=ORIENTED_EDGE('',*,*,#876,.T.);
#221=ORIENTED_EDGE('',*,*,#892,.F.);
#222=ORIENTED_EDGE('',*,*,#893,.F.);
#223=ORIENTED_EDGE('',*,*,#894,.T.);
#224=ORIENTED_EDGE('',*,*,#895,.T.);
#225=ORIENTED_EDGE('',*,*,#887,.F.);
#226=ORIENTED_EDGE('',*,*,#896,.F.);
#227=ORIENTED_EDGE('',*,*,#897,.F.);
#228=ORIENTED_EDGE('',*,*,#898,.F.);
#229=ORIENTED_EDGE('',*,*,#889,.F.);
#230=ORIENTED_EDGE('',*,*,#899,.T.);
#231=ORIENTED_EDGE('',*,*,#900,.T.);
#232=ORIENTED_EDGE('',*,*,#901,.F.);
#233=ORIENTED_EDGE('',*,*,#902,.F.);
#234=ORIENTED_EDGE('',*,*,#903,.F.);
#235=ORIENTED_EDGE('',*,*,#904,.F.);
#236=ORIENTED_EDGE('',*,*,#905,.F.);
#237=ORIENTED_EDGE('',*,*,#885,.T.);
#238=ORIENTED_EDGE('',*,*,#906,.F.);
#239=ORIENTED_EDGE('',*,*,#907,.F.);
#240=ORIENTED_EDGE('',*,*,#908,.F.);
#241=ORIENTED_EDGE('',*,*,#909,.T.);
#242=ORIENTED_EDGE('',*,*,#910,.T.);
#243=ORIENTED_EDGE('',*,*,#894,.F.);
#244=ORIENTED_EDGE('',*,*,#911,.F.);
#245=ORIENTED_EDGE('',*,*,#912,.T.);
#246=ORIENTED_EDGE('',*,*,#913,.T.);
#247=ORIENTED_EDGE('',*,*,#914,.T.);
#248=ORIENTED_EDGE('',*,*,#915,.F.);
#249=ORIENTED_EDGE('',*,*,#916,.F.);
#250=ORIENTED_EDGE('',*,*,#882,.T.);
#251=ORIENTED_EDGE('',*,*,#917,.F.);
#252=ORIENTED_EDGE('',*,*,#918,.F.);
#253=ORIENTED_EDGE('',*,*,#919,.F.);
#254=ORIENTED_EDGE('',*,*,#920,.F.);
#255=ORIENTED_EDGE('',*,*,#879,.T.);
#256=ORIENTED_EDGE('',*,*,#921,.F.);
#257=ORIENTED_EDGE('',*,*,#922,.F.);
#258=ORIENTED_EDGE('',*,*,#923,.F.);
#259=ORIENTED_EDGE('',*,*,#900,.F.);
#260=ORIENTED_EDGE('',*,*,#924,.T.);
#261=ORIENTED_EDGE('',*,*,#925,.T.);
#262=ORIENTED_EDGE('',*,*,#926,.F.);
#263=ORIENTED_EDGE('',*,*,#927,.F.);
#264=ORIENTED_EDGE('',*,*,#928,.F.);
#265=ORIENTED_EDGE('',*,*,#914,.F.);
#266=ORIENTED_EDGE('',*,*,#929,.T.);
#267=ORIENTED_EDGE('',*,*,#909,.F.);
#268=ORIENTED_EDGE('',*,*,#930,.F.);
#269=ORIENTED_EDGE('',*,*,#925,.F.);
#270=ORIENTED_EDGE('',*,*,#931,.T.);
#271=ORIENTED_EDGE('',*,*,#912,.F.);
#272=ORIENTED_EDGE('',*,*,#932,.F.);
#273=ORIENTED_EDGE('',*,*,#933,.F.);
#274=ORIENTED_EDGE('',*,*,#852,.T.);
#275=ORIENTED_EDGE('',*,*,#934,.T.);
#276=ORIENTED_EDGE('',*,*,#935,.T.);
#277=ORIENTED_EDGE('',*,*,#936,.T.);
#278=ORIENTED_EDGE('',*,*,#937,.T.);
#279=ORIENTED_EDGE('',*,*,#938,.T.);
#280=ORIENTED_EDGE('',*,*,#838,.T.);
#281=ORIENTED_EDGE('',*,*,#939,.T.);
#282=ORIENTED_EDGE('',*,*,#825,.T.);
#283=ORIENTED_EDGE('',*,*,#940,.T.);
#284=ORIENTED_EDGE('',*,*,#941,.T.);
#285=ORIENTED_EDGE('',*,*,#942,.T.);
#286=ORIENTED_EDGE('',*,*,#856,.T.);
#287=ORIENTED_EDGE('',*,*,#943,.T.);
#288=ORIENTED_EDGE('',*,*,#944,.T.);
#289=ORIENTED_EDGE('',*,*,#945,.T.);
#290=ORIENTED_EDGE('',*,*,#946,.F.);
#291=ORIENTED_EDGE('',*,*,#843,.T.);
#292=ORIENTED_EDGE('',*,*,#947,.F.);
#293=ORIENTED_EDGE('',*,*,#948,.F.);
#294=ORIENTED_EDGE('',*,*,#949,.F.);
#295=ORIENTED_EDGE('',*,*,#950,.F.);
#296=ORIENTED_EDGE('',*,*,#951,.F.);
#297=ORIENTED_EDGE('',*,*,#952,.F.);
#298=ORIENTED_EDGE('',*,*,#848,.T.);
#299=ORIENTED_EDGE('',*,*,#953,.F.);
#300=ORIENTED_EDGE('',*,*,#954,.F.);
#301=ORIENTED_EDGE('',*,*,#955,.F.);
#302=ORIENTED_EDGE('',*,*,#956,.F.);
#303=ORIENTED_EDGE('',*,*,#957,.F.);
#304=ORIENTED_EDGE('',*,*,#958,.F.);
#305=ORIENTED_EDGE('',*,*,#860,.T.);
#306=ORIENTED_EDGE('',*,*,#959,.F.);
#307=ORIENTED_EDGE('',*,*,#960,.F.);
#308=ORIENTED_EDGE('',*,*,#961,.F.);
#309=ORIENTED_EDGE('',*,*,#962,.F.);
#310=ORIENTED_EDGE('',*,*,#963,.F.);
#311=ORIENTED_EDGE('',*,*,#964,.F.);
#312=ORIENTED_EDGE('',*,*,#821,.T.);
#313=ORIENTED_EDGE('',*,*,#965,.F.);
#314=ORIENTED_EDGE('',*,*,#966,.F.);
#315=ORIENTED_EDGE('',*,*,#967,.F.);
#316=ORIENTED_EDGE('',*,*,#968,.F.);
#317=ORIENTED_EDGE('',*,*,#969,.F.);
#318=ORIENTED_EDGE('',*,*,#830,.T.);
#319=ORIENTED_EDGE('',*,*,#942,.F.);
#320=ORIENTED_EDGE('',*,*,#970,.F.);
#321=ORIENTED_EDGE('',*,*,#939,.F.);
#322=ORIENTED_EDGE('',*,*,#835,.T.);
#323=ORIENTED_EDGE('',*,*,#945,.F.);
#324=ORIENTED_EDGE('',*,*,#971,.F.);
#325=ORIENTED_EDGE('',*,*,#940,.F.);
#326=ORIENTED_EDGE('',*,*,#864,.T.);
#327=ORIENTED_EDGE('',*,*,#938,.F.);
#328=ORIENTED_EDGE('',*,*,#972,.F.);
#329=ORIENTED_EDGE('',*,*,#934,.F.);
#330=ORIENTED_EDGE('',*,*,#869,.T.);
#331=ORIENTED_EDGE('',*,*,#936,.F.);
#332=ORIENTED_EDGE('',*,*,#973,.F.);
#333=ORIENTED_EDGE('',*,*,#943,.F.);
#334=ORIENTED_EDGE('',*,*,#941,.F.);
#335=ORIENTED_EDGE('',*,*,#974,.F.);
#336=ORIENTED_EDGE('',*,*,#975,.T.);
#337=ORIENTED_EDGE('',*,*,#976,.T.);
#338=ORIENTED_EDGE('',*,*,#970,.T.);
#339=ORIENTED_EDGE('',*,*,#976,.F.);
#340=ORIENTED_EDGE('',*,*,#977,.F.);
#341=ORIENTED_EDGE('',*,*,#978,.T.);
#342=ORIENTED_EDGE('',*,*,#971,.T.);
#343=ORIENTED_EDGE('',*,*,#979,.F.);
#344=ORIENTED_EDGE('',*,*,#980,.F.);
#345=ORIENTED_EDGE('',*,*,#974,.T.);
#346=ORIENTED_EDGE('',*,*,#937,.F.);
#347=ORIENTED_EDGE('',*,*,#978,.F.);
#348=ORIENTED_EDGE('',*,*,#981,.T.);
#349=ORIENTED_EDGE('',*,*,#982,.T.);
#350=ORIENTED_EDGE('',*,*,#944,.F.);
#351=ORIENTED_EDGE('',*,*,#983,.F.);
#352=ORIENTED_EDGE('',*,*,#984,.T.);
#353=ORIENTED_EDGE('',*,*,#979,.T.);
#354=ORIENTED_EDGE('',*,*,#972,.T.);
#355=ORIENTED_EDGE('',*,*,#982,.F.);
#356=ORIENTED_EDGE('',*,*,#985,.F.);
#357=ORIENTED_EDGE('',*,*,#986,.T.);
#358=ORIENTED_EDGE('',*,*,#973,.T.);
#359=ORIENTED_EDGE('',*,*,#987,.F.);
#360=ORIENTED_EDGE('',*,*,#988,.F.);
#361=ORIENTED_EDGE('',*,*,#983,.T.);
#362=ORIENTED_EDGE('',*,*,#935,.F.);
#363=ORIENTED_EDGE('',*,*,#986,.F.);
#364=ORIENTED_EDGE('',*,*,#989,.T.);
#365=ORIENTED_EDGE('',*,*,#987,.T.);
#366=ORIENTED_EDGE('',*,*,#913,.F.);
#367=ORIENTED_EDGE('',*,*,#990,.F.);
#368=ORIENTED_EDGE('',*,*,#989,.F.);
#369=ORIENTED_EDGE('',*,*,#991,.F.);
#370=ORIENTED_EDGE('',*,*,#981,.F.);
#371=ORIENTED_EDGE('',*,*,#992,.F.);
#372=ORIENTED_EDGE('',*,*,#910,.F.);
#373=ORIENTED_EDGE('',*,*,#993,.F.);
#374=ORIENTED_EDGE('',*,*,#888,.F.);
#375=ORIENTED_EDGE('',*,*,#994,.F.);
#376=ORIENTED_EDGE('',*,*,#975,.F.);
#377=ORIENTED_EDGE('',*,*,#995,.F.);
#378=ORIENTED_EDGE('',*,*,#924,.F.);
#379=ORIENTED_EDGE('',*,*,#996,.F.);
#380=ORIENTED_EDGE('',*,*,#984,.F.);
#381=ORIENTED_EDGE('',*,*,#997,.F.);
#382=ORIENTED_EDGE('',*,*,#895,.F.);
#383=ORIENTED_EDGE('',*,*,#992,.T.);
#384=ORIENTED_EDGE('',*,*,#977,.T.);
#385=ORIENTED_EDGE('',*,*,#994,.T.);
#386=ORIENTED_EDGE('',*,*,#899,.F.);
#387=ORIENTED_EDGE('',*,*,#995,.T.);
#388=ORIENTED_EDGE('',*,*,#980,.T.);
#389=ORIENTED_EDGE('',*,*,#996,.T.);
#390=ORIENTED_EDGE('',*,*,#929,.F.);
#391=ORIENTED_EDGE('',*,*,#991,.T.);
#392=ORIENTED_EDGE('',*,*,#985,.T.);
#393=ORIENTED_EDGE('',*,*,#993,.T.);
#394=ORIENTED_EDGE('',*,*,#931,.F.);
#395=ORIENTED_EDGE('',*,*,#997,.T.);
#396=ORIENTED_EDGE('',*,*,#988,.T.);
#397=ORIENTED_EDGE('',*,*,#990,.T.);
#398=ORIENTED_EDGE('',*,*,#998,.T.);
#399=ORIENTED_EDGE('',*,*,#999,.T.);
#400=ORIENTED_EDGE('',*,*,#1000,.T.);
#401=ORIENTED_EDGE('',*,*,#1001,.T.);
#402=ORIENTED_EDGE('',*,*,#1002,.T.);
#403=ORIENTED_EDGE('',*,*,#1003,.T.);
#404=ORIENTED_EDGE('',*,*,#880,.F.);
#405=ORIENTED_EDGE('',*,*,#920,.T.);
#406=ORIENTED_EDGE('',*,*,#1004,.F.);
#407=ORIENTED_EDGE('',*,*,#1003,.F.);
#408=ORIENTED_EDGE('',*,*,#1005,.T.);
#409=ORIENTED_EDGE('',*,*,#881,.F.);
#410=ORIENTED_EDGE('',*,*,#1005,.F.);
#411=ORIENTED_EDGE('',*,*,#1002,.F.);
#412=ORIENTED_EDGE('',*,*,#1006,.T.);
#413=ORIENTED_EDGE('',*,*,#917,.T.);
#414=ORIENTED_EDGE('',*,*,#932,.T.);
#415=ORIENTED_EDGE('',*,*,#911,.T.);
#416=ORIENTED_EDGE('',*,*,#1006,.F.);
#417=ORIENTED_EDGE('',*,*,#1001,.F.);
#418=ORIENTED_EDGE('',*,*,#1007,.T.);
#419=ORIENTED_EDGE('',*,*,#1008,.T.);
#420=ORIENTED_EDGE('',*,*,#933,.T.);
#421=ORIENTED_EDGE('',*,*,#1007,.F.);
#422=ORIENTED_EDGE('',*,*,#1000,.F.);
#423=ORIENTED_EDGE('',*,*,#1009,.T.);
#424=ORIENTED_EDGE('',*,*,#918,.T.);
#425=ORIENTED_EDGE('',*,*,#930,.T.);
#426=ORIENTED_EDGE('',*,*,#1008,.F.);
#427=ORIENTED_EDGE('',*,*,#999,.F.);
#428=ORIENTED_EDGE('',*,*,#1004,.T.);
#429=ORIENTED_EDGE('',*,*,#919,.T.);
#430=ORIENTED_EDGE('',*,*,#1009,.F.);
#431=ORIENTED_EDGE('',*,*,#998,.F.);
#432=ORIENTED_EDGE('',*,*,#1010,.T.);
#433=ORIENTED_EDGE('',*,*,#1011,.T.);
#434=ORIENTED_EDGE('',*,*,#1012,.T.);
#435=ORIENTED_EDGE('',*,*,#1013,.T.);
#436=ORIENTED_EDGE('',*,*,#1014,.T.);
#437=ORIENTED_EDGE('',*,*,#1015,.T.);
#438=ORIENTED_EDGE('',*,*,#883,.F.);
#439=ORIENTED_EDGE('',*,*,#916,.T.);
#440=ORIENTED_EDGE('',*,*,#1016,.F.);
#441=ORIENTED_EDGE('',*,*,#1013,.F.);
#442=ORIENTED_EDGE('',*,*,#1017,.T.);
#443=ORIENTED_EDGE('',*,*,#884,.F.);
#444=ORIENTED_EDGE('',*,*,#1017,.F.);
#445=ORIENTED_EDGE('',*,*,#1012,.F.);
#446=ORIENTED_EDGE('',*,*,#1018,.T.);
#447=ORIENTED_EDGE('',*,*,#906,.T.);
#448=ORIENTED_EDGE('',*,*,#1019,.T.);
#449=ORIENTED_EDGE('',*,*,#927,.T.);
#450=ORIENTED_EDGE('',*,*,#1020,.F.);
#451=ORIENTED_EDGE('',*,*,#1015,.F.);
#452=ORIENTED_EDGE('',*,*,#1016,.T.);
#453=ORIENTED_EDGE('',*,*,#915,.T.);
#454=ORIENTED_EDGE('',*,*,#928,.T.);
#455=ORIENTED_EDGE('',*,*,#1019,.F.);
#456=ORIENTED_EDGE('',*,*,#1014,.F.);
#457=ORIENTED_EDGE('',*,*,#926,.T.);
#458=ORIENTED_EDGE('',*,*,#908,.T.);
#459=ORIENTED_EDGE('',*,*,#1021,.F.);
#460=ORIENTED_EDGE('',*,*,#1010,.F.);
#461=ORIENTED_EDGE('',*,*,#1020,.T.);
#462=ORIENTED_EDGE('',*,*,#1021,.T.);
#463=ORIENTED_EDGE('',*,*,#907,.T.);
#464=ORIENTED_EDGE('',*,*,#1018,.F.);
#465=ORIENTED_EDGE('',*,*,#1011,.F.);
#466=ORIENTED_EDGE('',*,*,#1022,.T.);
#467=ORIENTED_EDGE('',*,*,#1023,.T.);
#468=ORIENTED_EDGE('',*,*,#1024,.T.);
#469=ORIENTED_EDGE('',*,*,#1025,.T.);
#470=ORIENTED_EDGE('',*,*,#1026,.T.);
#471=ORIENTED_EDGE('',*,*,#1027,.T.);
#472=ORIENTED_EDGE('',*,*,#877,.F.);
#473=ORIENTED_EDGE('',*,*,#891,.T.);
#474=ORIENTED_EDGE('',*,*,#1028,.F.);
#475=ORIENTED_EDGE('',*,*,#1023,.F.);
#476=ORIENTED_EDGE('',*,*,#1029,.T.);
#477=ORIENTED_EDGE('',*,*,#878,.F.);
#478=ORIENTED_EDGE('',*,*,#1029,.F.);
#479=ORIENTED_EDGE('',*,*,#1022,.F.);
#480=ORIENTED_EDGE('',*,*,#1030,.T.);
#481=ORIENTED_EDGE('',*,*,#921,.T.);
#482=ORIENTED_EDGE('',*,*,#1031,.T.);
#483=ORIENTED_EDGE('',*,*,#922,.T.);
#484=ORIENTED_EDGE('',*,*,#1030,.F.);
#485=ORIENTED_EDGE('',*,*,#1027,.F.);
#486=ORIENTED_EDGE('',*,*,#1032,.T.);
#487=ORIENTED_EDGE('',*,*,#901,.T.);
#488=ORIENTED_EDGE('',*,*,#923,.T.);
#489=ORIENTED_EDGE('',*,*,#1031,.F.);
#490=ORIENTED_EDGE('',*,*,#1026,.F.);
#491=ORIENTED_EDGE('',*,*,#1033,.T.);
#492=ORIENTED_EDGE('',*,*,#902,.T.);
#493=ORIENTED_EDGE('',*,*,#1032,.F.);
#494=ORIENTED_EDGE('',*,*,#1025,.F.);
#495=ORIENTED_EDGE('',*,*,#1028,.T.);
#496=ORIENTED_EDGE('',*,*,#890,.T.);
#497=ORIENTED_EDGE('',*,*,#898,.T.);
#498=ORIENTED_EDGE('',*,*,#1033,.F.);
#499=ORIENTED_EDGE('',*,*,#1024,.F.);
#500=ORIENTED_EDGE('',*,*,#1034,.T.);
#501=ORIENTED_EDGE('',*,*,#1035,.T.);
#502=ORIENTED_EDGE('',*,*,#1036,.T.);
#503=ORIENTED_EDGE('',*,*,#1037,.T.);
#504=ORIENTED_EDGE('',*,*,#1038,.T.);
#505=ORIENTED_EDGE('',*,*,#1039,.T.);
#506=ORIENTED_EDGE('',*,*,#874,.F.);
#507=ORIENTED_EDGE('',*,*,#905,.T.);
#508=ORIENTED_EDGE('',*,*,#1040,.F.);
#509=ORIENTED_EDGE('',*,*,#1038,.F.);
#510=ORIENTED_EDGE('',*,*,#1041,.T.);
#511=ORIENTED_EDGE('',*,*,#875,.F.);
#512=ORIENTED_EDGE('',*,*,#1041,.F.);
#513=ORIENTED_EDGE('',*,*,#1037,.F.);
#514=ORIENTED_EDGE('',*,*,#1042,.T.);
#515=ORIENTED_EDGE('',*,*,#892,.T.);
#516=ORIENTED_EDGE('',*,*,#1040,.T.);
#517=ORIENTED_EDGE('',*,*,#904,.T.);
#518=ORIENTED_EDGE('',*,*,#1043,.F.);
#519=ORIENTED_EDGE('',*,*,#1039,.F.);
#520=ORIENTED_EDGE('',*,*,#903,.T.);
#521=ORIENTED_EDGE('',*,*,#893,.T.);
#522=ORIENTED_EDGE('',*,*,#1044,.F.);
#523=ORIENTED_EDGE('',*,*,#1034,.F.);
#524=ORIENTED_EDGE('',*,*,#1043,.T.);
#525=ORIENTED_EDGE('',*,*,#896,.T.);
#526=ORIENTED_EDGE('',*,*,#886,.T.);
#527=ORIENTED_EDGE('',*,*,#1042,.F.);
#528=ORIENTED_EDGE('',*,*,#1036,.F.);
#529=ORIENTED_EDGE('',*,*,#1045,.T.);
#530=ORIENTED_EDGE('',*,*,#1044,.T.);
#531=ORIENTED_EDGE('',*,*,#897,.T.);
#532=ORIENTED_EDGE('',*,*,#1045,.F.);
#533=ORIENTED_EDGE('',*,*,#1035,.F.);
#534=ORIENTED_EDGE('',*,*,#847,.F.);
#535=ORIENTED_EDGE('',*,*,#1046,.T.);
#536=ORIENTED_EDGE('',*,*,#953,.T.);
#537=ORIENTED_EDGE('',*,*,#861,.F.);
#538=ORIENTED_EDGE('',*,*,#958,.T.);
#539=ORIENTED_EDGE('',*,*,#1047,.F.);
#540=ORIENTED_EDGE('',*,*,#853,.F.);
#541=ORIENTED_EDGE('',*,*,#1047,.T.);
#542=ORIENTED_EDGE('',*,*,#957,.T.);
#543=ORIENTED_EDGE('',*,*,#1048,.F.);
#544=ORIENTED_EDGE('',*,*,#854,.F.);
#545=ORIENTED_EDGE('',*,*,#1048,.T.);
#546=ORIENTED_EDGE('',*,*,#956,.T.);
#547=ORIENTED_EDGE('',*,*,#1049,.F.);
#548=ORIENTED_EDGE('',*,*,#866,.F.);
#549=ORIENTED_EDGE('',*,*,#867,.F.);
#550=ORIENTED_EDGE('',*,*,#1049,.T.);
#551=ORIENTED_EDGE('',*,*,#955,.T.);
#552=ORIENTED_EDGE('',*,*,#1050,.F.);
#553=ORIENTED_EDGE('',*,*,#846,.F.);
#554=ORIENTED_EDGE('',*,*,#868,.F.);
#555=ORIENTED_EDGE('',*,*,#1050,.T.);
#556=ORIENTED_EDGE('',*,*,#954,.T.);
#557=ORIENTED_EDGE('',*,*,#1046,.F.);
#558=ORIENTED_EDGE('',*,*,#842,.F.);
#559=ORIENTED_EDGE('',*,*,#1051,.T.);
#560=ORIENTED_EDGE('',*,*,#947,.T.);
#561=ORIENTED_EDGE('',*,*,#849,.F.);
#562=ORIENTED_EDGE('',*,*,#952,.T.);
#563=ORIENTED_EDGE('',*,*,#1052,.F.);
#564=ORIENTED_EDGE('',*,*,#840,.F.);
#565=ORIENTED_EDGE('',*,*,#863,.F.);
#566=ORIENTED_EDGE('',*,*,#1053,.T.);
#567=ORIENTED_EDGE('',*,*,#949,.T.);
#568=ORIENTED_EDGE('',*,*,#1054,.F.);
#569=ORIENTED_EDGE('',*,*,#841,.F.);
#570=ORIENTED_EDGE('',*,*,#1054,.T.);
#571=ORIENTED_EDGE('',*,*,#948,.T.);
#572=ORIENTED_EDGE('',*,*,#1051,.F.);
#573=ORIENTED_EDGE('',*,*,#850,.F.);
#574=ORIENTED_EDGE('',*,*,#1052,.T.);
#575=ORIENTED_EDGE('',*,*,#951,.T.);
#576=ORIENTED_EDGE('',*,*,#1055,.F.);
#577=ORIENTED_EDGE('',*,*,#865,.F.);
#578=ORIENTED_EDGE('',*,*,#862,.F.);
#579=ORIENTED_EDGE('',*,*,#1055,.T.);
#580=ORIENTED_EDGE('',*,*,#950,.T.);
#581=ORIENTED_EDGE('',*,*,#1053,.F.);
#582=ORIENTED_EDGE('',*,*,#822,.F.);
#583=ORIENTED_EDGE('',*,*,#964,.T.);
#584=ORIENTED_EDGE('',*,*,#1056,.F.);
#585=ORIENTED_EDGE('',*,*,#859,.F.);
#586=ORIENTED_EDGE('',*,*,#1057,.T.);
#587=ORIENTED_EDGE('',*,*,#959,.T.);
#588=ORIENTED_EDGE('',*,*,#823,.F.);
#589=ORIENTED_EDGE('',*,*,#1056,.T.);
#590=ORIENTED_EDGE('',*,*,#963,.T.);
#591=ORIENTED_EDGE('',*,*,#1058,.F.);
#592=ORIENTED_EDGE('',*,*,#831,.F.);
#593=ORIENTED_EDGE('',*,*,#832,.F.);
#594=ORIENTED_EDGE('',*,*,#1058,.T.);
#595=ORIENTED_EDGE('',*,*,#962,.T.);
#596=ORIENTED_EDGE('',*,*,#1059,.F.);
#597=ORIENTED_EDGE('',*,*,#833,.F.);
#598=ORIENTED_EDGE('',*,*,#1059,.T.);
#599=ORIENTED_EDGE('',*,*,#961,.T.);
#600=ORIENTED_EDGE('',*,*,#1060,.F.);
#601=ORIENTED_EDGE('',*,*,#857,.F.);
#602=ORIENTED_EDGE('',*,*,#858,.F.);
#603=ORIENTED_EDGE('',*,*,#1060,.T.);
#604=ORIENTED_EDGE('',*,*,#960,.T.);
#605=ORIENTED_EDGE('',*,*,#1057,.F.);
#606=ORIENTED_EDGE('',*,*,#820,.F.);
#607=ORIENTED_EDGE('',*,*,#1061,.T.);
#608=ORIENTED_EDGE('',*,*,#965,.T.);
#609=ORIENTED_EDGE('',*,*,#844,.F.);
#610=ORIENTED_EDGE('',*,*,#946,.T.);
#611=ORIENTED_EDGE('',*,*,#1062,.F.);
#612=ORIENTED_EDGE('',*,*,#827,.F.);
#613=ORIENTED_EDGE('',*,*,#837,.F.);
#614=ORIENTED_EDGE('',*,*,#1063,.T.);
#615=ORIENTED_EDGE('',*,*,#968,.T.);
#616=ORIENTED_EDGE('',*,*,#1064,.F.);
#617=ORIENTED_EDGE('',*,*,#828,.F.);
#618=ORIENTED_EDGE('',*,*,#1064,.T.);
#619=ORIENTED_EDGE('',*,*,#967,.T.);
#620=ORIENTED_EDGE('',*,*,#1065,.F.);
#621=ORIENTED_EDGE('',*,*,#819,.F.);
#622=ORIENTED_EDGE('',*,*,#829,.F.);
#623=ORIENTED_EDGE('',*,*,#1065,.T.);
#624=ORIENTED_EDGE('',*,*,#966,.T.);
#625=ORIENTED_EDGE('',*,*,#1061,.F.);
#626=ORIENTED_EDGE('',*,*,#836,.F.);
#627=ORIENTED_EDGE('',*,*,#1062,.T.);
#628=ORIENTED_EDGE('',*,*,#969,.T.);
#629=ORIENTED_EDGE('',*,*,#1063,.F.);
#630=ORIENTED_EDGE('',*,*,#870,.F.);
#631=ORIENTED_EDGE('',*,*,#1066,.F.);
#632=ORIENTED_EDGE('',*,*,#810,.T.);
#633=ORIENTED_EDGE('',*,*,#1067,.T.);
#634=ORIENTED_EDGE('',*,*,#873,.T.);
#635=ORIENTED_EDGE('',*,*,#1068,.F.);
#636=ORIENTED_EDGE('',*,*,#811,.F.);
#637=ORIENTED_EDGE('',*,*,#1066,.T.);
#638=ORIENTED_EDGE('',*,*,#872,.T.);
#639=ORIENTED_EDGE('',*,*,#1069,.F.);
#640=ORIENTED_EDGE('',*,*,#812,.F.);
#641=ORIENTED_EDGE('',*,*,#1068,.T.);
#642=ORIENTED_EDGE('',*,*,#871,.F.);
#643=ORIENTED_EDGE('',*,*,#1067,.F.);
#644=ORIENTED_EDGE('',*,*,#813,.T.);
#645=ORIENTED_EDGE('',*,*,#1069,.T.);
#646=ORIENTED_EDGE('',*,*,#1070,.T.);
#647=ORIENTED_EDGE('',*,*,#1071,.F.);
#648=ORIENTED_EDGE('',*,*,#814,.T.);
#649=ORIENTED_EDGE('',*,*,#1072,.T.);
#650=ORIENTED_EDGE('',*,*,#1073,.T.);
#651=ORIENTED_EDGE('',*,*,#1072,.F.);
#652=ORIENTED_EDGE('',*,*,#817,.T.);
#653=ORIENTED_EDGE('',*,*,#1074,.T.);
#654=ORIENTED_EDGE('',*,*,#1074,.F.);
#655=ORIENTED_EDGE('',*,*,#816,.F.);
#656=ORIENTED_EDGE('',*,*,#1075,.T.);
#657=ORIENTED_EDGE('',*,*,#1076,.F.);
#658=ORIENTED_EDGE('',*,*,#1075,.F.);
#659=ORIENTED_EDGE('',*,*,#815,.F.);
#660=ORIENTED_EDGE('',*,*,#1071,.T.);
#661=ORIENTED_EDGE('',*,*,#1077,.F.);
#662=ORIENTED_EDGE('',*,*,#1073,.F.);
#663=ORIENTED_EDGE('',*,*,#1076,.T.);
#664=ORIENTED_EDGE('',*,*,#1077,.T.);
#665=ORIENTED_EDGE('',*,*,#1070,.F.);
#666=ORIENTED_EDGE('',*,*,#1078,.F.);
#667=ORIENTED_EDGE('',*,*,#1079,.T.);
#668=ORIENTED_EDGE('',*,*,#1080,.T.);
#669=ORIENTED_EDGE('',*,*,#1081,.F.);
#670=ORIENTED_EDGE('',*,*,#1080,.F.);
#671=ORIENTED_EDGE('',*,*,#1082,.T.);
#672=ORIENTED_EDGE('',*,*,#1083,.T.);
#673=ORIENTED_EDGE('',*,*,#1084,.F.);
#674=ORIENTED_EDGE('',*,*,#1085,.F.);
#675=ORIENTED_EDGE('',*,*,#1082,.F.);
#676=ORIENTED_EDGE('',*,*,#1079,.F.);
#677=ORIENTED_EDGE('',*,*,#1086,.F.);
#678=ORIENTED_EDGE('',*,*,#1087,.F.);
#679=ORIENTED_EDGE('',*,*,#1088,.F.);
#680=ORIENTED_EDGE('',*,*,#1089,.T.);
#681=ORIENTED_EDGE('',*,*,#1081,.T.);
#682=ORIENTED_EDGE('',*,*,#1084,.T.);
#683=ORIENTED_EDGE('',*,*,#1090,.T.);
#684=ORIENTED_EDGE('',*,*,#1091,.T.);
#685=ORIENTED_EDGE('',*,*,#1092,.T.);
#686=ORIENTED_EDGE('',*,*,#1093,.F.);
#687=ORIENTED_EDGE('',*,*,#1086,.T.);
#688=ORIENTED_EDGE('',*,*,#1078,.T.);
#689=ORIENTED_EDGE('',*,*,#1089,.F.);
#690=ORIENTED_EDGE('',*,*,#1087,.T.);
#691=ORIENTED_EDGE('',*,*,#1093,.T.);
#692=ORIENTED_EDGE('',*,*,#1092,.F.);
#693=ORIENTED_EDGE('',*,*,#1094,.F.);
#694=ORIENTED_EDGE('',*,*,#1095,.F.);
#695=ORIENTED_EDGE('',*,*,#1088,.T.);
#696=ORIENTED_EDGE('',*,*,#1094,.T.);
#697=ORIENTED_EDGE('',*,*,#1091,.F.);
#698=ORIENTED_EDGE('',*,*,#1083,.F.);
#699=ORIENTED_EDGE('',*,*,#1085,.T.);
#700=ORIENTED_EDGE('',*,*,#1095,.T.);
#701=ORIENTED_EDGE('',*,*,#1090,.F.);
#702=ORIENTED_EDGE('',*,*,#1096,.F.);
#703=ORIENTED_EDGE('',*,*,#1097,.T.);
#704=ORIENTED_EDGE('',*,*,#1098,.T.);
#705=ORIENTED_EDGE('',*,*,#1099,.F.);
#706=ORIENTED_EDGE('',*,*,#1098,.F.);
#707=ORIENTED_EDGE('',*,*,#1100,.T.);
#708=ORIENTED_EDGE('',*,*,#1101,.T.);
#709=ORIENTED_EDGE('',*,*,#1102,.F.);
#710=ORIENTED_EDGE('',*,*,#1103,.F.);
#711=ORIENTED_EDGE('',*,*,#1104,.T.);
#712=ORIENTED_EDGE('',*,*,#1105,.T.);
#713=ORIENTED_EDGE('',*,*,#1106,.F.);
#714=ORIENTED_EDGE('',*,*,#1105,.F.);
#715=ORIENTED_EDGE('',*,*,#1107,.T.);
#716=ORIENTED_EDGE('',*,*,#1096,.T.);
#717=ORIENTED_EDGE('',*,*,#1108,.F.);
#718=ORIENTED_EDGE('',*,*,#1100,.F.);
#719=ORIENTED_EDGE('',*,*,#1097,.F.);
#720=ORIENTED_EDGE('',*,*,#1107,.F.);
#721=ORIENTED_EDGE('',*,*,#1104,.F.);
#722=ORIENTED_EDGE('',*,*,#1109,.F.);
#723=ORIENTED_EDGE('',*,*,#1110,.F.);
#724=ORIENTED_EDGE('',*,*,#1108,.T.);
#725=ORIENTED_EDGE('',*,*,#1099,.T.);
#726=ORIENTED_EDGE('',*,*,#1102,.T.);
#727=ORIENTED_EDGE('',*,*,#1111,.T.);
#728=ORIENTED_EDGE('',*,*,#1112,.T.);
#729=ORIENTED_EDGE('',*,*,#1106,.T.);
#730=ORIENTED_EDGE('',*,*,#1112,.F.);
#731=ORIENTED_EDGE('',*,*,#1113,.F.);
#732=ORIENTED_EDGE('',*,*,#1109,.T.);
#733=ORIENTED_EDGE('',*,*,#1103,.T.);
#734=ORIENTED_EDGE('',*,*,#1101,.F.);
#735=ORIENTED_EDGE('',*,*,#1110,.T.);
#736=ORIENTED_EDGE('',*,*,#1113,.T.);
#737=ORIENTED_EDGE('',*,*,#1111,.F.);
#738=ORIENTED_EDGE('',*,*,#1114,.F.);
#739=ORIENTED_EDGE('',*,*,#1115,.T.);
#740=ORIENTED_EDGE('',*,*,#1116,.T.);
#741=ORIENTED_EDGE('',*,*,#1117,.F.);
#742=ORIENTED_EDGE('',*,*,#1118,.F.);
#743=ORIENTED_EDGE('',*,*,#1119,.T.);
#744=ORIENTED_EDGE('',*,*,#1120,.T.);
#745=ORIENTED_EDGE('',*,*,#1121,.F.);
#746=ORIENTED_EDGE('',*,*,#1122,.F.);
#747=ORIENTED_EDGE('',*,*,#1123,.T.);
#748=ORIENTED_EDGE('',*,*,#1124,.T.);
#749=ORIENTED_EDGE('',*,*,#1125,.F.);
#750=ORIENTED_EDGE('',*,*,#1116,.F.);
#751=ORIENTED_EDGE('',*,*,#1126,.T.);
#752=ORIENTED_EDGE('',*,*,#1122,.T.);
#753=ORIENTED_EDGE('',*,*,#1127,.F.);
#754=ORIENTED_EDGE('',*,*,#1120,.F.);
#755=ORIENTED_EDGE('',*,*,#1128,.T.);
#756=ORIENTED_EDGE('',*,*,#1114,.T.);
#757=ORIENTED_EDGE('',*,*,#1129,.F.);
#758=ORIENTED_EDGE('',*,*,#1123,.F.);
#759=ORIENTED_EDGE('',*,*,#1126,.F.);
#760=ORIENTED_EDGE('',*,*,#1115,.F.);
#761=ORIENTED_EDGE('',*,*,#1128,.F.);
#762=ORIENTED_EDGE('',*,*,#1119,.F.);
#763=ORIENTED_EDGE('',*,*,#1130,.F.);
#764=ORIENTED_EDGE('',*,*,#1129,.T.);
#765=ORIENTED_EDGE('',*,*,#1117,.T.);
#766=ORIENTED_EDGE('',*,*,#1127,.T.);
#767=ORIENTED_EDGE('',*,*,#1125,.T.);
#768=ORIENTED_EDGE('',*,*,#1131,.T.);
#769=ORIENTED_EDGE('',*,*,#1121,.T.);
#770=ORIENTED_EDGE('',*,*,#1131,.F.);
#771=ORIENTED_EDGE('',*,*,#1124,.F.);
#772=ORIENTED_EDGE('',*,*,#1130,.T.);
#773=ORIENTED_EDGE('',*,*,#1118,.T.);
#774=ORIENTED_EDGE('',*,*,#1132,.F.);
#775=ORIENTED_EDGE('',*,*,#1133,.T.);
#776=ORIENTED_EDGE('',*,*,#1134,.T.);
#777=ORIENTED_EDGE('',*,*,#1135,.F.);
#778=ORIENTED_EDGE('',*,*,#1136,.F.);
#779=ORIENTED_EDGE('',*,*,#1137,.F.);
#780=ORIENTED_EDGE('',*,*,#1133,.F.);
#781=ORIENTED_EDGE('',*,*,#1138,.F.);
#782=ORIENTED_EDGE('',*,*,#1139,.F.);
#783=ORIENTED_EDGE('',*,*,#1140,.F.);
#784=ORIENTED_EDGE('',*,*,#1141,.T.);
#785=ORIENTED_EDGE('',*,*,#1142,.T.);
#786=ORIENTED_EDGE('',*,*,#1143,.T.);
#787=ORIENTED_EDGE('',*,*,#1135,.T.);
#788=ORIENTED_EDGE('',*,*,#1144,.T.);
#789=ORIENTED_EDGE('',*,*,#1145,.T.);
#790=ORIENTED_EDGE('',*,*,#1146,.F.);
#791=ORIENTED_EDGE('',*,*,#1140,.T.);
#792=ORIENTED_EDGE('',*,*,#1147,.T.);
#793=ORIENTED_EDGE('',*,*,#1141,.F.);
#794=ORIENTED_EDGE('',*,*,#1147,.F.);
#795=ORIENTED_EDGE('',*,*,#1139,.T.);
#796=ORIENTED_EDGE('',*,*,#1148,.T.);
#797=ORIENTED_EDGE('',*,*,#1142,.F.);
#798=ORIENTED_EDGE('',*,*,#1136,.T.);
#799=ORIENTED_EDGE('',*,*,#1146,.T.);
#800=ORIENTED_EDGE('',*,*,#1145,.F.);
#801=ORIENTED_EDGE('',*,*,#1149,.F.);
#802=ORIENTED_EDGE('',*,*,#1148,.F.);
#803=ORIENTED_EDGE('',*,*,#1138,.T.);
#804=ORIENTED_EDGE('',*,*,#1132,.T.);
#805=ORIENTED_EDGE('',*,*,#1143,.F.);
#806=ORIENTED_EDGE('',*,*,#1134,.F.);
#807=ORIENTED_EDGE('',*,*,#1137,.T.);
#808=ORIENTED_EDGE('',*,*,#1149,.T.);
#809=ORIENTED_EDGE('',*,*,#1144,.F.);
#810=EDGE_CURVE('',#1150,#1151,#1366,.T.);
#811=EDGE_CURVE('',#1150,#1152,#1367,.T.);
#812=EDGE_CURVE('',#1152,#1153,#1368,.T.);
#813=EDGE_CURVE('',#1151,#1153,#1369,.T.);
#814=EDGE_CURVE('',#1154,#1155,#1370,.T.);
#815=EDGE_CURVE('',#1154,#1156,#1371,.T.);
#816=EDGE_CURVE('',#1156,#1157,#1372,.T.);
#817=EDGE_CURVE('',#1155,#1157,#1373,.T.);
#818=EDGE_CURVE('',#1158,#1159,#52,.T.);
#819=EDGE_CURVE('',#1158,#1160,#24,.F.);
#820=EDGE_CURVE('',#1160,#1161,#53,.F.);
#821=EDGE_CURVE('',#1162,#1161,#1374,.F.);
#822=EDGE_CURVE('',#1162,#1163,#25,.F.);
#823=EDGE_CURVE('',#1163,#1164,#26,.F.);
#824=EDGE_CURVE('',#1165,#1164,#54,.T.);
#825=EDGE_CURVE('',#1159,#1165,#1375,.T.);
#826=EDGE_CURVE('',#1166,#1167,#55,.F.);
#827=EDGE_CURVE('',#1166,#1168,#56,.F.);
#828=EDGE_CURVE('',#1168,#1169,#57,.F.);
#829=EDGE_CURVE('',#1169,#1158,#58,.F.);
#830=EDGE_CURVE('',#1167,#1159,#59,.F.);
#831=EDGE_CURVE('',#1164,#1170,#60,.F.);
#832=EDGE_CURVE('',#1170,#1171,#61,.F.);
#833=EDGE_CURVE('',#1171,#1172,#62,.F.);
#834=EDGE_CURVE('',#1173,#1172,#63,.F.);
#835=EDGE_CURVE('',#1165,#1173,#64,.F.);
#836=EDGE_CURVE('',#1174,#1175,#27,.F.);
#837=EDGE_CURVE('',#1175,#1166,#1376,.T.);
#838=EDGE_CURVE('',#1176,#1167,#1377,.T.);
#839=EDGE_CURVE('',#1177,#1176,#65,.T.);
#840=EDGE_CURVE('',#1177,#1178,#1378,.T.);
#841=EDGE_CURVE('',#1178,#1179,#28,.F.);
#842=EDGE_CURVE('',#1179,#1180,#29,.F.);
#843=EDGE_CURVE('',#1181,#1180,#1379,.F.);
#844=EDGE_CURVE('',#1181,#1174,#30,.F.);
#845=EDGE_CURVE('',#1182,#1183,#66,.T.);
#846=EDGE_CURVE('',#1182,#1184,#31,.F.);
#847=EDGE_CURVE('',#1184,#1185,#67,.F.);
#848=EDGE_CURVE('',#1186,#1185,#1380,.T.);
#849=EDGE_CURVE('',#1186,#1187,#68,.F.);
#850=EDGE_CURVE('',#1187,#1188,#32,.F.);
#851=EDGE_CURVE('',#1189,#1188,#69,.T.);
#852=EDGE_CURVE('',#1183,#1189,#1381,.F.);
#853=EDGE_CURVE('',#1190,#1191,#33,.F.);
#854=EDGE_CURVE('',#1191,#1192,#1382,.T.);
#855=EDGE_CURVE('',#1193,#1192,#70,.T.);
#856=EDGE_CURVE('',#1173,#1193,#1383,.F.);
#857=EDGE_CURVE('',#1172,#1194,#34,.F.);
#858=EDGE_CURVE('',#1194,#1195,#35,.F.);
#859=EDGE_CURVE('',#1195,#1196,#36,.F.);
#860=EDGE_CURVE('',#1197,#1196,#1384,.T.);
#861=EDGE_CURVE('',#1197,#1190,#37,.F.);
#862=EDGE_CURVE('',#1198,#1199,#71,.F.);
#863=EDGE_CURVE('',#1199,#1177,#72,.F.);
#864=EDGE_CURVE('',#1189,#1176,#73,.F.);
#865=EDGE_CURVE('',#1188,#1198,#74,.F.);
#866=EDGE_CURVE('',#1192,#1200,#75,.F.);
#867=EDGE_CURVE('',#1200,#1201,#76,.F.);
#868=EDGE_CURVE('',#1201,#1182,#77,.F.);
#869=EDGE_CURVE('',#1193,#1183,#78,.F.);
#870=EDGE_CURVE('',#1202,#1203,#1385,.T.);
#871=EDGE_CURVE('',#1203,#1204,#1386,.T.);
#872=EDGE_CURVE('',#1205,#1204,#1387,.T.);
#873=EDGE_CURVE('',#1202,#1205,#1388,.T.);
#874=EDGE_CURVE('',#1206,#1207,#1389,.T.);
#875=EDGE_CURVE('',#1207,#1208,#1390,.T.);
#876=EDGE_CURVE('',#1209,#1208,#1391,.T.);
#877=EDGE_CURVE('',#1209,#1210,#1392,.T.);
#878=EDGE_CURVE('',#1210,#1211,#1393,.T.);
#879=EDGE_CURVE('',#1212,#1211,#1394,.T.);
#880=EDGE_CURVE('',#1212,#1213,#1395,.T.);
#881=EDGE_CURVE('',#1213,#1214,#1396,.T.);
#882=EDGE_CURVE('',#1215,#1214,#1397,.F.);
#883=EDGE_CURVE('',#1215,#1216,#1398,.T.);
#884=EDGE_CURVE('',#1216,#1217,#1399,.T.);
#885=EDGE_CURVE('',#1206,#1217,#1400,.F.);
#886=EDGE_CURVE('',#1218,#1219,#38,.F.);
#887=EDGE_CURVE('',#1218,#1220,#79,.T.);
#888=EDGE_CURVE('',#1220,#1221,#1401,.F.);
#889=EDGE_CURVE('',#1221,#1222,#80,.T.);
#890=EDGE_CURVE('',#1223,#1222,#39,.F.);
#891=EDGE_CURVE('',#1209,#1223,#40,.F.);
#892=EDGE_CURVE('',#1219,#1208,#81,.F.);
#893=EDGE_CURVE('',#1224,#1225,#82,.F.);
#894=EDGE_CURVE('',#1224,#1226,#83,.F.);
#895=EDGE_CURVE('',#1226,#1220,#84,.F.);
#896=EDGE_CURVE('',#1227,#1218,#85,.F.);
#897=EDGE_CURVE('',#1225,#1227,#86,.F.);
#898=EDGE_CURVE('',#1222,#1228,#87,.F.);
#899=EDGE_CURVE('',#1221,#1229,#88,.T.);
#900=EDGE_CURVE('',#1229,#1230,#89,.T.);
#901=EDGE_CURVE('',#1231,#1230,#90,.F.);
#902=EDGE_CURVE('',#1228,#1231,#91,.F.);
#903=EDGE_CURVE('',#1232,#1224,#1402,.T.);
#904=EDGE_CURVE('',#1233,#1232,#41,.F.);
#905=EDGE_CURVE('',#1206,#1233,#42,.F.);
#906=EDGE_CURVE('',#1234,#1217,#43,.F.);
#907=EDGE_CURVE('',#1235,#1234,#44,.F.);
#908=EDGE_CURVE('',#1236,#1235,#1403,.T.);
#909=EDGE_CURVE('',#1236,#1237,#92,.F.);
#910=EDGE_CURVE('',#1237,#1226,#1404,.F.);
#911=EDGE_CURVE('',#1238,#1239,#45,.F.);
#912=EDGE_CURVE('',#1238,#1240,#93,.F.);
#913=EDGE_CURVE('',#1240,#1241,#1405,.T.);
#914=EDGE_CURVE('',#1241,#1242,#94,.T.);
#915=EDGE_CURVE('',#1243,#1242,#46,.F.);
#916=EDGE_CURVE('',#1215,#1243,#95,.F.);
#917=EDGE_CURVE('',#1239,#1214,#96,.F.);
#918=EDGE_CURVE('',#1244,#1245,#1406,.T.);
#919=EDGE_CURVE('',#1246,#1244,#47,.F.);
#920=EDGE_CURVE('',#1212,#1246,#48,.F.);
#921=EDGE_CURVE('',#1247,#1211,#49,.F.);
#922=EDGE_CURVE('',#1248,#1247,#50,.F.);
#923=EDGE_CURVE('',#1230,#1248,#51,.F.);
#924=EDGE_CURVE('',#1229,#1249,#1407,.T.);
#925=EDGE_CURVE('',#1249,#1245,#97,.T.);
#926=EDGE_CURVE('',#1250,#1236,#98,.F.);
#927=EDGE_CURVE('',#1251,#1250,#99,.F.);
#928=EDGE_CURVE('',#1242,#1251,#100,.F.);
#929=EDGE_CURVE('',#1241,#1237,#101,.T.);
#930=EDGE_CURVE('',#1245,#1252,#102,.F.);
#931=EDGE_CURVE('',#1249,#1240,#103,.F.);
#932=EDGE_CURVE('',#1253,#1238,#104,.F.);
#933=EDGE_CURVE('',#1252,#1253,#105,.F.);
#934=EDGE_CURVE('',#1189,#1254,#1408,.F.);
#935=EDGE_CURVE('',#1254,#1255,#1409,.T.);
#936=EDGE_CURVE('',#1255,#1183,#1410,.T.);
#937=EDGE_CURVE('',#1256,#1257,#1411,.F.);
#938=EDGE_CURVE('',#1257,#1176,#1412,.T.);
#939=EDGE_CURVE('',#1167,#1256,#1413,.F.);
#940=EDGE_CURVE('',#1165,#1258,#1414,.F.);
#941=EDGE_CURVE('',#1258,#1259,#1415,.F.);
#942=EDGE_CURVE('',#1259,#1159,#1416,.T.);
#943=EDGE_CURVE('',#1193,#1260,#1417,.F.);
#944=EDGE_CURVE('',#1260,#1261,#1418,.T.);
#945=EDGE_CURVE('',#1261,#1173,#1419,.T.);
#946=EDGE_CURVE('',#1181,#1262,#1420,.T.);
#947=EDGE_CURVE('',#1263,#1180,#1421,.T.);
#948=EDGE_CURVE('',#1264,#1263,#1422,.T.);
#949=EDGE_CURVE('',#1265,#1264,#1423,.T.);
#950=EDGE_CURVE('',#1266,#1265,#1424,.T.);
#951=EDGE_CURVE('',#1267,#1266,#1425,.T.);
#952=EDGE_CURVE('',#1186,#1267,#1426,.T.);
#953=EDGE_CURVE('',#1268,#1185,#1427,.T.);
#954=EDGE_CURVE('',#1269,#1268,#1428,.T.);
#955=EDGE_CURVE('',#1270,#1269,#1429,.T.);
#956=EDGE_CURVE('',#1271,#1270,#1430,.T.);
#957=EDGE_CURVE('',#1272,#1271,#1431,.T.);
#958=EDGE_CURVE('',#1197,#1272,#1432,.T.);
#959=EDGE_CURVE('',#1273,#1196,#1433,.T.);
#960=EDGE_CURVE('',#1274,#1273,#1434,.T.);
#961=EDGE_CURVE('',#1275,#1274,#1435,.T.);
#962=EDGE_CURVE('',#1276,#1275,#1436,.T.);
#963=EDGE_CURVE('',#1277,#1276,#1437,.T.);
#964=EDGE_CURVE('',#1162,#1277,#1438,.T.);
#965=EDGE_CURVE('',#1278,#1161,#1439,.T.);
#966=EDGE_CURVE('',#1279,#1278,#1440,.T.);
#967=EDGE_CURVE('',#1280,#1279,#1441,.T.);
#968=EDGE_CURVE('',#1281,#1280,#1442,.T.);
#969=EDGE_CURVE('',#1262,#1281,#1443,.T.);
#970=EDGE_CURVE('',#1256,#1259,#106,.T.);
#971=EDGE_CURVE('',#1258,#1261,#107,.T.);
#972=EDGE_CURVE('',#1254,#1257,#108,.T.);
#973=EDGE_CURVE('',#1260,#1255,#109,.T.);
#974=EDGE_CURVE('',#1282,#1258,#1444,.F.);
#975=EDGE_CURVE('',#1282,#1283,#1445,.T.);
#976=EDGE_CURVE('',#1283,#1259,#1446,.T.);
#977=EDGE_CURVE('',#1284,#1283,#110,.F.);
#978=EDGE_CURVE('',#1284,#1256,#1447,.F.);
#979=EDGE_CURVE('',#1285,#1261,#1448,.F.);
#980=EDGE_CURVE('',#1282,#1285,#111,.F.);
#981=EDGE_CURVE('',#1284,#1286,#1449,.T.);
#982=EDGE_CURVE('',#1286,#1257,#1450,.T.);
#983=EDGE_CURVE('',#1287,#1260,#1451,.F.);
#984=EDGE_CURVE('',#1287,#1285,#1452,.F.);
#985=EDGE_CURVE('',#1288,#1286,#112,.F.);
#986=EDGE_CURVE('',#1288,#1254,#1453,.F.);
#987=EDGE_CURVE('',#1289,#1255,#1454,.F.);
#988=EDGE_CURVE('',#1287,#1289,#113,.F.);
#989=EDGE_CURVE('',#1288,#1289,#1455,.F.);
#990=EDGE_CURVE('',#1289,#1240,#1456,.F.);
#991=EDGE_CURVE('',#1241,#1288,#1457,.T.);
#992=EDGE_CURVE('',#1226,#1284,#1458,.T.);
#993=EDGE_CURVE('',#1286,#1237,#1459,.F.);
#994=EDGE_CURVE('',#1283,#1220,#1460,.F.);
#995=EDGE_CURVE('',#1221,#1282,#1461,.T.);
#996=EDGE_CURVE('',#1285,#1229,#1462,.F.);
#997=EDGE_CURVE('',#1249,#1287,#1463,.T.);
#998=EDGE_CURVE('',#1290,#1291,#1464,.T.);
#999=EDGE_CURVE('',#1291,#1292,#1465,.T.);
#1000=EDGE_CURVE('',#1292,#1293,#1466,.T.);
#1001=EDGE_CURVE('',#1293,#1294,#1467,.T.);
#1002=EDGE_CURVE('',#1294,#1295,#1468,.T.);
#1003=EDGE_CURVE('',#1295,#1290,#1469,.T.);
#1004=EDGE_CURVE('',#1290,#1246,#1470,.T.);
#1005=EDGE_CURVE('',#1295,#1213,#1471,.T.);
#1006=EDGE_CURVE('',#1294,#1239,#1472,.T.);
#1007=EDGE_CURVE('',#1293,#1253,#1473,.T.);
#1008=EDGE_CURVE('',#1292,#1252,#1474,.T.);
#1009=EDGE_CURVE('',#1291,#1244,#1475,.T.);
#1010=EDGE_CURVE('',#1296,#1297,#1476,.T.);
#1011=EDGE_CURVE('',#1297,#1298,#1477,.T.);
#1012=EDGE_CURVE('',#1298,#1299,#1478,.T.);
#1013=EDGE_CURVE('',#1299,#1300,#1479,.T.);
#1014=EDGE_CURVE('',#1300,#1301,#1480,.T.);
#1015=EDGE_CURVE('',#1301,#1296,#1481,.T.);
#1016=EDGE_CURVE('',#1300,#1243,#1482,.T.);
#1017=EDGE_CURVE('',#1299,#1216,#1483,.T.);
#1018=EDGE_CURVE('',#1298,#1234,#1484,.T.);
#1019=EDGE_CURVE('',#1301,#1251,#1485,.T.);
#1020=EDGE_CURVE('',#1296,#1250,#1486,.T.);
#1021=EDGE_CURVE('',#1297,#1235,#1487,.T.);
#1022=EDGE_CURVE('',#1302,#1303,#1488,.T.);
#1023=EDGE_CURVE('',#1303,#1304,#1489,.T.);
#1024=EDGE_CURVE('',#1304,#1305,#1490,.T.);
#1025=EDGE_CURVE('',#1305,#1306,#1491,.T.);
#1026=EDGE_CURVE('',#1306,#1307,#1492,.T.);
#1027=EDGE_CURVE('',#1307,#1302,#1493,.T.);
#1028=EDGE_CURVE('',#1304,#1223,#1494,.T.);
#1029=EDGE_CURVE('',#1303,#1210,#1495,.T.);
#1030=EDGE_CURVE('',#1302,#1247,#1496,.T.);
#1031=EDGE_CURVE('',#1307,#1248,#1497,.T.);
#1032=EDGE_CURVE('',#1306,#1231,#1498,.T.);
#1033=EDGE_CURVE('',#1305,#1228,#1499,.T.);
#1034=EDGE_CURVE('',#1308,#1309,#1500,.T.);
#1035=EDGE_CURVE('',#1309,#1310,#1501,.T.);
#1036=EDGE_CURVE('',#1310,#1311,#1502,.T.);
#1037=EDGE_CURVE('',#1311,#1312,#1503,.T.);
#1038=EDGE_CURVE('',#1312,#1313,#1504,.T.);
#1039=EDGE_CURVE('',#1313,#1308,#1505,.T.);
#1040=EDGE_CURVE('',#1313,#1233,#1506,.T.);
#1041=EDGE_CURVE('',#1312,#1207,#1507,.T.);
#1042=EDGE_CURVE('',#1311,#1219,#1508,.T.);
#1043=EDGE_CURVE('',#1308,#1232,#1509,.T.);
#1044=EDGE_CURVE('',#1309,#1225,#1510,.T.);
#1045=EDGE_CURVE('',#1310,#1227,#1511,.T.);
#1046=EDGE_CURVE('',#1184,#1268,#1512,.T.);
#1047=EDGE_CURVE('',#1190,#1272,#1513,.T.);
#1048=EDGE_CURVE('',#1191,#1271,#1514,.T.);
#1049=EDGE_CURVE('',#1200,#1270,#1515,.T.);
#1050=EDGE_CURVE('',#1201,#1269,#1516,.T.);
#1051=EDGE_CURVE('',#1179,#1263,#1517,.T.);
#1052=EDGE_CURVE('',#1187,#1267,#1518,.T.);
#1053=EDGE_CURVE('',#1199,#1265,#1519,.T.);
#1054=EDGE_CURVE('',#1178,#1264,#1520,.T.);
#1055=EDGE_CURVE('',#1198,#1266,#1521,.T.);
#1056=EDGE_CURVE('',#1163,#1277,#1522,.T.);
#1057=EDGE_CURVE('',#1195,#1273,#1523,.T.);
#1058=EDGE_CURVE('',#1170,#1276,#1524,.T.);
#1059=EDGE_CURVE('',#1171,#1275,#1525,.T.);
#1060=EDGE_CURVE('',#1194,#1274,#1526,.T.);
#1061=EDGE_CURVE('',#1160,#1278,#1527,.T.);
#1062=EDGE_CURVE('',#1174,#1262,#1528,.T.);
#1063=EDGE_CURVE('',#1175,#1281,#1529,.T.);
#1064=EDGE_CURVE('',#1168,#1280,#1530,.T.);
#1065=EDGE_CURVE('',#1169,#1279,#1531,.T.);
#1066=EDGE_CURVE('',#1150,#1202,#1532,.T.);
#1067=EDGE_CURVE('',#1151,#1203,#1533,.T.);
#1068=EDGE_CURVE('',#1152,#1205,#1534,.T.);
#1069=EDGE_CURVE('',#1153,#1204,#1535,.T.);
#1070=EDGE_CURVE('',#1314,#1315,#1536,.T.);
#1071=EDGE_CURVE('',#1154,#1315,#1537,.T.);
#1072=EDGE_CURVE('',#1155,#1314,#1538,.T.);
#1073=EDGE_CURVE('',#1316,#1314,#1539,.T.);
#1074=EDGE_CURVE('',#1157,#1316,#1540,.T.);
#1075=EDGE_CURVE('',#1156,#1317,#1541,.T.);
#1076=EDGE_CURVE('',#1316,#1317,#1542,.T.);
#1077=EDGE_CURVE('',#1317,#1315,#1543,.T.);
#1078=EDGE_CURVE('',#1318,#1319,#1544,.T.);
#1079=EDGE_CURVE('',#1318,#1320,#1545,.T.);
#1080=EDGE_CURVE('',#1320,#1321,#1546,.T.);
#1081=EDGE_CURVE('',#1319,#1321,#1547,.T.);
#1082=EDGE_CURVE('',#1320,#1322,#1548,.T.);
#1083=EDGE_CURVE('',#1322,#1323,#1549,.T.);
#1084=EDGE_CURVE('',#1321,#1323,#1550,.T.);
#1085=EDGE_CURVE('',#1322,#1324,#1551,.T.);
#1086=EDGE_CURVE('',#1325,#1318,#1552,.T.);
#1087=EDGE_CURVE('',#1326,#1325,#1553,.T.);
#1088=EDGE_CURVE('',#1324,#1326,#1554,.T.);
#1089=EDGE_CURVE('',#1327,#1319,#1555,.T.);
#1090=EDGE_CURVE('',#1323,#1328,#1556,.T.);
#1091=EDGE_CURVE('',#1328,#1329,#1557,.T.);
#1092=EDGE_CURVE('',#1329,#1327,#1558,.T.);
#1093=EDGE_CURVE('',#1325,#1327,#1559,.T.);
#1094=EDGE_CURVE('',#1326,#1329,#1560,.T.);
#1095=EDGE_CURVE('',#1324,#1328,#1561,.T.);
#1096=EDGE_CURVE('',#1330,#1331,#1562,.T.);
#1097=EDGE_CURVE('',#1330,#1332,#1563,.T.);
#1098=EDGE_CURVE('',#1332,#1333,#1564,.T.);
#1099=EDGE_CURVE('',#1331,#1333,#1565,.T.);
#1100=EDGE_CURVE('',#1332,#1334,#1566,.T.);
#1101=EDGE_CURVE('',#1334,#1335,#1567,.T.);
#1102=EDGE_CURVE('',#1333,#1335,#1568,.T.);
#1103=EDGE_CURVE('',#1336,#1337,#1569,.T.);
#1104=EDGE_CURVE('',#1336,#1338,#1570,.T.);
#1105=EDGE_CURVE('',#1338,#1339,#1571,.T.);
#1106=EDGE_CURVE('',#1337,#1339,#1572,.T.);
#1107=EDGE_CURVE('',#1338,#1330,#1573,.T.);
#1108=EDGE_CURVE('',#1339,#1331,#1574,.T.);
#1109=EDGE_CURVE('',#1340,#1336,#1575,.T.);
#1110=EDGE_CURVE('',#1334,#1340,#1576,.T.);
#1111=EDGE_CURVE('',#1335,#1341,#1577,.T.);
#1112=EDGE_CURVE('',#1341,#1337,#1578,.T.);
#1113=EDGE_CURVE('',#1340,#1341,#1579,.T.);
#1114=EDGE_CURVE('',#1342,#1343,#1580,.T.);
#1115=EDGE_CURVE('',#1342,#1344,#1581,.T.);
#1116=EDGE_CURVE('',#1344,#1345,#1582,.T.);
#1117=EDGE_CURVE('',#1343,#1345,#1583,.T.);
#1118=EDGE_CURVE('',#1346,#1347,#1584,.T.);
#1119=EDGE_CURVE('',#1346,#1348,#1585,.T.);
#1120=EDGE_CURVE('',#1348,#1349,#1586,.T.);
#1121=EDGE_CURVE('',#1347,#1349,#1587,.T.);
#1122=EDGE_CURVE('',#1350,#1351,#1588,.T.);
#1123=EDGE_CURVE('',#1350,#1352,#1589,.T.);
#1124=EDGE_CURVE('',#1352,#1353,#1590,.T.);
#1125=EDGE_CURVE('',#1351,#1353,#1591,.T.);
#1126=EDGE_CURVE('',#1344,#1350,#1592,.T.);
#1127=EDGE_CURVE('',#1345,#1351,#1593,.T.);
#1128=EDGE_CURVE('',#1348,#1342,#1594,.T.);
#1129=EDGE_CURVE('',#1349,#1343,#1595,.T.);
#1130=EDGE_CURVE('',#1352,#1346,#1596,.T.);
#1131=EDGE_CURVE('',#1353,#1347,#1597,.T.);
#1132=EDGE_CURVE('',#1354,#1355,#1598,.T.);
#1133=EDGE_CURVE('',#1354,#1356,#1599,.T.);
#1134=EDGE_CURVE('',#1356,#1357,#1600,.T.);
#1135=EDGE_CURVE('',#1355,#1357,#1601,.T.);
#1136=EDGE_CURVE('',#1358,#1359,#1602,.T.);
#1137=EDGE_CURVE('',#1356,#1358,#1603,.T.);
#1138=EDGE_CURVE('',#1360,#1354,#1604,.T.);
#1139=EDGE_CURVE('',#1361,#1360,#1605,.T.);
#1140=EDGE_CURVE('',#1359,#1361,#1606,.T.);
#1141=EDGE_CURVE('',#1362,#1363,#1607,.T.);
#1142=EDGE_CURVE('',#1363,#1364,#1608,.T.);
#1143=EDGE_CURVE('',#1364,#1355,#1609,.T.);
#1144=EDGE_CURVE('',#1357,#1365,#1610,.T.);
#1145=EDGE_CURVE('',#1365,#1362,#1611,.T.);
#1146=EDGE_CURVE('',#1359,#1362,#1612,.T.);
#1147=EDGE_CURVE('',#1361,#1363,#1613,.T.);
#1148=EDGE_CURVE('',#1360,#1364,#1614,.T.);
#1149=EDGE_CURVE('',#1358,#1365,#1615,.T.);
#1150=VERTEX_POINT('',#3340);
#1151=VERTEX_POINT('',#3341);
#1152=VERTEX_POINT('',#3343);
#1153=VERTEX_POINT('',#3345);
#1154=VERTEX_POINT('',#3348);
#1155=VERTEX_POINT('',#3349);
#1156=VERTEX_POINT('',#3351);
#1157=VERTEX_POINT('',#3353);
#1158=VERTEX_POINT('',#3357);
#1159=VERTEX_POINT('',#3358);
#1160=VERTEX_POINT('',#3360);
#1161=VERTEX_POINT('',#3362);
#1162=VERTEX_POINT('',#3364);
#1163=VERTEX_POINT('',#3366);
#1164=VERTEX_POINT('',#3368);
#1165=VERTEX_POINT('',#3370);
#1166=VERTEX_POINT('',#3374);
#1167=VERTEX_POINT('',#3375);
#1168=VERTEX_POINT('',#3377);
#1169=VERTEX_POINT('',#3379);
#1170=VERTEX_POINT('',#3384);
#1171=VERTEX_POINT('',#3386);
#1172=VERTEX_POINT('',#3388);
#1173=VERTEX_POINT('',#3390);
#1174=VERTEX_POINT('',#3394);
#1175=VERTEX_POINT('',#3395);
#1176=VERTEX_POINT('',#3398);
#1177=VERTEX_POINT('',#3400);
#1178=VERTEX_POINT('',#3402);
#1179=VERTEX_POINT('',#3404);
#1180=VERTEX_POINT('',#3406);
#1181=VERTEX_POINT('',#3408);
#1182=VERTEX_POINT('',#3412);
#1183=VERTEX_POINT('',#3413);
#1184=VERTEX_POINT('',#3415);
#1185=VERTEX_POINT('',#3417);
#1186=VERTEX_POINT('',#3419);
#1187=VERTEX_POINT('',#3421);
#1188=VERTEX_POINT('',#3423);
#1189=VERTEX_POINT('',#3425);
#1190=VERTEX_POINT('',#3429);
#1191=VERTEX_POINT('',#3430);
#1192=VERTEX_POINT('',#3432);
#1193=VERTEX_POINT('',#3434);
#1194=VERTEX_POINT('',#3437);
#1195=VERTEX_POINT('',#3439);
#1196=VERTEX_POINT('',#3441);
#1197=VERTEX_POINT('',#3443);
#1198=VERTEX_POINT('',#3447);
#1199=VERTEX_POINT('',#3448);
#1200=VERTEX_POINT('',#3454);
#1201=VERTEX_POINT('',#3456);
#1202=VERTEX_POINT('',#3461);
#1203=VERTEX_POINT('',#3462);
#1204=VERTEX_POINT('',#3464);
#1205=VERTEX_POINT('',#3466);
#1206=VERTEX_POINT('',#3469);
#1207=VERTEX_POINT('',#3470);
#1208=VERTEX_POINT('',#3472);
#1209=VERTEX_POINT('',#3474);
#1210=VERTEX_POINT('',#3476);
#1211=VERTEX_POINT('',#3478);
#1212=VERTEX_POINT('',#3480);
#1213=VERTEX_POINT('',#3482);
#1214=VERTEX_POINT('',#3484);
#1215=VERTEX_POINT('',#3486);
#1216=VERTEX_POINT('',#3488);
#1217=VERTEX_POINT('',#3490);
#1218=VERTEX_POINT('',#3494);
#1219=VERTEX_POINT('',#3495);
#1220=VERTEX_POINT('',#3497);
#1221=VERTEX_POINT('',#3499);
#1222=VERTEX_POINT('',#3501);
#1223=VERTEX_POINT('',#3503);
#1224=VERTEX_POINT('',#3508);
#1225=VERTEX_POINT('',#3509);
#1226=VERTEX_POINT('',#3511);
#1227=VERTEX_POINT('',#3514);
#1228=VERTEX_POINT('',#3518);
#1229=VERTEX_POINT('',#3520);
#1230=VERTEX_POINT('',#3522);
#1231=VERTEX_POINT('',#3524);
#1232=VERTEX_POINT('',#3528);
#1233=VERTEX_POINT('',#3530);
#1234=VERTEX_POINT('',#3533);
#1235=VERTEX_POINT('',#3535);
#1236=VERTEX_POINT('',#3537);
#1237=VERTEX_POINT('',#3539);
#1238=VERTEX_POINT('',#3543);
#1239=VERTEX_POINT('',#3544);
#1240=VERTEX_POINT('',#3546);
#1241=VERTEX_POINT('',#3548);
#1242=VERTEX_POINT('',#3550);
#1243=VERTEX_POINT('',#3552);
#1244=VERTEX_POINT('',#3557);
#1245=VERTEX_POINT('',#3558);
#1246=VERTEX_POINT('',#3560);
#1247=VERTEX_POINT('',#3563);
#1248=VERTEX_POINT('',#3565);
#1249=VERTEX_POINT('',#3568);
#1250=VERTEX_POINT('',#3572);
#1251=VERTEX_POINT('',#3574);
#1252=VERTEX_POINT('',#3579);
#1253=VERTEX_POINT('',#3582);
#1254=VERTEX_POINT('',#3586);
#1255=VERTEX_POINT('',#3588);
#1256=VERTEX_POINT('',#3592);
#1257=VERTEX_POINT('',#3593);
#1258=VERTEX_POINT('',#3598);
#1259=VERTEX_POINT('',#3600);
#1260=VERTEX_POINT('',#3604);
#1261=VERTEX_POINT('',#3606);
#1262=VERTEX_POINT('',#3610);
#1263=VERTEX_POINT('',#3612);
#1264=VERTEX_POINT('',#3614);
#1265=VERTEX_POINT('',#3616);
#1266=VERTEX_POINT('',#3618);
#1267=VERTEX_POINT('',#3620);
#1268=VERTEX_POINT('',#3623);
#1269=VERTEX_POINT('',#3625);
#1270=VERTEX_POINT('',#3627);
#1271=VERTEX_POINT('',#3629);
#1272=VERTEX_POINT('',#3631);
#1273=VERTEX_POINT('',#3634);
#1274=VERTEX_POINT('',#3636);
#1275=VERTEX_POINT('',#3638);
#1276=VERTEX_POINT('',#3640);
#1277=VERTEX_POINT('',#3642);
#1278=VERTEX_POINT('',#3645);
#1279=VERTEX_POINT('',#3647);
#1280=VERTEX_POINT('',#3649);
#1281=VERTEX_POINT('',#3651);
#1282=VERTEX_POINT('',#3663);
#1283=VERTEX_POINT('',#3665);
#1284=VERTEX_POINT('',#3669);
#1285=VERTEX_POINT('',#3673);
#1286=VERTEX_POINT('',#3677);
#1287=VERTEX_POINT('',#3681);
#1288=VERTEX_POINT('',#3685);
#1289=VERTEX_POINT('',#3689);
#1290=VERTEX_POINT('',#3711);
#1291=VERTEX_POINT('',#3712);
#1292=VERTEX_POINT('',#3714);
#1293=VERTEX_POINT('',#3716);
#1294=VERTEX_POINT('',#3718);
#1295=VERTEX_POINT('',#3720);
#1296=VERTEX_POINT('',#3736);
#1297=VERTEX_POINT('',#3737);
#1298=VERTEX_POINT('',#3739);
#1299=VERTEX_POINT('',#3741);
#1300=VERTEX_POINT('',#3743);
#1301=VERTEX_POINT('',#3745);
#1302=VERTEX_POINT('',#3761);
#1303=VERTEX_POINT('',#3762);
#1304=VERTEX_POINT('',#3764);
#1305=VERTEX_POINT('',#3766);
#1306=VERTEX_POINT('',#3768);
#1307=VERTEX_POINT('',#3770);
#1308=VERTEX_POINT('',#3786);
#1309=VERTEX_POINT('',#3787);
#1310=VERTEX_POINT('',#3789);
#1311=VERTEX_POINT('',#3791);
#1312=VERTEX_POINT('',#3793);
#1313=VERTEX_POINT('',#3795);
#1314=VERTEX_POINT('',#3863);
#1315=VERTEX_POINT('',#3864);
#1316=VERTEX_POINT('',#3869);
#1317=VERTEX_POINT('',#3873);
#1318=VERTEX_POINT('',#3880);
#1319=VERTEX_POINT('',#3881);
#1320=VERTEX_POINT('',#3883);
#1321=VERTEX_POINT('',#3885);
#1322=VERTEX_POINT('',#3889);
#1323=VERTEX_POINT('',#3891);
#1324=VERTEX_POINT('',#3895);
#1325=VERTEX_POINT('',#3897);
#1326=VERTEX_POINT('',#3899);
#1327=VERTEX_POINT('',#3903);
#1328=VERTEX_POINT('',#3905);
#1329=VERTEX_POINT('',#3907);
#1330=VERTEX_POINT('',#3918);
#1331=VERTEX_POINT('',#3919);
#1332=VERTEX_POINT('',#3921);
#1333=VERTEX_POINT('',#3923);
#1334=VERTEX_POINT('',#3927);
#1335=VERTEX_POINT('',#3929);
#1336=VERTEX_POINT('',#3933);
#1337=VERTEX_POINT('',#3934);
#1338=VERTEX_POINT('',#3936);
#1339=VERTEX_POINT('',#3938);
#1340=VERTEX_POINT('',#3945);
#1341=VERTEX_POINT('',#3949);
#1342=VERTEX_POINT('',#3956);
#1343=VERTEX_POINT('',#3957);
#1344=VERTEX_POINT('',#3959);
#1345=VERTEX_POINT('',#3961);
#1346=VERTEX_POINT('',#3965);
#1347=VERTEX_POINT('',#3966);
#1348=VERTEX_POINT('',#3968);
#1349=VERTEX_POINT('',#3970);
#1350=VERTEX_POINT('',#3974);
#1351=VERTEX_POINT('',#3975);
#1352=VERTEX_POINT('',#3977);
#1353=VERTEX_POINT('',#3979);
#1354=VERTEX_POINT('',#3994);
#1355=VERTEX_POINT('',#3995);
#1356=VERTEX_POINT('',#3997);
#1357=VERTEX_POINT('',#3999);
#1358=VERTEX_POINT('',#4003);
#1359=VERTEX_POINT('',#4004);
#1360=VERTEX_POINT('',#4007);
#1361=VERTEX_POINT('',#4009);
#1362=VERTEX_POINT('',#4013);
#1363=VERTEX_POINT('',#4014);
#1364=VERTEX_POINT('',#4016);
#1365=VERTEX_POINT('',#4019);
#1366=LINE('',#3339,#1616);
#1367=LINE('',#3342,#1617);
#1368=LINE('',#3344,#1618);
#1369=LINE('',#3346,#1619);
#1370=LINE('',#3347,#1620);
#1371=LINE('',#3350,#1621);
#1372=LINE('',#3352,#1622);
#1373=LINE('',#3354,#1623);
#1374=LINE('',#3363,#1624);
#1375=LINE('',#3371,#1625);
#1376=LINE('',#3396,#1626);
#1377=LINE('',#3397,#1627);
#1378=LINE('',#3401,#1628);
#1379=LINE('',#3407,#1629);
#1380=LINE('',#3418,#1630);
#1381=LINE('',#3426,#1631);
#1382=LINE('',#3431,#1632);
#1383=LINE('',#3435,#1633);
#1384=LINE('',#3442,#1634);
#1385=LINE('',#3460,#1635);
#1386=LINE('',#3463,#1636);
#1387=LINE('',#3465,#1637);
#1388=LINE('',#3467,#1638);
#1389=LINE('',#3468,#1639);
#1390=LINE('',#3471,#1640);
#1391=LINE('',#3473,#1641);
#1392=LINE('',#3475,#1642);
#1393=LINE('',#3477,#1643);
#1394=LINE('',#3479,#1644);
#1395=LINE('',#3481,#1645);
#1396=LINE('',#3483,#1646);
#1397=LINE('',#3485,#1647);
#1398=LINE('',#3487,#1648);
#1399=LINE('',#3489,#1649);
#1400=LINE('',#3491,#1650);
#1401=LINE('',#3498,#1651);
#1402=LINE('',#3527,#1652);
#1403=LINE('',#3536,#1653);
#1404=LINE('',#3540,#1654);
#1405=LINE('',#3547,#1655);
#1406=LINE('',#3556,#1656);
#1407=LINE('',#3567,#1657);
#1408=LINE('',#3585,#1658);
#1409=LINE('',#3587,#1659);
#1410=LINE('',#3589,#1660);
#1411=LINE('',#3591,#1661);
#1412=LINE('',#3594,#1662);
#1413=LINE('',#3595,#1663);
#1414=LINE('',#3597,#1664);
#1415=LINE('',#3599,#1665);
#1416=LINE('',#3601,#1666);
#1417=LINE('',#3603,#1667);
#1418=LINE('',#3605,#1668);
#1419=LINE('',#3607,#1669);
#1420=LINE('',#3609,#1670);
#1421=LINE('',#3611,#1671);
#1422=LINE('',#3613,#1672);
#1423=LINE('',#3615,#1673);
#1424=LINE('',#3617,#1674);
#1425=LINE('',#3619,#1675);
#1426=LINE('',#3621,#1676);
#1427=LINE('',#3622,#1677);
#1428=LINE('',#3624,#1678);
#1429=LINE('',#3626,#1679);
#1430=LINE('',#3628,#1680);
#1431=LINE('',#3630,#1681);
#1432=LINE('',#3632,#1682);
#1433=LINE('',#3633,#1683);
#1434=LINE('',#3635,#1684);
#1435=LINE('',#3637,#1685);
#1436=LINE('',#3639,#1686);
#1437=LINE('',#3641,#1687);
#1438=LINE('',#3643,#1688);
#1439=LINE('',#3644,#1689);
#1440=LINE('',#3646,#1690);
#1441=LINE('',#3648,#1691);
#1442=LINE('',#3650,#1692);
#1443=LINE('',#3652,#1693);
#1444=LINE('',#3662,#1694);
#1445=LINE('',#3664,#1695);
#1446=LINE('',#3666,#1696);
#1447=LINE('',#3670,#1697);
#1448=LINE('',#3672,#1698);
#1449=LINE('',#3676,#1699);
#1450=LINE('',#3678,#1700);
#1451=LINE('',#3680,#1701);
#1452=LINE('',#3682,#1702);
#1453=LINE('',#3686,#1703);
#1454=LINE('',#3688,#1704);
#1455=LINE('',#3692,#1705);
#1456=LINE('',#3694,#1706);
#1457=LINE('',#3695,#1707);
#1458=LINE('',#3697,#1708);
#1459=LINE('',#3698,#1709);
#1460=LINE('',#3700,#1710);
#1461=LINE('',#3701,#1711);
#1462=LINE('',#3703,#1712);
#1463=LINE('',#3704,#1713);
#1464=LINE('',#3710,#1714);
#1465=LINE('',#3713,#1715);
#1466=LINE('',#3715,#1716);
#1467=LINE('',#3717,#1717);
#1468=LINE('',#3719,#1718);
#1469=LINE('',#3721,#1719);
#1470=LINE('',#3723,#1720);
#1471=LINE('',#3724,#1721);
#1472=LINE('',#3726,#1722);
#1473=LINE('',#3728,#1723);
#1474=LINE('',#3730,#1724);
#1475=LINE('',#3732,#1725);
#1476=LINE('',#3735,#1726);
#1477=LINE('',#3738,#1727);
#1478=LINE('',#3740,#1728);
#1479=LINE('',#3742,#1729);
#1480=LINE('',#3744,#1730);
#1481=LINE('',#3746,#1731);
#1482=LINE('',#3748,#1732);
#1483=LINE('',#3749,#1733);
#1484=LINE('',#3751,#1734);
#1485=LINE('',#3753,#1735);
#1486=LINE('',#3754,#1736);
#1487=LINE('',#3757,#1737);
#1488=LINE('',#3760,#1738);
#1489=LINE('',#3763,#1739);
#1490=LINE('',#3765,#1740);
#1491=LINE('',#3767,#1741);
#1492=LINE('',#3769,#1742);
#1493=LINE('',#3771,#1743);
#1494=LINE('',#3773,#1744);
#1495=LINE('',#3774,#1745);
#1496=LINE('',#3776,#1746);
#1497=LINE('',#3778,#1747);
#1498=LINE('',#3780,#1748);
#1499=LINE('',#3782,#1749);
#1500=LINE('',#3785,#1750);
#1501=LINE('',#3788,#1751);
#1502=LINE('',#3790,#1752);
#1503=LINE('',#3792,#1753);
#1504=LINE('',#3794,#1754);
#1505=LINE('',#3796,#1755);
#1506=LINE('',#3798,#1756);
#1507=LINE('',#3799,#1757);
#1508=LINE('',#3801,#1758);
#1509=LINE('',#3803,#1759);
#1510=LINE('',#3805,#1760);
#1511=LINE('',#3807,#1761);
#1512=LINE('',#3810,#1762);
#1513=LINE('',#3812,#1763);
#1514=LINE('',#3814,#1764);
#1515=LINE('',#3816,#1765);
#1516=LINE('',#3818,#1766);
#1517=LINE('',#3821,#1767);
#1518=LINE('',#3823,#1768);
#1519=LINE('',#3825,#1769);
#1520=LINE('',#3826,#1770);
#1521=LINE('',#3829,#1771);
#1522=LINE('',#3832,#1772);
#1523=LINE('',#3834,#1773);
#1524=LINE('',#3836,#1774);
#1525=LINE('',#3838,#1775);
#1526=LINE('',#3840,#1776);
#1527=LINE('',#3843,#1777);
#1528=LINE('',#3845,#1778);
#1529=LINE('',#3847,#1779);
#1530=LINE('',#3848,#1780);
#1531=LINE('',#3850,#1781);
#1532=LINE('',#3854,#1782);
#1533=LINE('',#3855,#1783);
#1534=LINE('',#3857,#1784);
#1535=LINE('',#3859,#1785);
#1536=LINE('',#3862,#1786);
#1537=LINE('',#3865,#1787);
#1538=LINE('',#3866,#1788);
#1539=LINE('',#3868,#1789);
#1540=LINE('',#3870,#1790);
#1541=LINE('',#3872,#1791);
#1542=LINE('',#3874,#1792);
#1543=LINE('',#3876,#1793);
#1544=LINE('',#3879,#1794);
#1545=LINE('',#3882,#1795);
#1546=LINE('',#3884,#1796);
#1547=LINE('',#3886,#1797);
#1548=LINE('',#3888,#1798);
#1549=LINE('',#3890,#1799);
#1550=LINE('',#3892,#1800);
#1551=LINE('',#3894,#1801);
#1552=LINE('',#3896,#1802);
#1553=LINE('',#3898,#1803);
#1554=LINE('',#3900,#1804);
#1555=LINE('',#3902,#1805);
#1556=LINE('',#3904,#1806);
#1557=LINE('',#3906,#1807);
#1558=LINE('',#3908,#1808);
#1559=LINE('',#3910,#1809);
#1560=LINE('',#3912,#1810);
#1561=LINE('',#3914,#1811);
#1562=LINE('',#3917,#1812);
#1563=LINE('',#3920,#1813);
#1564=LINE('',#3922,#1814);
#1565=LINE('',#3924,#1815);
#1566=LINE('',#3926,#1816);
#1567=LINE('',#3928,#1817);
#1568=LINE('',#3930,#1818);
#1569=LINE('',#3932,#1819);
#1570=LINE('',#3935,#1820);
#1571=LINE('',#3937,#1821);
#1572=LINE('',#3939,#1822);
#1573=LINE('',#3941,#1823);
#1574=LINE('',#3942,#1824);
#1575=LINE('',#3944,#1825);
#1576=LINE('',#3946,#1826);
#1577=LINE('',#3948,#1827);
#1578=LINE('',#3950,#1828);
#1579=LINE('',#3952,#1829);
#1580=LINE('',#3955,#1830);
#1581=LINE('',#3958,#1831);
#1582=LINE('',#3960,#1832);
#1583=LINE('',#3962,#1833);
#1584=LINE('',#3964,#1834);
#1585=LINE('',#3967,#1835);
#1586=LINE('',#3969,#1836);
#1587=LINE('',#3971,#1837);
#1588=LINE('',#3973,#1838);
#1589=LINE('',#3976,#1839);
#1590=LINE('',#3978,#1840);
#1591=LINE('',#3980,#1841);
#1592=LINE('',#3982,#1842);
#1593=LINE('',#3983,#1843);
#1594=LINE('',#3985,#1844);
#1595=LINE('',#3986,#1845);
#1596=LINE('',#3988,#1846);
#1597=LINE('',#3990,#1847);
#1598=LINE('',#3993,#1848);
#1599=LINE('',#3996,#1849);
#1600=LINE('',#3998,#1850);
#1601=LINE('',#4000,#1851);
#1602=LINE('',#4002,#1852);
#1603=LINE('',#4005,#1853);
#1604=LINE('',#4006,#1854);
#1605=LINE('',#4008,#1855);
#1606=LINE('',#4010,#1856);
#1607=LINE('',#4012,#1857);
#1608=LINE('',#4015,#1858);
#1609=LINE('',#4017,#1859);
#1610=LINE('',#4018,#1860);
#1611=LINE('',#4020,#1861);
#1612=LINE('',#4022,#1862);
#1613=LINE('',#4023,#1863);
#1614=LINE('',#4025,#1864);
#1615=LINE('',#4027,#1865);
#1616=VECTOR('',#2637,1.);
#1617=VECTOR('',#2638,1.);
#1618=VECTOR('',#2639,1.);
#1619=VECTOR('',#2640,1.);
#1620=VECTOR('',#2641,1.);
#1621=VECTOR('',#2642,1.);
#1622=VECTOR('',#2643,1.);
#1623=VECTOR('',#2644,1.);
#1624=VECTOR('',#2653,1.);
#1625=VECTOR('',#2660,1.);
#1626=VECTOR('',#2689,1.);
#1627=VECTOR('',#2690,1.);
#1628=VECTOR('',#2693,1.);
#1629=VECTOR('',#2698,1.);
#1630=VECTOR('',#2709,1.);
#1631=VECTOR('',#2716,1.);
#1632=VECTOR('',#2721,1.);
#1633=VECTOR('',#2724,1.);
#1634=VECTOR('',#2731,1.);
#1635=VECTOR('',#2756,1.);
#1636=VECTOR('',#2757,1.);
#1637=VECTOR('',#2758,1.);
#1638=VECTOR('',#2759,1.);
#1639=VECTOR('',#2760,1.);
#1640=VECTOR('',#2761,1.);
#1641=VECTOR('',#2762,1.);
#1642=VECTOR('',#2763,1.);
#1643=VECTOR('',#2764,1.);
#1644=VECTOR('',#2765,1.);
#1645=VECTOR('',#2766,1.);
#1646=VECTOR('',#2767,1.);
#1647=VECTOR('',#2768,1.);
#1648=VECTOR('',#2769,1.);
#1649=VECTOR('',#2770,1.);
#1650=VECTOR('',#2771,1.);
#1651=VECTOR('',#2778,1.);
#1652=VECTOR('',#2813,1.);
#1653=VECTOR('',#2822,1.);
#1654=VECTOR('',#2825,1.);
#1655=VECTOR('',#2832,1.);
#1656=VECTOR('',#2843,1.);
#1657=VECTOR('',#2854,1.);
#1658=VECTOR('',#2879,1.);
#1659=VECTOR('',#2880,1.);
#1660=VECTOR('',#2881,1.);
#1661=VECTOR('',#2884,1.);
#1662=VECTOR('',#2885,1.);
#1663=VECTOR('',#2886,1.);
#1664=VECTOR('',#2889,1.);
#1665=VECTOR('',#2890,1.);
#1666=VECTOR('',#2891,1.);
#1667=VECTOR('',#2894,1.);
#1668=VECTOR('',#2895,1.);
#1669=VECTOR('',#2896,1.);
#1670=VECTOR('',#2899,1.);
#1671=VECTOR('',#2900,1.);
#1672=VECTOR('',#2901,1.);
#1673=VECTOR('',#2902,1.);
#1674=VECTOR('',#2903,1.);
#1675=VECTOR('',#2904,1.);
#1676=VECTOR('',#2905,1.);
#1677=VECTOR('',#2906,1.);
#1678=VECTOR('',#2907,1.);
#1679=VECTOR('',#2908,1.);
#1680=VECTOR('',#2909,1.);
#1681=VECTOR('',#2910,1.);
#1682=VECTOR('',#2911,1.);
#1683=VECTOR('',#2912,1.);
#1684=VECTOR('',#2913,1.);
#1685=VECTOR('',#2914,1.);
#1686=VECTOR('',#2915,1.);
#1687=VECTOR('',#2916,1.);
#1688=VECTOR('',#2917,1.);
#1689=VECTOR('',#2918,1.);
#1690=VECTOR('',#2919,1.);
#1691=VECTOR('',#2920,1.);
#1692=VECTOR('',#2921,1.);
#1693=VECTOR('',#2922,1.);
#1694=VECTOR('',#2941,1.);
#1695=VECTOR('',#2942,1.);
#1696=VECTOR('',#2943,1.);
#1697=VECTOR('',#2948,1.);
#1698=VECTOR('',#2951,1.);
#1699=VECTOR('',#2956,1.);
#1700=VECTOR('',#2957,1.);
#1701=VECTOR('',#2960,1.);
#1702=VECTOR('',#2961,1.);
#1703=VECTOR('',#2966,1.);
#1704=VECTOR('',#2969,1.);
#1705=VECTOR('',#2974,1.);
#1706=VECTOR('',#2977,1.);
#1707=VECTOR('',#2978,1.);
#1708=VECTOR('',#2981,1.);
#1709=VECTOR('',#2982,1.);
#1710=VECTOR('',#2985,1.);
#1711=VECTOR('',#2986,1.);
#1712=VECTOR('',#2989,1.);
#1713=VECTOR('',#2990,1.);
#1714=VECTOR('',#3001,1.);
#1715=VECTOR('',#3002,1.);
#1716=VECTOR('',#3003,1.);
#1717=VECTOR('',#3004,1.);
#1718=VECTOR('',#3005,1.);
#1719=VECTOR('',#3006,1.);
#1720=VECTOR('',#3009,1.);
#1721=VECTOR('',#3010,1.);
#1722=VECTOR('',#3013,1.);
#1723=VECTOR('',#3016,1.);
#1724=VECTOR('',#3019,1.);
#1725=VECTOR('',#3022,1.);
#1726=VECTOR('',#3027,1.);
#1727=VECTOR('',#3028,1.);
#1728=VECTOR('',#3029,1.);
#1729=VECTOR('',#3030,1.);
#1730=VECTOR('',#3031,1.);
#1731=VECTOR('',#3032,1.);
#1732=VECTOR('',#3035,1.);
#1733=VECTOR('',#3036,1.);
#1734=VECTOR('',#3039,1.);
#1735=VECTOR('',#3042,1.);
#1736=VECTOR('',#3043,1.);
#1737=VECTOR('',#3048,1.);
#1738=VECTOR('',#3053,1.);
#1739=VECTOR('',#3054,1.);
#1740=VECTOR('',#3055,1.);
#1741=VECTOR('',#3056,1.);
#1742=VECTOR('',#3057,1.);
#1743=VECTOR('',#3058,1.);
#1744=VECTOR('',#3061,1.);
#1745=VECTOR('',#3062,1.);
#1746=VECTOR('',#3065,1.);
#1747=VECTOR('',#3068,1.);
#1748=VECTOR('',#3071,1.);
#1749=VECTOR('',#3074,1.);
#1750=VECTOR('',#3079,1.);
#1751=VECTOR('',#3080,1.);
#1752=VECTOR('',#3081,1.);
#1753=VECTOR('',#3082,1.);
#1754=VECTOR('',#3083,1.);
#1755=VECTOR('',#3084,1.);
#1756=VECTOR('',#3087,1.);
#1757=VECTOR('',#3088,1.);
#1758=VECTOR('',#3091,1.);
#1759=VECTOR('',#3094,1.);
#1760=VECTOR('',#3097,1.);
#1761=VECTOR('',#3100,1.);
#1762=VECTOR('',#3105,1.);
#1763=VECTOR('',#3108,1.);
#1764=VECTOR('',#3111,1.);
#1765=VECTOR('',#3114,1.);
#1766=VECTOR('',#3117,1.);
#1767=VECTOR('',#3122,1.);
#1768=VECTOR('',#3125,1.);
#1769=VECTOR('',#3128,1.);
#1770=VECTOR('',#3129,1.);
#1771=VECTOR('',#3134,1.);
#1772=VECTOR('',#3139,1.);
#1773=VECTOR('',#3142,1.);
#1774=VECTOR('',#3145,1.);
#1775=VECTOR('',#3148,1.);
#1776=VECTOR('',#3151,1.);
#1777=VECTOR('',#3156,1.);
#1778=VECTOR('',#3159,1.);
#1779=VECTOR('',#3162,1.);
#1780=VECTOR('',#3163,1.);
#1781=VECTOR('',#3166,1.);
#1782=VECTOR('',#3173,1.);
#1783=VECTOR('',#3174,1.);
#1784=VECTOR('',#3177,1.);
#1785=VECTOR('',#3180,1.);
#1786=VECTOR('',#3185,1.);
#1787=VECTOR('',#3186,1.);
#1788=VECTOR('',#3187,1.);
#1789=VECTOR('',#3190,1.);
#1790=VECTOR('',#3191,1.);
#1791=VECTOR('',#3194,1.);
#1792=VECTOR('',#3195,1.);
#1793=VECTOR('',#3198,1.);
#1794=VECTOR('',#3203,1.);
#1795=VECTOR('',#3204,1.);
#1796=VECTOR('',#3205,1.);
#1797=VECTOR('',#3206,1.);
#1798=VECTOR('',#3209,1.);
#1799=VECTOR('',#3210,1.);
#1800=VECTOR('',#3211,1.);
#1801=VECTOR('',#3214,1.);
#1802=VECTOR('',#3215,1.);
#1803=VECTOR('',#3216,1.);
#1804=VECTOR('',#3217,1.);
#1805=VECTOR('',#3220,1.);
#1806=VECTOR('',#3221,1.);
#1807=VECTOR('',#3222,1.);
#1808=VECTOR('',#3223,1.);
#1809=VECTOR('',#3226,1.);
#1810=VECTOR('',#3229,1.);
#1811=VECTOR('',#3232,1.);
#1812=VECTOR('',#3237,1.);
#1813=VECTOR('',#3238,1.);
#1814=VECTOR('',#3239,1.);
#1815=VECTOR('',#3240,1.);
#1816=VECTOR('',#3243,1.);
#1817=VECTOR('',#3244,1.);
#1818=VECTOR('',#3245,1.);
#1819=VECTOR('',#3248,1.);
#1820=VECTOR('',#3249,1.);
#1821=VECTOR('',#3250,1.);
#1822=VECTOR('',#3251,1.);
#1823=VECTOR('',#3254,1.);
#1824=VECTOR('',#3255,1.);
#1825=VECTOR('',#3258,1.);
#1826=VECTOR('',#3259,1.);
#1827=VECTOR('',#3262,1.);
#1828=VECTOR('',#3263,1.);
#1829=VECTOR('',#3266,1.);
#1830=VECTOR('',#3271,1.);
#1831=VECTOR('',#3272,1.);
#1832=VECTOR('',#3273,1.);
#1833=VECTOR('',#3274,1.);
#1834=VECTOR('',#3277,1.);
#1835=VECTOR('',#3278,1.);
#1836=VECTOR('',#3279,1.);
#1837=VECTOR('',#3280,1.);
#1838=VECTOR('',#3283,1.);
#1839=VECTOR('',#3284,1.);
#1840=VECTOR('',#3285,1.);
#1841=VECTOR('',#3286,1.);
#1842=VECTOR('',#3289,1.);
#1843=VECTOR('',#3290,1.);
#1844=VECTOR('',#3293,1.);
#1845=VECTOR('',#3294,1.);
#1846=VECTOR('',#3297,1.);
#1847=VECTOR('',#3300,1.);
#1848=VECTOR('',#3305,1.);
#1849=VECTOR('',#3306,1.);
#1850=VECTOR('',#3307,1.);
#1851=VECTOR('',#3308,1.);
#1852=VECTOR('',#3311,1.);
#1853=VECTOR('',#3312,1.);
#1854=VECTOR('',#3313,1.);
#1855=VECTOR('',#3314,1.);
#1856=VECTOR('',#3315,1.);
#1857=VECTOR('',#3318,1.);
#1858=VECTOR('',#3319,1.);
#1859=VECTOR('',#3320,1.);
#1860=VECTOR('',#3321,1.);
#1861=VECTOR('',#3322,1.);
#1862=VECTOR('',#3325,1.);
#1863=VECTOR('',#3326,1.);
#1864=VECTOR('',#3329,1.);
#1865=VECTOR('',#3332,1.);
#1866=EDGE_LOOP('',(#130,#131,#132,#133));
#1867=EDGE_LOOP('',(#134,#135,#136,#137));
#1868=EDGE_LOOP('',(#138,#139,#140,#141,#142,#143,#144,#145));
#1869=EDGE_LOOP('',(#146,#147,#148,#149,#150,#151));
#1870=EDGE_LOOP('',(#152,#153,#154,#155,#156,#157));
#1871=EDGE_LOOP('',(#158,#159,#160,#161,#162,#163,#164,#165,#166,#167));
#1872=EDGE_LOOP('',(#168,#169,#170,#171,#172,#173,#174,#175));
#1873=EDGE_LOOP('',(#176,#177,#178,#179,#180,#181,#182,#183,#184,#185));
#1874=EDGE_LOOP('',(#186,#187,#188,#189,#190,#191));
#1875=EDGE_LOOP('',(#192,#193,#194,#195,#196,#197));
#1876=EDGE_LOOP('',(#198,#199,#200,#201));
#1877=EDGE_LOOP('',(#202,#203,#204,#205,#206,#207,#208,#209,#210,#211,#212,
#213));
#1878=EDGE_LOOP('',(#214,#215,#216,#217,#218,#219,#220,#221));
#1879=EDGE_LOOP('',(#222,#223,#224,#225,#226,#227));
#1880=EDGE_LOOP('',(#228,#229,#230,#231,#232,#233));
#1881=EDGE_LOOP('',(#234,#235,#236,#237,#238,#239,#240,#241,#242,#243));
#1882=EDGE_LOOP('',(#244,#245,#246,#247,#248,#249,#250,#251));
#1883=EDGE_LOOP('',(#252,#253,#254,#255,#256,#257,#258,#259,#260,#261));
#1884=EDGE_LOOP('',(#262,#263,#264,#265,#266,#267));
#1885=EDGE_LOOP('',(#268,#269,#270,#271,#272,#273));
#1886=EDGE_LOOP('',(#274,#275,#276,#277));
#1887=EDGE_LOOP('',(#278,#279,#280,#281));
#1888=EDGE_LOOP('',(#282,#283,#284,#285));
#1889=EDGE_LOOP('',(#286,#287,#288,#289));
#1890=EDGE_LOOP('',(#290,#291,#292,#293,#294,#295,#296,#297,#298,#299,#300,
#301,#302,#303,#304,#305,#306,#307,#308,#309,#310,#311,#312,#313,#314,#315,
#316,#317));
#1891=EDGE_LOOP('',(#318,#319,#320,#321));
#1892=EDGE_LOOP('',(#322,#323,#324,#325));
#1893=EDGE_LOOP('',(#326,#327,#328,#329));
#1894=EDGE_LOOP('',(#330,#331,#332,#333));
#1895=EDGE_LOOP('',(#334,#335,#336,#337));
#1896=EDGE_LOOP('',(#338,#339,#340,#341));
#1897=EDGE_LOOP('',(#342,#343,#344,#345));
#1898=EDGE_LOOP('',(#346,#347,#348,#349));
#1899=EDGE_LOOP('',(#350,#351,#352,#353));
#1900=EDGE_LOOP('',(#354,#355,#356,#357));
#1901=EDGE_LOOP('',(#358,#359,#360,#361));
#1902=EDGE_LOOP('',(#362,#363,#364,#365));
#1903=EDGE_LOOP('',(#366,#367,#368,#369));
#1904=EDGE_LOOP('',(#370,#371,#372,#373));
#1905=EDGE_LOOP('',(#374,#375,#376,#377));
#1906=EDGE_LOOP('',(#378,#379,#380,#381));
#1907=EDGE_LOOP('',(#382,#383,#384,#385));
#1908=EDGE_LOOP('',(#386,#387,#388,#389));
#1909=EDGE_LOOP('',(#390,#391,#392,#393));
#1910=EDGE_LOOP('',(#394,#395,#396,#397));
#1911=EDGE_LOOP('',(#398,#399,#400,#401,#402,#403));
#1912=EDGE_LOOP('',(#404,#405,#406,#407,#408));
#1913=EDGE_LOOP('',(#409,#410,#411,#412,#413));
#1914=EDGE_LOOP('',(#414,#415,#416,#417,#418));
#1915=EDGE_LOOP('',(#419,#420,#421,#422));
#1916=EDGE_LOOP('',(#423,#424,#425,#426,#427));
#1917=EDGE_LOOP('',(#428,#429,#430,#431));
#1918=EDGE_LOOP('',(#432,#433,#434,#435,#436,#437));
#1919=EDGE_LOOP('',(#438,#439,#440,#441,#442));
#1920=EDGE_LOOP('',(#443,#444,#445,#446,#447));
#1921=EDGE_LOOP('',(#448,#449,#450,#451));
#1922=EDGE_LOOP('',(#452,#453,#454,#455,#456));
#1923=EDGE_LOOP('',(#457,#458,#459,#460,#461));
#1924=EDGE_LOOP('',(#462,#463,#464,#465));
#1925=EDGE_LOOP('',(#466,#467,#468,#469,#470,#471));
#1926=EDGE_LOOP('',(#472,#473,#474,#475,#476));
#1927=EDGE_LOOP('',(#477,#478,#479,#480,#481));
#1928=EDGE_LOOP('',(#482,#483,#484,#485));
#1929=EDGE_LOOP('',(#486,#487,#488,#489,#490));
#1930=EDGE_LOOP('',(#491,#492,#493,#494));
#1931=EDGE_LOOP('',(#495,#496,#497,#498,#499));
#1932=EDGE_LOOP('',(#500,#501,#502,#503,#504,#505));
#1933=EDGE_LOOP('',(#506,#507,#508,#509,#510));
#1934=EDGE_LOOP('',(#511,#512,#513,#514,#515));
#1935=EDGE_LOOP('',(#516,#517,#518,#519));
#1936=EDGE_LOOP('',(#520,#521,#522,#523,#524));
#1937=EDGE_LOOP('',(#525,#526,#527,#528,#529));
#1938=EDGE_LOOP('',(#530,#531,#532,#533));
#1939=EDGE_LOOP('',(#534,#535,#536));
#1940=EDGE_LOOP('',(#537,#538,#539));
#1941=EDGE_LOOP('',(#540,#541,#542,#543));
#1942=EDGE_LOOP('',(#544,#545,#546,#547,#548));
#1943=EDGE_LOOP('',(#549,#550,#551,#552));
#1944=EDGE_LOOP('',(#553,#554,#555,#556,#557));
#1945=EDGE_LOOP('',(#558,#559,#560));
#1946=EDGE_LOOP('',(#561,#562,#563));
#1947=EDGE_LOOP('',(#564,#565,#566,#567,#568));
#1948=EDGE_LOOP('',(#569,#570,#571,#572));
#1949=EDGE_LOOP('',(#573,#574,#575,#576,#577));
#1950=EDGE_LOOP('',(#578,#579,#580,#581));
#1951=EDGE_LOOP('',(#582,#583,#584));
#1952=EDGE_LOOP('',(#585,#586,#587));
#1953=EDGE_LOOP('',(#588,#589,#590,#591,#592));
#1954=EDGE_LOOP('',(#593,#594,#595,#596));
#1955=EDGE_LOOP('',(#597,#598,#599,#600,#601));
#1956=EDGE_LOOP('',(#602,#603,#604,#605));
#1957=EDGE_LOOP('',(#606,#607,#608));
#1958=EDGE_LOOP('',(#609,#610,#611));
#1959=EDGE_LOOP('',(#612,#613,#614,#615,#616));
#1960=EDGE_LOOP('',(#617,#618,#619,#620));
#1961=EDGE_LOOP('',(#621,#622,#623,#624,#625));
#1962=EDGE_LOOP('',(#626,#627,#628,#629));
#1963=EDGE_LOOP('',(#630,#631,#632,#633));
#1964=EDGE_LOOP('',(#634,#635,#636,#637));
#1965=EDGE_LOOP('',(#638,#639,#640,#641));
#1966=EDGE_LOOP('',(#642,#643,#644,#645));
#1967=EDGE_LOOP('',(#646,#647,#648,#649));
#1968=EDGE_LOOP('',(#650,#651,#652,#653));
#1969=EDGE_LOOP('',(#654,#655,#656,#657));
#1970=EDGE_LOOP('',(#658,#659,#660,#661));
#1971=EDGE_LOOP('',(#662,#663,#664,#665));
#1972=EDGE_LOOP('',(#666,#667,#668,#669));
#1973=EDGE_LOOP('',(#670,#671,#672,#673));
#1974=EDGE_LOOP('',(#674,#675,#676,#677,#678,#679));
#1975=EDGE_LOOP('',(#680,#681,#682,#683,#684,#685));
#1976=EDGE_LOOP('',(#686,#687,#688,#689));
#1977=EDGE_LOOP('',(#690,#691,#692,#693));
#1978=EDGE_LOOP('',(#694,#695,#696,#697));
#1979=EDGE_LOOP('',(#698,#699,#700,#701));
#1980=EDGE_LOOP('',(#702,#703,#704,#705));
#1981=EDGE_LOOP('',(#706,#707,#708,#709));
#1982=EDGE_LOOP('',(#710,#711,#712,#713));
#1983=EDGE_LOOP('',(#714,#715,#716,#717));
#1984=EDGE_LOOP('',(#718,#719,#720,#721,#722,#723));
#1985=EDGE_LOOP('',(#724,#725,#726,#727,#728,#729));
#1986=EDGE_LOOP('',(#730,#731,#732,#733));
#1987=EDGE_LOOP('',(#734,#735,#736,#737));
#1988=EDGE_LOOP('',(#738,#739,#740,#741));
#1989=EDGE_LOOP('',(#742,#743,#744,#745));
#1990=EDGE_LOOP('',(#746,#747,#748,#749));
#1991=EDGE_LOOP('',(#750,#751,#752,#753));
#1992=EDGE_LOOP('',(#754,#755,#756,#757));
#1993=EDGE_LOOP('',(#758,#759,#760,#761,#762,#763));
#1994=EDGE_LOOP('',(#764,#765,#766,#767,#768,#769));
#1995=EDGE_LOOP('',(#770,#771,#772,#773));
#1996=EDGE_LOOP('',(#774,#775,#776,#777));
#1997=EDGE_LOOP('',(#778,#779,#780,#781,#782,#783));
#1998=EDGE_LOOP('',(#784,#785,#786,#787,#788,#789));
#1999=EDGE_LOOP('',(#790,#791,#792,#793));
#2000=EDGE_LOOP('',(#794,#795,#796,#797));
#2001=EDGE_LOOP('',(#798,#799,#800,#801));
#2002=EDGE_LOOP('',(#802,#803,#804,#805));
#2003=EDGE_LOOP('',(#806,#807,#808,#809));
#2004=FACE_BOUND('',#1866,.T.);
#2005=FACE_BOUND('',#1867,.T.);
#2006=FACE_BOUND('',#1868,.T.);
#2007=FACE_BOUND('',#1869,.T.);
#2008=FACE_BOUND('',#1870,.T.);
#2009=FACE_BOUND('',#1871,.T.);
#2010=FACE_BOUND('',#1872,.T.);
#2011=FACE_BOUND('',#1873,.T.);
#2012=FACE_BOUND('',#1874,.T.);
#2013=FACE_BOUND('',#1875,.T.);
#2014=FACE_BOUND('',#1876,.T.);
#2015=FACE_BOUND('',#1877,.T.);
#2016=FACE_BOUND('',#1878,.T.);
#2017=FACE_BOUND('',#1879,.T.);
#2018=FACE_BOUND('',#1880,.T.);
#2019=FACE_BOUND('',#1881,.T.);
#2020=FACE_BOUND('',#1882,.T.);
#2021=FACE_BOUND('',#1883,.T.);
#2022=FACE_BOUND('',#1884,.T.);
#2023=FACE_BOUND('',#1885,.T.);
#2024=FACE_BOUND('',#1886,.T.);
#2025=FACE_BOUND('',#1887,.T.);
#2026=FACE_BOUND('',#1888,.T.);
#2027=FACE_BOUND('',#1889,.T.);
#2028=FACE_BOUND('',#1890,.T.);
#2029=FACE_BOUND('',#1891,.T.);
#2030=FACE_BOUND('',#1892,.T.);
#2031=FACE_BOUND('',#1893,.T.);
#2032=FACE_BOUND('',#1894,.T.);
#2033=FACE_BOUND('',#1895,.T.);
#2034=FACE_BOUND('',#1896,.T.);
#2035=FACE_BOUND('',#1897,.T.);
#2036=FACE_BOUND('',#1898,.T.);
#2037=FACE_BOUND('',#1899,.T.);
#2038=FACE_BOUND('',#1900,.T.);
#2039=FACE_BOUND('',#1901,.T.);
#2040=FACE_BOUND('',#1902,.T.);
#2041=FACE_BOUND('',#1903,.T.);
#2042=FACE_BOUND('',#1904,.T.);
#2043=FACE_BOUND('',#1905,.T.);
#2044=FACE_BOUND('',#1906,.T.);
#2045=FACE_BOUND('',#1907,.T.);
#2046=FACE_BOUND('',#1908,.T.);
#2047=FACE_BOUND('',#1909,.T.);
#2048=FACE_BOUND('',#1910,.T.);
#2049=FACE_BOUND('',#1911,.T.);
#2050=FACE_BOUND('',#1912,.T.);
#2051=FACE_BOUND('',#1913,.T.);
#2052=FACE_BOUND('',#1914,.T.);
#2053=FACE_BOUND('',#1915,.T.);
#2054=FACE_BOUND('',#1916,.T.);
#2055=FACE_BOUND('',#1917,.T.);
#2056=FACE_BOUND('',#1918,.T.);
#2057=FACE_BOUND('',#1919,.T.);
#2058=FACE_BOUND('',#1920,.T.);
#2059=FACE_BOUND('',#1921,.T.);
#2060=FACE_BOUND('',#1922,.T.);
#2061=FACE_BOUND('',#1923,.T.);
#2062=FACE_BOUND('',#1924,.T.);
#2063=FACE_BOUND('',#1925,.T.);
#2064=FACE_BOUND('',#1926,.T.);
#2065=FACE_BOUND('',#1927,.T.);
#2066=FACE_BOUND('',#1928,.T.);
#2067=FACE_BOUND('',#1929,.T.);
#2068=FACE_BOUND('',#1930,.T.);
#2069=FACE_BOUND('',#1931,.T.);
#2070=FACE_BOUND('',#1932,.T.);
#2071=FACE_BOUND('',#1933,.T.);
#2072=FACE_BOUND('',#1934,.T.);
#2073=FACE_BOUND('',#1935,.T.);
#2074=FACE_BOUND('',#1936,.T.);
#2075=FACE_BOUND('',#1937,.T.);
#2076=FACE_BOUND('',#1938,.T.);
#2077=FACE_BOUND('',#1939,.T.);
#2078=FACE_BOUND('',#1940,.T.);
#2079=FACE_BOUND('',#1941,.T.);
#2080=FACE_BOUND('',#1942,.T.);
#2081=FACE_BOUND('',#1943,.T.);
#2082=FACE_BOUND('',#1944,.T.);
#2083=FACE_BOUND('',#1945,.T.);
#2084=FACE_BOUND('',#1946,.T.);
#2085=FACE_BOUND('',#1947,.T.);
#2086=FACE_BOUND('',#1948,.T.);
#2087=FACE_BOUND('',#1949,.T.);
#2088=FACE_BOUND('',#1950,.T.);
#2089=FACE_BOUND('',#1951,.T.);
#2090=FACE_BOUND('',#1952,.T.);
#2091=FACE_BOUND('',#1953,.T.);
#2092=FACE_BOUND('',#1954,.T.);
#2093=FACE_BOUND('',#1955,.T.);
#2094=FACE_BOUND('',#1956,.T.);
#2095=FACE_BOUND('',#1957,.T.);
#2096=FACE_BOUND('',#1958,.T.);
#2097=FACE_BOUND('',#1959,.T.);
#2098=FACE_BOUND('',#1960,.T.);
#2099=FACE_BOUND('',#1961,.T.);
#2100=FACE_BOUND('',#1962,.T.);
#2101=FACE_BOUND('',#1963,.T.);
#2102=FACE_BOUND('',#1964,.T.);
#2103=FACE_BOUND('',#1965,.T.);
#2104=FACE_BOUND('',#1966,.T.);
#2105=FACE_BOUND('',#1967,.T.);
#2106=FACE_BOUND('',#1968,.T.);
#2107=FACE_BOUND('',#1969,.T.);
#2108=FACE_BOUND('',#1970,.T.);
#2109=FACE_BOUND('',#1971,.T.);
#2110=FACE_BOUND('',#1972,.T.);
#2111=FACE_BOUND('',#1973,.T.);
#2112=FACE_BOUND('',#1974,.T.);
#2113=FACE_BOUND('',#1975,.T.);
#2114=FACE_BOUND('',#1976,.T.);
#2115=FACE_BOUND('',#1977,.T.);
#2116=FACE_BOUND('',#1978,.T.);
#2117=FACE_BOUND('',#1979,.T.);
#2118=FACE_BOUND('',#1980,.T.);
#2119=FACE_BOUND('',#1981,.T.);
#2120=FACE_BOUND('',#1982,.T.);
#2121=FACE_BOUND('',#1983,.T.);
#2122=FACE_BOUND('',#1984,.T.);
#2123=FACE_BOUND('',#1985,.T.);
#2124=FACE_BOUND('',#1986,.T.);
#2125=FACE_BOUND('',#1987,.T.);
#2126=FACE_BOUND('',#1988,.T.);
#2127=FACE_BOUND('',#1989,.T.);
#2128=FACE_BOUND('',#1990,.T.);
#2129=FACE_BOUND('',#1991,.T.);
#2130=FACE_BOUND('',#1992,.T.);
#2131=FACE_BOUND('',#1993,.T.);
#2132=FACE_BOUND('',#1994,.T.);
#2133=FACE_BOUND('',#1995,.T.);
#2134=FACE_BOUND('',#1996,.T.);
#2135=FACE_BOUND('',#1997,.T.);
#2136=FACE_BOUND('',#1998,.T.);
#2137=FACE_BOUND('',#1999,.T.);
#2138=FACE_BOUND('',#2000,.T.);
#2139=FACE_BOUND('',#2001,.T.);
#2140=FACE_BOUND('',#2002,.T.);
#2141=FACE_BOUND('',#2003,.T.);
#2142=PLANE('',#2407);
#2143=PLANE('',#2457);
#2144=PLANE('',#2507);
#2145=PLANE('',#2508);
#2146=PLANE('',#2509);
#2147=PLANE('',#2510);
#2148=PLANE('',#2511);
#2149=PLANE('',#2520);
#2150=PLANE('',#2521);
#2151=PLANE('',#2523);
#2152=PLANE('',#2525);
#2153=PLANE('',#2526);
#2154=PLANE('',#2527);
#2155=PLANE('',#2529);
#2156=PLANE('',#2531);
#2157=PLANE('',#2532);
#2158=PLANE('',#2533);
#2159=PLANE('',#2534);
#2160=PLANE('',#2535);
#2161=PLANE('',#2540);
#2162=PLANE('',#2541);
#2163=PLANE('',#2542);
#2164=PLANE('',#2543);
#2165=PLANE('',#2544);
#2166=PLANE('',#2545);
#2167=PLANE('',#2546);
#2168=PLANE('',#2547);
#2169=PLANE('',#2548);
#2170=PLANE('',#2549);
#2171=PLANE('',#2550);
#2172=PLANE('',#2551);
#2173=PLANE('',#2552);
#2174=PLANE('',#2553);
#2175=PLANE('',#2554);
#2176=PLANE('',#2555);
#2177=PLANE('',#2556);
#2178=PLANE('',#2557);
#2179=PLANE('',#2558);
#2180=PLANE('',#2559);
#2181=PLANE('',#2560);
#2182=PLANE('',#2561);
#2183=PLANE('',#2562);
#2184=PLANE('',#2563);
#2185=PLANE('',#2564);
#2186=PLANE('',#2565);
#2187=PLANE('',#2566);
#2188=PLANE('',#2567);
#2189=PLANE('',#2568);
#2190=PLANE('',#2569);
#2191=PLANE('',#2570);
#2192=PLANE('',#2571);
#2193=PLANE('',#2572);
#2194=PLANE('',#2573);
#2195=PLANE('',#2574);
#2196=PLANE('',#2575);
#2197=PLANE('',#2576);
#2198=PLANE('',#2577);
#2199=PLANE('',#2578);
#2200=PLANE('',#2579);
#2201=PLANE('',#2580);
#2202=PLANE('',#2581);
#2203=PLANE('',#2582);
#2204=PLANE('',#2583);
#2205=PLANE('',#2584);
#2206=PLANE('',#2585);
#2207=PLANE('',#2586);
#2208=PLANE('',#2587);
#2209=PLANE('',#2588);
#2210=PLANE('',#2589);
#2211=PLANE('',#2590);
#2212=PLANE('',#2591);
#2213=PLANE('',#2592);
#2214=PLANE('',#2593);
#2215=PLANE('',#2594);
#2216=PLANE('',#2595);
#2217=PLANE('',#2596);
#2218=PLANE('',#2597);
#2219=PLANE('',#2598);
#2220=PLANE('',#2599);
#2221=PLANE('',#2600);
#2222=PLANE('',#2601);
#2223=PLANE('',#2602);
#2224=PLANE('',#2603);
#2225=PLANE('',#2604);
#2226=PLANE('',#2605);
#2227=PLANE('',#2606);
#2228=PLANE('',#2607);
#2229=PLANE('',#2608);
#2230=PLANE('',#2609);
#2231=PLANE('',#2610);
#2232=PLANE('',#2611);
#2233=PLANE('',#2612);
#2234=PLANE('',#2613);
#2235=PLANE('',#2614);
#2236=PLANE('',#2615);
#2237=PLANE('',#2616);
#2238=PLANE('',#2617);
#2239=PLANE('',#2618);
#2240=PLANE('',#2619);
#2241=PLANE('',#2620);
#2242=PLANE('',#2621);
#2243=PLANE('',#2622);
#2244=PLANE('',#2623);
#2245=PLANE('',#2624);
#2246=PLANE('',#2625);
#2247=PLANE('',#2626);
#2248=PLANE('',#2627);
#2249=PLANE('',#2628);
#2250=PLANE('',#2629);
#2251=PLANE('',#2630);
#2252=PLANE('',#2631);
#2253=PLANE('',#2632);
#2254=ADVANCED_FACE('',(#2004,#2005),#2142,.T.);
#2255=ADVANCED_FACE('',(#2006),#114,.T.);
#2256=ADVANCED_FACE('',(#2007),#16,.T.);
#2257=ADVANCED_FACE('',(#2008),#17,.T.);
#2258=ADVANCED_FACE('',(#2009),#115,.T.);
#2259=ADVANCED_FACE('',(#2010),#116,.T.);
#2260=ADVANCED_FACE('',(#2011),#117,.T.);
#2261=ADVANCED_FACE('',(#2012),#18,.T.);
#2262=ADVANCED_FACE('',(#2013),#19,.T.);
#2263=ADVANCED_FACE('',(#2014,#2015),#2143,.T.);
#2264=ADVANCED_FACE('',(#2016),#118,.F.);
#2265=ADVANCED_FACE('',(#2017),#20,.F.);
#2266=ADVANCED_FACE('',(#2018),#21,.F.);
#2267=ADVANCED_FACE('',(#2019),#119,.F.);
#2268=ADVANCED_FACE('',(#2020),#120,.F.);
#2269=ADVANCED_FACE('',(#2021),#121,.F.);
#2270=ADVANCED_FACE('',(#2022),#22,.F.);
#2271=ADVANCED_FACE('',(#2023),#23,.F.);
#2272=ADVANCED_FACE('',(#2024),#2144,.T.);
#2273=ADVANCED_FACE('',(#2025),#2145,.F.);
#2274=ADVANCED_FACE('',(#2026),#2146,.F.);
#2275=ADVANCED_FACE('',(#2027),#2147,.T.);
#2276=ADVANCED_FACE('',(#2028),#2148,.F.);
#2277=ADVANCED_FACE('',(#2029),#122,.T.);
#2278=ADVANCED_FACE('',(#2030),#123,.T.);
#2279=ADVANCED_FACE('',(#2031),#124,.T.);
#2280=ADVANCED_FACE('',(#2032),#125,.T.);
#2281=ADVANCED_FACE('',(#2033),#2149,.F.);
#2282=ADVANCED_FACE('',(#2034),#2150,.F.);
#2283=ADVANCED_FACE('',(#2035),#2151,.F.);
#2284=ADVANCED_FACE('',(#2036),#2152,.F.);
#2285=ADVANCED_FACE('',(#2037),#2153,.T.);
#2286=ADVANCED_FACE('',(#2038),#2154,.F.);
#2287=ADVANCED_FACE('',(#2039),#2155,.F.);
#2288=ADVANCED_FACE('',(#2040),#2156,.T.);
#2289=ADVANCED_FACE('',(#2041),#2157,.F.);
#2290=ADVANCED_FACE('',(#2042),#2158,.T.);
#2291=ADVANCED_FACE('',(#2043),#2159,.T.);
#2292=ADVANCED_FACE('',(#2044),#2160,.F.);
#2293=ADVANCED_FACE('',(#2045),#126,.F.);
#2294=ADVANCED_FACE('',(#2046),#127,.F.);
#2295=ADVANCED_FACE('',(#2047),#128,.F.);
#2296=ADVANCED_FACE('',(#2048),#129,.F.);
#2297=ADVANCED_FACE('',(#2049),#2161,.T.);
#2298=ADVANCED_FACE('',(#2050),#2162,.F.);
#2299=ADVANCED_FACE('',(#2051),#2163,.F.);
#2300=ADVANCED_FACE('',(#2052),#2164,.F.);
#2301=ADVANCED_FACE('',(#2053),#2165,.F.);
#2302=ADVANCED_FACE('',(#2054),#2166,.F.);
#2303=ADVANCED_FACE('',(#2055),#2167,.F.);
#2304=ADVANCED_FACE('',(#2056),#2168,.T.);
#2305=ADVANCED_FACE('',(#2057),#2169,.F.);
#2306=ADVANCED_FACE('',(#2058),#2170,.F.);
#2307=ADVANCED_FACE('',(#2059),#2171,.F.);
#2308=ADVANCED_FACE('',(#2060),#2172,.F.);
#2309=ADVANCED_FACE('',(#2061),#2173,.F.);
#2310=ADVANCED_FACE('',(#2062),#2174,.F.);
#2311=ADVANCED_FACE('',(#2063),#2175,.T.);
#2312=ADVANCED_FACE('',(#2064),#2176,.F.);
#2313=ADVANCED_FACE('',(#2065),#2177,.F.);
#2314=ADVANCED_FACE('',(#2066),#2178,.F.);
#2315=ADVANCED_FACE('',(#2067),#2179,.F.);
#2316=ADVANCED_FACE('',(#2068),#2180,.F.);
#2317=ADVANCED_FACE('',(#2069),#2181,.F.);
#2318=ADVANCED_FACE('',(#2070),#2182,.T.);
#2319=ADVANCED_FACE('',(#2071),#2183,.F.);
#2320=ADVANCED_FACE('',(#2072),#2184,.F.);
#2321=ADVANCED_FACE('',(#2073),#2185,.F.);
#2322=ADVANCED_FACE('',(#2074),#2186,.F.);
#2323=ADVANCED_FACE('',(#2075),#2187,.F.);
#2324=ADVANCED_FACE('',(#2076),#2188,.F.);
#2325=ADVANCED_FACE('',(#2077),#2189,.F.);
#2326=ADVANCED_FACE('',(#2078),#2190,.F.);
#2327=ADVANCED_FACE('',(#2079),#2191,.F.);
#2328=ADVANCED_FACE('',(#2080),#2192,.F.);
#2329=ADVANCED_FACE('',(#2081),#2193,.F.);
#2330=ADVANCED_FACE('',(#2082),#2194,.F.);
#2331=ADVANCED_FACE('',(#2083),#2195,.F.);
#2332=ADVANCED_FACE('',(#2084),#2196,.F.);
#2333=ADVANCED_FACE('',(#2085),#2197,.F.);
#2334=ADVANCED_FACE('',(#2086),#2198,.F.);
#2335=ADVANCED_FACE('',(#2087),#2199,.F.);
#2336=ADVANCED_FACE('',(#2088),#2200,.F.);
#2337=ADVANCED_FACE('',(#2089),#2201,.F.);
#2338=ADVANCED_FACE('',(#2090),#2202,.F.);
#2339=ADVANCED_FACE('',(#2091),#2203,.F.);
#2340=ADVANCED_FACE('',(#2092),#2204,.F.);
#2341=ADVANCED_FACE('',(#2093),#2205,.F.);
#2342=ADVANCED_FACE('',(#2094),#2206,.F.);
#2343=ADVANCED_FACE('',(#2095),#2207,.F.);
#2344=ADVANCED_FACE('',(#2096),#2208,.F.);
#2345=ADVANCED_FACE('',(#2097),#2209,.F.);
#2346=ADVANCED_FACE('',(#2098),#2210,.F.);
#2347=ADVANCED_FACE('',(#2099),#2211,.F.);
#2348=ADVANCED_FACE('',(#2100),#2212,.F.);
#2349=ADVANCED_FACE('',(#2101),#2213,.T.);
#2350=ADVANCED_FACE('',(#2102),#2214,.F.);
#2351=ADVANCED_FACE('',(#2103),#2215,.F.);
#2352=ADVANCED_FACE('',(#2104),#2216,.T.);
#2353=ADVANCED_FACE('',(#2105),#2217,.T.);
#2354=ADVANCED_FACE('',(#2106),#2218,.T.);
#2355=ADVANCED_FACE('',(#2107),#2219,.F.);
#2356=ADVANCED_FACE('',(#2108),#2220,.F.);
#2357=ADVANCED_FACE('',(#2109),#2221,.T.);
#2358=ADVANCED_FACE('',(#2110),#2222,.T.);
#2359=ADVANCED_FACE('',(#2111),#2223,.T.);
#2360=ADVANCED_FACE('',(#2112),#2224,.F.);
#2361=ADVANCED_FACE('',(#2113),#2225,.T.);
#2362=ADVANCED_FACE('',(#2114),#2226,.T.);
#2363=ADVANCED_FACE('',(#2115),#2227,.T.);
#2364=ADVANCED_FACE('',(#2116),#2228,.T.);
#2365=ADVANCED_FACE('',(#2117),#2229,.T.);
#2366=ADVANCED_FACE('',(#2118),#2230,.T.);
#2367=ADVANCED_FACE('',(#2119),#2231,.T.);
#2368=ADVANCED_FACE('',(#2120),#2232,.T.);
#2369=ADVANCED_FACE('',(#2121),#2233,.T.);
#2370=ADVANCED_FACE('',(#2122),#2234,.F.);
#2371=ADVANCED_FACE('',(#2123),#2235,.T.);
#2372=ADVANCED_FACE('',(#2124),#2236,.T.);
#2373=ADVANCED_FACE('',(#2125),#2237,.T.);
#2374=ADVANCED_FACE('',(#2126),#2238,.T.);
#2375=ADVANCED_FACE('',(#2127),#2239,.T.);
#2376=ADVANCED_FACE('',(#2128),#2240,.T.);
#2377=ADVANCED_FACE('',(#2129),#2241,.T.);
#2378=ADVANCED_FACE('',(#2130),#2242,.T.);
#2379=ADVANCED_FACE('',(#2131),#2243,.F.);
#2380=ADVANCED_FACE('',(#2132),#2244,.T.);
#2381=ADVANCED_FACE('',(#2133),#2245,.T.);
#2382=ADVANCED_FACE('',(#2134),#2246,.T.);
#2383=ADVANCED_FACE('',(#2135),#2247,.F.);
#2384=ADVANCED_FACE('',(#2136),#2248,.T.);
#2385=ADVANCED_FACE('',(#2137),#2249,.T.);
#2386=ADVANCED_FACE('',(#2138),#2250,.T.);
#2387=ADVANCED_FACE('',(#2139),#2251,.T.);
#2388=ADVANCED_FACE('',(#2140),#2252,.T.);
#2389=ADVANCED_FACE('',(#2141),#2253,.T.);
#2390=CLOSED_SHELL('',(#2254,#2255,#2256,#2257,#2258,#2259,#2260,#2261,
#2262,#2263,#2264,#2265,#2266,#2267,#2268,#2269,#2270,#2271,#2272,#2273,
#2274,#2275,#2276,#2277,#2278,#2279,#2280,#2281,#2282,#2283,#2284,#2285,
#2286,#2287,#2288,#2289,#2290,#2291,#2292,#2293,#2294,#2295,#2296,#2297,
#2298,#2299,#2300,#2301,#2302,#2303,#2304,#2305,#2306,#2307,#2308,#2309,
#2310,#2311,#2312,#2313,#2314,#2315,#2316,#2317,#2318,#2319,#2320,#2321,
#2322,#2323,#2324,#2325,#2326,#2327,#2328,#2329,#2330,#2331,#2332,#2333,
#2334,#2335,#2336,#2337,#2338,#2339,#2340,#2341,#2342,#2343,#2344,#2345,
#2346,#2347,#2348,#2349,#2350,#2351,#2352,#2353,#2354,#2355,#2356,#2357));
#2391=CLOSED_SHELL('',(#2358,#2359,#2360,#2361,#2362,#2363,#2364,#2365));
#2392=CLOSED_SHELL('',(#2366,#2367,#2368,#2369,#2370,#2371,#2372,#2373));
#2393=CLOSED_SHELL('',(#2374,#2375,#2376,#2377,#2378,#2379,#2380,#2381));
#2394=CLOSED_SHELL('',(#2382,#2383,#2384,#2385,#2386,#2387,#2388,#2389));
#2395=STYLED_ITEM('',(#2396),#2403);
#2396=PRESENTATION_STYLE_ASSIGNMENT((#2397));
#2397=SURFACE_STYLE_USAGE(.BOTH.,#2398);
#2398=SURFACE_SIDE_STYLE('',(#2399));
#2399=SURFACE_STYLE_FILL_AREA(#2400);
#2400=FILL_AREA_STYLE('',(#2401));
#2401=FILL_AREA_STYLE_COLOUR('',#2402);
#2402=COLOUR_RGB('',0.231372549019608,0.380392156862745,0.705882352941177);
#2403=BREP_WITH_VOIDS('Part 1',#2390,(#12,#13,#14,#15));
#2404=SHAPE_DEFINITION_REPRESENTATION(#4036,#2405);
#2405=SHAPE_REPRESENTATION('Part 1',(#2406),#4031);
#2406=AXIS2_PLACEMENT_3D('',#3337,#2633,#2634);
#2407=AXIS2_PLACEMENT_3D('',#3338,#2635,#2636);
#2408=AXIS2_PLACEMENT_3D('',#3355,#2645,#2646);
#2409=AXIS2_PLACEMENT_3D('',#3356,#2647,#2648);
#2410=AXIS2_PLACEMENT_3D('',#3359,#2649,#2650);
#2411=AXIS2_PLACEMENT_3D('',#3361,#2651,#2652);
#2412=AXIS2_PLACEMENT_3D('',#3365,#2654,#2655);
#2413=AXIS2_PLACEMENT_3D('',#3367,#2656,#2657);
#2414=AXIS2_PLACEMENT_3D('',#3369,#2658,#2659);
#2415=AXIS2_PLACEMENT_3D('',#3372,#2661,#2662);
#2416=AXIS2_PLACEMENT_3D('',#3373,#2663,#2664);
#2417=AXIS2_PLACEMENT_3D('',#3376,#2665,#2666);
#2418=AXIS2_PLACEMENT_3D('',#3378,#2667,#2668);
#2419=AXIS2_PLACEMENT_3D('',#3380,#2669,#2670);
#2420=AXIS2_PLACEMENT_3D('',#3381,#2671,#2672);
#2421=AXIS2_PLACEMENT_3D('',#3382,#2673,#2674);
#2422=AXIS2_PLACEMENT_3D('',#3383,#2675,#2676);
#2423=AXIS2_PLACEMENT_3D('',#3385,#2677,#2678);
#2424=AXIS2_PLACEMENT_3D('',#3387,#2679,#2680);
#2425=AXIS2_PLACEMENT_3D('',#3389,#2681,#2682);
#2426=AXIS2_PLACEMENT_3D('',#3391,#2683,#2684);
#2427=AXIS2_PLACEMENT_3D('',#3392,#2685,#2686);
#2428=AXIS2_PLACEMENT_3D('',#3393,#2687,#2688);
#2429=AXIS2_PLACEMENT_3D('',#3399,#2691,#2692);
#2430=AXIS2_PLACEMENT_3D('',#3403,#2694,#2695);
#2431=AXIS2_PLACEMENT_3D('',#3405,#2696,#2697);
#2432=AXIS2_PLACEMENT_3D('',#3409,#2699,#2700);
#2433=AXIS2_PLACEMENT_3D('',#3410,#2701,#2702);
#2434=AXIS2_PLACEMENT_3D('',#3411,#2703,#2704);
#2435=AXIS2_PLACEMENT_3D('',#3414,#2705,#2706);
#2436=AXIS2_PLACEMENT_3D('',#3416,#2707,#2708);
#2437=AXIS2_PLACEMENT_3D('',#3420,#2710,#2711);
#2438=AXIS2_PLACEMENT_3D('',#3422,#2712,#2713);
#2439=AXIS2_PLACEMENT_3D('',#3424,#2714,#2715);
#2440=AXIS2_PLACEMENT_3D('',#3427,#2717,#2718);
#2441=AXIS2_PLACEMENT_3D('',#3428,#2719,#2720);
#2442=AXIS2_PLACEMENT_3D('',#3433,#2722,#2723);
#2443=AXIS2_PLACEMENT_3D('',#3436,#2725,#2726);
#2444=AXIS2_PLACEMENT_3D('',#3438,#2727,#2728);
#2445=AXIS2_PLACEMENT_3D('',#3440,#2729,#2730);
#2446=AXIS2_PLACEMENT_3D('',#3444,#2732,#2733);
#2447=AXIS2_PLACEMENT_3D('',#3445,#2734,#2735);
#2448=AXIS2_PLACEMENT_3D('',#3446,#2736,#2737);
#2449=AXIS2_PLACEMENT_3D('',#3449,#2738,#2739);
#2450=AXIS2_PLACEMENT_3D('',#3450,#2740,#2741);
#2451=AXIS2_PLACEMENT_3D('',#3451,#2742,#2743);
#2452=AXIS2_PLACEMENT_3D('',#3452,#2744,#2745);
#2453=AXIS2_PLACEMENT_3D('',#3453,#2746,#2747);
#2454=AXIS2_PLACEMENT_3D('',#3455,#2748,#2749);
#2455=AXIS2_PLACEMENT_3D('',#3457,#2750,#2751);
#2456=AXIS2_PLACEMENT_3D('',#3458,#2752,#2753);
#2457=AXIS2_PLACEMENT_3D('',#3459,#2754,#2755);
#2458=AXIS2_PLACEMENT_3D('',#3492,#2772,#2773);
#2459=AXIS2_PLACEMENT_3D('',#3493,#2774,#2775);
#2460=AXIS2_PLACEMENT_3D('',#3496,#2776,#2777);
#2461=AXIS2_PLACEMENT_3D('',#3500,#2779,#2780);
#2462=AXIS2_PLACEMENT_3D('',#3502,#2781,#2782);
#2463=AXIS2_PLACEMENT_3D('',#3504,#2783,#2784);
#2464=AXIS2_PLACEMENT_3D('',#3505,#2785,#2786);
#2465=AXIS2_PLACEMENT_3D('',#3506,#2787,#2788);
#2466=AXIS2_PLACEMENT_3D('',#3507,#2789,#2790);
#2467=AXIS2_PLACEMENT_3D('',#3510,#2791,#2792);
#2468=AXIS2_PLACEMENT_3D('',#3512,#2793,#2794);
#2469=AXIS2_PLACEMENT_3D('',#3513,#2795,#2796);
#2470=AXIS2_PLACEMENT_3D('',#3515,#2797,#2798);
#2471=AXIS2_PLACEMENT_3D('',#3516,#2799,#2800);
#2472=AXIS2_PLACEMENT_3D('',#3517,#2801,#2802);
#2473=AXIS2_PLACEMENT_3D('',#3519,#2803,#2804);
#2474=AXIS2_PLACEMENT_3D('',#3521,#2805,#2806);
#2475=AXIS2_PLACEMENT_3D('',#3523,#2807,#2808);
#2476=AXIS2_PLACEMENT_3D('',#3525,#2809,#2810);
#2477=AXIS2_PLACEMENT_3D('',#3526,#2811,#2812);
#2478=AXIS2_PLACEMENT_3D('',#3529,#2814,#2815);
#2479=AXIS2_PLACEMENT_3D('',#3531,#2816,#2817);
#2480=AXIS2_PLACEMENT_3D('',#3532,#2818,#2819);
#2481=AXIS2_PLACEMENT_3D('',#3534,#2820,#2821);
#2482=AXIS2_PLACEMENT_3D('',#3538,#2823,#2824);
#2483=AXIS2_PLACEMENT_3D('',#3541,#2826,#2827);
#2484=AXIS2_PLACEMENT_3D('',#3542,#2828,#2829);
#2485=AXIS2_PLACEMENT_3D('',#3545,#2830,#2831);
#2486=AXIS2_PLACEMENT_3D('',#3549,#2833,#2834);
#2487=AXIS2_PLACEMENT_3D('',#3551,#2835,#2836);
#2488=AXIS2_PLACEMENT_3D('',#3553,#2837,#2838);
#2489=AXIS2_PLACEMENT_3D('',#3554,#2839,#2840);
#2490=AXIS2_PLACEMENT_3D('',#3555,#2841,#2842);
#2491=AXIS2_PLACEMENT_3D('',#3559,#2844,#2845);
#2492=AXIS2_PLACEMENT_3D('',#3561,#2846,#2847);
#2493=AXIS2_PLACEMENT_3D('',#3562,#2848,#2849);
#2494=AXIS2_PLACEMENT_3D('',#3564,#2850,#2851);
#2495=AXIS2_PLACEMENT_3D('',#3566,#2852,#2853);
#2496=AXIS2_PLACEMENT_3D('',#3569,#2855,#2856);
#2497=AXIS2_PLACEMENT_3D('',#3570,#2857,#2858);
#2498=AXIS2_PLACEMENT_3D('',#3571,#2859,#2860);
#2499=AXIS2_PLACEMENT_3D('',#3573,#2861,#2862);
#2500=AXIS2_PLACEMENT_3D('',#3575,#2863,#2864);
#2501=AXIS2_PLACEMENT_3D('',#3576,#2865,#2866);
#2502=AXIS2_PLACEMENT_3D('',#3577,#2867,#2868);
#2503=AXIS2_PLACEMENT_3D('',#3578,#2869,#2870);
#2504=AXIS2_PLACEMENT_3D('',#3580,#2871,#2872);
#2505=AXIS2_PLACEMENT_3D('',#3581,#2873,#2874);
#2506=AXIS2_PLACEMENT_3D('',#3583,#2875,#2876);
#2507=AXIS2_PLACEMENT_3D('',#3584,#2877,#2878);
#2508=AXIS2_PLACEMENT_3D('',#3590,#2882,#2883);
#2509=AXIS2_PLACEMENT_3D('',#3596,#2887,#2888);
#2510=AXIS2_PLACEMENT_3D('',#3602,#2892,#2893);
#2511=AXIS2_PLACEMENT_3D('',#3608,#2897,#2898);
#2512=AXIS2_PLACEMENT_3D('',#3653,#2923,#2924);
#2513=AXIS2_PLACEMENT_3D('',#3654,#2925,#2926);
#2514=AXIS2_PLACEMENT_3D('',#3655,#2927,#2928);
#2515=AXIS2_PLACEMENT_3D('',#3656,#2929,#2930);
#2516=AXIS2_PLACEMENT_3D('',#3657,#2931,#2932);
#2517=AXIS2_PLACEMENT_3D('',#3658,#2933,#2934);
#2518=AXIS2_PLACEMENT_3D('',#3659,#2935,#2936);
#2519=AXIS2_PLACEMENT_3D('',#3660,#2937,#2938);
#2520=AXIS2_PLACEMENT_3D('',#3661,#2939,#2940);
#2521=AXIS2_PLACEMENT_3D('',#3667,#2944,#2945);
#2522=AXIS2_PLACEMENT_3D('',#3668,#2946,#2947);
#2523=AXIS2_PLACEMENT_3D('',#3671,#2949,#2950);
#2524=AXIS2_PLACEMENT_3D('',#3674,#2952,#2953);
#2525=AXIS2_PLACEMENT_3D('',#3675,#2954,#2955);
#2526=AXIS2_PLACEMENT_3D('',#3679,#2958,#2959);
#2527=AXIS2_PLACEMENT_3D('',#3683,#2962,#2963);
#2528=AXIS2_PLACEMENT_3D('',#3684,#2964,#2965);
#2529=AXIS2_PLACEMENT_3D('',#3687,#2967,#2968);
#2530=AXIS2_PLACEMENT_3D('',#3690,#2970,#2971);
#2531=AXIS2_PLACEMENT_3D('',#3691,#2972,#2973);
#2532=AXIS2_PLACEMENT_3D('',#3693,#2975,#2976);
#2533=AXIS2_PLACEMENT_3D('',#3696,#2979,#2980);
#2534=AXIS2_PLACEMENT_3D('',#3699,#2983,#2984);
#2535=AXIS2_PLACEMENT_3D('',#3702,#2987,#2988);
#2536=AXIS2_PLACEMENT_3D('',#3705,#2991,#2992);
#2537=AXIS2_PLACEMENT_3D('',#3706,#2993,#2994);
#2538=AXIS2_PLACEMENT_3D('',#3707,#2995,#2996);
#2539=AXIS2_PLACEMENT_3D('',#3708,#2997,#2998);
#2540=AXIS2_PLACEMENT_3D('',#3709,#2999,#3000);
#2541=AXIS2_PLACEMENT_3D('',#3722,#3007,#3008);
#2542=AXIS2_PLACEMENT_3D('',#3725,#3011,#3012);
#2543=AXIS2_PLACEMENT_3D('',#3727,#3014,#3015);
#2544=AXIS2_PLACEMENT_3D('',#3729,#3017,#3018);
#2545=AXIS2_PLACEMENT_3D('',#3731,#3020,#3021);
#2546=AXIS2_PLACEMENT_3D('',#3733,#3023,#3024);
#2547=AXIS2_PLACEMENT_3D('',#3734,#3025,#3026);
#2548=AXIS2_PLACEMENT_3D('',#3747,#3033,#3034);
#2549=AXIS2_PLACEMENT_3D('',#3750,#3037,#3038);
#2550=AXIS2_PLACEMENT_3D('',#3752,#3040,#3041);
#2551=AXIS2_PLACEMENT_3D('',#3755,#3044,#3045);
#2552=AXIS2_PLACEMENT_3D('',#3756,#3046,#3047);
#2553=AXIS2_PLACEMENT_3D('',#3758,#3049,#3050);
#2554=AXIS2_PLACEMENT_3D('',#3759,#3051,#3052);
#2555=AXIS2_PLACEMENT_3D('',#3772,#3059,#3060);
#2556=AXIS2_PLACEMENT_3D('',#3775,#3063,#3064);
#2557=AXIS2_PLACEMENT_3D('',#3777,#3066,#3067);
#2558=AXIS2_PLACEMENT_3D('',#3779,#3069,#3070);
#2559=AXIS2_PLACEMENT_3D('',#3781,#3072,#3073);
#2560=AXIS2_PLACEMENT_3D('',#3783,#3075,#3076);
#2561=AXIS2_PLACEMENT_3D('',#3784,#3077,#3078);
#2562=AXIS2_PLACEMENT_3D('',#3797,#3085,#3086);
#2563=AXIS2_PLACEMENT_3D('',#3800,#3089,#3090);
#2564=AXIS2_PLACEMENT_3D('',#3802,#3092,#3093);
#2565=AXIS2_PLACEMENT_3D('',#3804,#3095,#3096);
#2566=AXIS2_PLACEMENT_3D('',#3806,#3098,#3099);
#2567=AXIS2_PLACEMENT_3D('',#3808,#3101,#3102);
#2568=AXIS2_PLACEMENT_3D('',#3809,#3103,#3104);
#2569=AXIS2_PLACEMENT_3D('',#3811,#3106,#3107);
#2570=AXIS2_PLACEMENT_3D('',#3813,#3109,#3110);
#2571=AXIS2_PLACEMENT_3D('',#3815,#3112,#3113);
#2572=AXIS2_PLACEMENT_3D('',#3817,#3115,#3116);
#2573=AXIS2_PLACEMENT_3D('',#3819,#3118,#3119);
#2574=AXIS2_PLACEMENT_3D('',#3820,#3120,#3121);
#2575=AXIS2_PLACEMENT_3D('',#3822,#3123,#3124);
#2576=AXIS2_PLACEMENT_3D('',#3824,#3126,#3127);
#2577=AXIS2_PLACEMENT_3D('',#3827,#3130,#3131);
#2578=AXIS2_PLACEMENT_3D('',#3828,#3132,#3133);
#2579=AXIS2_PLACEMENT_3D('',#3830,#3135,#3136);
#2580=AXIS2_PLACEMENT_3D('',#3831,#3137,#3138);
#2581=AXIS2_PLACEMENT_3D('',#3833,#3140,#3141);
#2582=AXIS2_PLACEMENT_3D('',#3835,#3143,#3144);
#2583=AXIS2_PLACEMENT_3D('',#3837,#3146,#3147);
#2584=AXIS2_PLACEMENT_3D('',#3839,#3149,#3150);
#2585=AXIS2_PLACEMENT_3D('',#3841,#3152,#3153);
#2586=AXIS2_PLACEMENT_3D('',#3842,#3154,#3155);
#2587=AXIS2_PLACEMENT_3D('',#3844,#3157,#3158);
#2588=AXIS2_PLACEMENT_3D('',#3846,#3160,#3161);
#2589=AXIS2_PLACEMENT_3D('',#3849,#3164,#3165);
#2590=AXIS2_PLACEMENT_3D('',#3851,#3167,#3168);
#2591=AXIS2_PLACEMENT_3D('',#3852,#3169,#3170);
#2592=AXIS2_PLACEMENT_3D('',#3853,#3171,#3172);
#2593=AXIS2_PLACEMENT_3D('',#3856,#3175,#3176);
#2594=AXIS2_PLACEMENT_3D('',#3858,#3178,#3179);
#2595=AXIS2_PLACEMENT_3D('',#3860,#3181,#3182);
#2596=AXIS2_PLACEMENT_3D('',#3861,#3183,#3184);
#2597=AXIS2_PLACEMENT_3D('',#3867,#3188,#3189);
#2598=AXIS2_PLACEMENT_3D('',#3871,#3192,#3193);
#2599=AXIS2_PLACEMENT_3D('',#3875,#3196,#3197);
#2600=AXIS2_PLACEMENT_3D('',#3877,#3199,#3200);
#2601=AXIS2_PLACEMENT_3D('',#3878,#3201,#3202);
#2602=AXIS2_PLACEMENT_3D('',#3887,#3207,#3208);
#2603=AXIS2_PLACEMENT_3D('',#3893,#3212,#3213);
#2604=AXIS2_PLACEMENT_3D('',#3901,#3218,#3219);
#2605=AXIS2_PLACEMENT_3D('',#3909,#3224,#3225);
#2606=AXIS2_PLACEMENT_3D('',#3911,#3227,#3228);
#2607=AXIS2_PLACEMENT_3D('',#3913,#3230,#3231);
#2608=AXIS2_PLACEMENT_3D('',#3915,#3233,#3234);
#2609=AXIS2_PLACEMENT_3D('',#3916,#3235,#3236);
#2610=AXIS2_PLACEMENT_3D('',#3925,#3241,#3242);
#2611=AXIS2_PLACEMENT_3D('',#3931,#3246,#3247);
#2612=AXIS2_PLACEMENT_3D('',#3940,#3252,#3253);
#2613=AXIS2_PLACEMENT_3D('',#3943,#3256,#3257);
#2614=AXIS2_PLACEMENT_3D('',#3947,#3260,#3261);
#2615=AXIS2_PLACEMENT_3D('',#3951,#3264,#3265);
#2616=AXIS2_PLACEMENT_3D('',#3953,#3267,#3268);
#2617=AXIS2_PLACEMENT_3D('',#3954,#3269,#3270);
#2618=AXIS2_PLACEMENT_3D('',#3963,#3275,#3276);
#2619=AXIS2_PLACEMENT_3D('',#3972,#3281,#3282);
#2620=AXIS2_PLACEMENT_3D('',#3981,#3287,#3288);
#2621=AXIS2_PLACEMENT_3D('',#3984,#3291,#3292);
#2622=AXIS2_PLACEMENT_3D('',#3987,#3295,#3296);
#2623=AXIS2_PLACEMENT_3D('',#3989,#3298,#3299);
#2624=AXIS2_PLACEMENT_3D('',#3991,#3301,#3302);
#2625=AXIS2_PLACEMENT_3D('',#3992,#3303,#3304);
#2626=AXIS2_PLACEMENT_3D('',#4001,#3309,#3310);
#2627=AXIS2_PLACEMENT_3D('',#4011,#3316,#3317);
#2628=AXIS2_PLACEMENT_3D('',#4021,#3323,#3324);
#2629=AXIS2_PLACEMENT_3D('',#4024,#3327,#3328);
#2630=AXIS2_PLACEMENT_3D('',#4026,#3330,#3331);
#2631=AXIS2_PLACEMENT_3D('',#4028,#3333,#3334);
#2632=AXIS2_PLACEMENT_3D('',#4029,#3335,#3336);
#2633=DIRECTION('',(0.,0.,1.));
#2634=DIRECTION('',(1.,0.,0.));
#2635=DIRECTION('',(0.,0.,1.));
#2636=DIRECTION('',(1.,0.,0.));
#2637=DIRECTION('',(-1.,-1.38777878078145E-16,0.));
#2638=DIRECTION('',(0.,1.,0.));
#2639=DIRECTION('',(-1.,-1.38777878078145E-16,0.));
#2640=DIRECTION('',(0.,1.,0.));
#2641=DIRECTION('',(0.,1.,0.));
#2642=DIRECTION('',(-1.,-1.38777878078145E-16,0.));
#2643=DIRECTION('',(0.,1.,0.));
#2644=DIRECTION('',(-1.,-1.38777878078145E-16,0.));
#2645=DIRECTION('',(-1.,-1.87537673078574E-16,0.));
#2646=DIRECTION('',(1.87537673078574E-16,-1.,0.));
#2647=DIRECTION('',(1.,3.46944695195361E-16,0.));
#2648=DIRECTION('',(-3.46944695195361E-16,1.,0.));
#2649=DIRECTION('',(0.5,-0.866025403784438,0.));
#2650=DIRECTION('',(-0.866025403784438,-0.5,0.));
#2651=DIRECTION('',(1.,3.96508223080413E-15,0.));
#2652=DIRECTION('',(-3.96508223080413E-15,1.,0.));
#2653=DIRECTION('',(-1.,-1.87537673078574E-16,0.));
#2654=DIRECTION('',(-0.999932691709652,-0.0116022433300241,0.));
#2655=DIRECTION('',(-0.0116022433300241,0.999932691709652,0.));
#2656=DIRECTION('',(-0.489918508390137,-0.871768234760125,0.));
#2657=DIRECTION('',(-0.871768234760125,0.489918508390137,0.));
#2658=DIRECTION('',(-1.,-3.46944695195362E-16,-1.20370621524202E-31));
#2659=DIRECTION('',(3.46944695195362E-16,-1.,0.));
#2660=DIRECTION('',(-1.,-1.87537673078574E-16,0.));
#2661=DIRECTION('',(-3.46944695195361E-16,1.,1.7347234759768E-16));
#2662=DIRECTION('',(-1.,-3.46944695195361E-16,0.));
#2663=DIRECTION('',(0.,1.,0.));
#2664=DIRECTION('',(0.,0.,1.));
#2665=DIRECTION('',(-1.,-2.64338815386942E-15,0.));
#2666=DIRECTION('',(2.64338815386942E-15,-1.,0.));
#2667=DIRECTION('',(-0.5,-0.86602540378444,0.));
#2668=DIRECTION('',(0.86602540378444,-0.5,0.));
#2669=DIRECTION('',(0.5,-0.866025403784438,0.));
#2670=DIRECTION('',(0.866025403784438,0.5,0.));
#2671=DIRECTION('',(0.,0.,-1.));
#2672=DIRECTION('',(-1.,0.,0.));
#2673=DIRECTION('',(0.,0.,-1.));
#2674=DIRECTION('',(-1.,0.,0.));
#2675=DIRECTION('',(-0.489918508390137,-0.871768234760125,0.));
#2676=DIRECTION('',(0.871768234760125,-0.489918508390137,0.));
#2677=DIRECTION('',(0.510014183319516,-0.8601659914301,0.));
#2678=DIRECTION('',(0.8601659914301,0.510014183319516,0.));
#2679=DIRECTION('',(0.999932691709652,0.0116022433300249,0.));
#2680=DIRECTION('',(-0.0116022433300249,0.999932691709652,0.));
#2681=DIRECTION('',(0.,1.,0.));
#2682=DIRECTION('',(0.,0.,1.));
#2683=DIRECTION('',(0.,1.7347234759768E-16,-1.));
#2684=DIRECTION('',(0.,1.,1.7347234759768E-16));
#2685=DIRECTION('',(9.37688365392869E-17,1.,0.));
#2686=DIRECTION('',(-1.,9.37688365392869E-17,0.));
#2687=DIRECTION('',(-0.5,0.866025403784438,0.));
#2688=DIRECTION('',(0.866025403784438,0.5,0.));
#2689=DIRECTION('',(9.37688365392869E-17,1.,0.));
#2690=DIRECTION('',(9.37688365392869E-17,1.,0.));
#2691=DIRECTION('',(0.,-1.,0.));
#2692=DIRECTION('',(0.,0.,-1.));
#2693=DIRECTION('',(9.37688365392869E-17,1.,0.));
#2694=DIRECTION('',(-0.5,-0.866025403784439,0.));
#2695=DIRECTION('',(-0.866025403784439,0.5,0.));
#2696=DIRECTION('',(0.5,-0.866025403784438,0.));
#2697=DIRECTION('',(0.866025403784438,0.5,0.));
#2698=DIRECTION('',(9.37688365392869E-17,1.,0.));
#2699=DIRECTION('',(0.5,0.86602540378444,0.));
#2700=DIRECTION('',(-0.86602540378444,0.5,0.));
#2701=DIRECTION('',(1.,9.37688365392869E-17,0.));
#2702=DIRECTION('',(-9.37688365392869E-17,1.,0.));
#2703=DIRECTION('',(-1.,0.,0.));
#2704=DIRECTION('',(0.,0.,1.));
#2705=DIRECTION('',(-0.5,0.866025403784438,0.));
#2706=DIRECTION('',(0.866025403784438,0.5,0.));
#2707=DIRECTION('',(-1.,-3.08395284618102E-15,0.));
#2708=DIRECTION('',(3.08395284618102E-15,-1.,0.));
#2709=DIRECTION('',(-1.,-9.37688365392869E-17,0.));
#2710=DIRECTION('',(1.,3.08395284618101E-15,0.));
#2711=DIRECTION('',(-3.08395284618101E-15,1.,0.));
#2712=DIRECTION('',(0.5,0.866025403784439,0.));
#2713=DIRECTION('',(0.866025403784439,-0.5,0.));
#2714=DIRECTION('',(1.,0.,0.));
#2715=DIRECTION('',(0.,0.,-1.));
#2716=DIRECTION('',(-1.,-9.37688365392869E-17,0.));
#2717=DIRECTION('',(-9.37688365392869E-17,-1.,0.));
#2718=DIRECTION('',(1.,-9.37688365392869E-17,0.));
#2719=DIRECTION('',(0.5,-0.866025403784438,0.));
#2720=DIRECTION('',(-0.866025403784438,-0.5,0.));
#2721=DIRECTION('',(-9.37688365392869E-17,-1.,0.));
#2722=DIRECTION('',(0.,-1.,0.));
#2723=DIRECTION('',(0.,0.,-1.));
#2724=DIRECTION('',(9.37688365392869E-17,1.,0.));
#2725=DIRECTION('',(0.999932691709652,0.0116022433300249,0.));
#2726=DIRECTION('',(0.0116022433300249,-0.999932691709652,0.));
#2727=DIRECTION('',(0.489918508390136,0.871768234760125,0.));
#2728=DIRECTION('',(0.871768234760125,-0.489918508390136,0.));
#2729=DIRECTION('',(-0.510014183319516,0.8601659914301,0.));
#2730=DIRECTION('',(-0.8601659914301,-0.510014183319516,0.));
#2731=DIRECTION('',(9.37688365392869E-17,1.,0.));
#2732=DIRECTION('',(-0.5,-0.866025403784439,0.));
#2733=DIRECTION('',(0.86602540378444,-0.5,0.));
#2734=DIRECTION('',(0.,0.,-1.));
#2735=DIRECTION('',(-1.,0.,0.));
#2736=DIRECTION('',(-0.5,0.866025403784439,0.));
#2737=DIRECTION('',(-0.866025403784439,-0.5,0.));
#2738=DIRECTION('',(-1.,0.,0.));
#2739=DIRECTION('',(0.,0.,1.));
#2740=DIRECTION('',(0.,1.7347234759768E-16,-1.));
#2741=DIRECTION('',(0.,1.,1.7347234759768E-16));
#2742=DIRECTION('',(0.5,0.866025403784439,0.));
#2743=DIRECTION('',(-0.866025403784439,0.5,0.));
#2744=DIRECTION('',(0.,0.,-1.));
#2745=DIRECTION('',(-1.,0.,0.));
#2746=DIRECTION('',(1.,0.,0.));
#2747=DIRECTION('',(0.,0.,-1.));
#2748=DIRECTION('',(0.5,0.866025403784439,0.));
#2749=DIRECTION('',(-0.86602540378444,0.5,0.));
#2750=DIRECTION('',(-0.5,0.866025403784438,0.));
#2751=DIRECTION('',(-0.866025403784438,-0.5,0.));
#2752=DIRECTION('',(0.,0.,-1.));
#2753=DIRECTION('',(-1.,0.,0.));
#2754=DIRECTION('',(0.,0.,1.));
#2755=DIRECTION('',(1.,0.,0.));
#2756=DIRECTION('',(-1.,-1.38777878078145E-16,0.));
#2757=DIRECTION('',(0.,1.,0.));
#2758=DIRECTION('',(-1.,-1.38777878078145E-16,0.));
#2759=DIRECTION('',(0.,1.,0.));
#2760=DIRECTION('',(-0.86602540378444,0.5,0.));
#2761=DIRECTION('',(-3.96508223080413E-15,1.,0.));
#2762=DIRECTION('',(1.,0.,0.));
#2763=DIRECTION('',(0.0116022433300241,-0.999932691709652,0.));
#2764=DIRECTION('',(-0.8601659914301,-0.510014183319516,0.));
#2765=DIRECTION('',(0.,1.,0.));
#2766=DIRECTION('',(0.86602540378444,-0.5,0.));
#2767=DIRECTION('',(3.08395284618102E-15,-1.,0.));
#2768=DIRECTION('',(1.,0.,0.));
#2769=DIRECTION('',(-3.08395284618101E-15,1.,0.));
#2770=DIRECTION('',(0.866025403784438,0.5,0.));
#2771=DIRECTION('',(0.,1.,0.));
#2772=DIRECTION('',(-1.,-1.87537673078574E-16,0.));
#2773=DIRECTION('',(1.87537673078574E-16,-1.,0.));
#2774=DIRECTION('',(0.5,-0.866025403784438,0.));
#2775=DIRECTION('',(-0.866025403784438,-0.5,0.));
#2776=DIRECTION('',(1.,3.46944695195361E-16,1.83697019872103E-16));
#2777=DIRECTION('',(-3.46944695195361E-16,1.,0.));
#2778=DIRECTION('',(1.,1.87537673078574E-16,0.));
#2779=DIRECTION('',(-1.,-5.0532154980743E-16,0.));
#2780=DIRECTION('',(5.0532154980743E-16,-1.,0.));
#2781=DIRECTION('',(-0.489918508390137,-0.871768234760125,0.));
#2782=DIRECTION('',(-0.871768234760125,0.489918508390137,0.));
#2783=DIRECTION('',(-0.999932691709652,-0.0116022433300241,0.));
#2784=DIRECTION('',(-0.0116022433300241,0.999932691709652,0.));
#2785=DIRECTION('',(1.,3.96508223080413E-15,0.));
#2786=DIRECTION('',(-3.96508223080413E-15,1.,0.));
#2787=DIRECTION('',(-3.46944695195361E-16,1.,1.7347234759768E-16));
#2788=DIRECTION('',(-1.,-3.46944695195361E-16,0.));
#2789=DIRECTION('',(-1.,-2.64338815386942E-15,0.));
#2790=DIRECTION('',(2.64338815386942E-15,-1.,0.));
#2791=DIRECTION('',(9.37688365392869E-17,1.,0.));
#2792=DIRECTION('',(-1.,9.37688365392869E-17,0.));
#2793=DIRECTION('',(0.,0.,-1.));
#2794=DIRECTION('',(-1.,0.,0.));
#2795=DIRECTION('',(0.5,-0.866025403784438,0.));
#2796=DIRECTION('',(0.866025403784438,0.5,0.));
#2797=DIRECTION('',(-0.5,-0.86602540378444,0.));
#2798=DIRECTION('',(0.86602540378444,-0.5,0.));
#2799=DIRECTION('',(0.,0.,-1.));
#2800=DIRECTION('',(-1.,0.,0.));
#2801=DIRECTION('',(-0.489918508390137,-0.871768234760125,0.));
#2802=DIRECTION('',(0.871768234760125,-0.489918508390137,0.));
#2803=DIRECTION('',(0.,0.,1.));
#2804=DIRECTION('',(1.,0.,0.));
#2805=DIRECTION('',(-9.37688365392869E-17,-1.,0.));
#2806=DIRECTION('',(1.,-9.37688365392869E-17,0.));
#2807=DIRECTION('',(0.999932691709652,0.0116022433300249,0.));
#2808=DIRECTION('',(-0.0116022433300249,0.999932691709652,0.));
#2809=DIRECTION('',(0.510014183319516,-0.8601659914301,0.));
#2810=DIRECTION('',(0.8601659914301,0.510014183319516,0.));
#2811=DIRECTION('',(9.37688365392869E-17,1.,0.));
#2812=DIRECTION('',(-1.,9.37688365392869E-17,0.));
#2813=DIRECTION('',(9.37688365392869E-17,1.,0.));
#2814=DIRECTION('',(-0.5,0.866025403784438,0.));
#2815=DIRECTION('',(0.866025403784438,0.5,0.));
#2816=DIRECTION('',(0.5,0.86602540378444,0.));
#2817=DIRECTION('',(-0.86602540378444,0.5,0.));
#2818=DIRECTION('',(0.5,-0.866025403784438,0.));
#2819=DIRECTION('',(0.866025403784438,0.5,0.));
#2820=DIRECTION('',(-0.5,-0.866025403784439,0.));
#2821=DIRECTION('',(-0.866025403784439,0.5,0.));
#2822=DIRECTION('',(9.37688365392869E-17,1.,0.));
#2823=DIRECTION('',(-1.22464679914735E-16,1.,0.));
#2824=DIRECTION('',(-1.,-1.22464679914735E-16,0.));
#2825=DIRECTION('',(-9.37688365392869E-17,-1.,0.));
#2826=DIRECTION('',(1.,9.37688365392869E-17,0.));
#2827=DIRECTION('',(-9.37688365392869E-17,1.,0.));
#2828=DIRECTION('',(-0.5,0.866025403784438,0.));
#2829=DIRECTION('',(0.866025403784438,0.5,0.));
#2830=DIRECTION('',(1.,1.83697019872103E-16,0.));
#2831=DIRECTION('',(-1.83697019872103E-16,1.,0.));
#2832=DIRECTION('',(1.,9.37688365392869E-17,0.));
#2833=DIRECTION('',(1.,1.83697019872103E-16,0.));
#2834=DIRECTION('',(-1.83697019872103E-16,1.,0.));
#2835=DIRECTION('',(0.5,0.866025403784439,0.));
#2836=DIRECTION('',(0.866025403784439,-0.5,0.));
#2837=DIRECTION('',(1.,3.08395284618101E-15,0.));
#2838=DIRECTION('',(-3.08395284618101E-15,1.,0.));
#2839=DIRECTION('',(-1.,-3.08395284618102E-15,0.));
#2840=DIRECTION('',(3.08395284618102E-15,-1.,0.));
#2841=DIRECTION('',(-9.37688365392869E-17,-1.,0.));
#2842=DIRECTION('',(1.,-9.37688365392869E-17,0.));
#2843=DIRECTION('',(-9.37688365392869E-17,-1.,0.));
#2844=DIRECTION('',(0.5,-0.866025403784438,0.));
#2845=DIRECTION('',(-0.866025403784438,-0.5,0.));
#2846=DIRECTION('',(-0.5,-0.866025403784439,0.));
#2847=DIRECTION('',(0.86602540378444,-0.5,0.));
#2848=DIRECTION('',(-0.510014183319516,0.8601659914301,0.));
#2849=DIRECTION('',(-0.8601659914301,-0.510014183319516,0.));
#2850=DIRECTION('',(0.489918508390136,0.871768234760125,0.));
#2851=DIRECTION('',(0.871768234760125,-0.489918508390136,0.));
#2852=DIRECTION('',(0.999932691709652,0.0116022433300249,0.));
#2853=DIRECTION('',(0.0116022433300249,-0.999932691709652,0.));
#2854=DIRECTION('',(-9.37688365392869E-17,-1.,0.));
#2855=DIRECTION('',(0.,-1.,0.));
#2856=DIRECTION('',(0.,0.,-1.));
#2857=DIRECTION('',(0.,0.,-1.));
#2858=DIRECTION('',(-1.,0.,0.));
#2859=DIRECTION('',(-1.,0.,0.));
#2860=DIRECTION('',(0.,0.,1.));
#2861=DIRECTION('',(-0.5,0.866025403784439,0.));
#2862=DIRECTION('',(-0.866025403784439,-0.5,0.));
#2863=DIRECTION('',(0.5,0.866025403784439,0.));
#2864=DIRECTION('',(-0.866025403784439,0.5,0.));
#2865=DIRECTION('',(0.,0.,1.));
#2866=DIRECTION('',(1.,0.,0.));
#2867=DIRECTION('',(0.,0.,-1.));
#2868=DIRECTION('',(-1.,0.,0.));
#2869=DIRECTION('',(1.,0.,0.));
#2870=DIRECTION('',(0.,0.,-1.));
#2871=DIRECTION('',(0.,0.,-1.));
#2872=DIRECTION('',(-1.,0.,0.));
#2873=DIRECTION('',(-0.5,0.866025403784438,0.));
#2874=DIRECTION('',(-0.866025403784438,-0.5,0.));
#2875=DIRECTION('',(0.5,0.866025403784439,0.));
#2876=DIRECTION('',(-0.86602540378444,0.5,0.));
#2877=DIRECTION('',(9.37688365392869E-17,-1.,0.));
#2878=DIRECTION('',(1.,9.37688365392869E-17,0.));
#2879=DIRECTION('',(0.,0.,-1.));
#2880=DIRECTION('',(-1.,-9.37688365392869E-17,0.));
#2881=DIRECTION('',(0.,0.,-1.));
#2882=DIRECTION('',(-1.,9.37688365392869E-17,0.));
#2883=DIRECTION('',(-9.37688365392869E-17,-1.,0.));
#2884=DIRECTION('',(9.37688365392869E-17,1.,0.));
#2885=DIRECTION('',(0.,0.,-1.));
#2886=DIRECTION('',(0.,0.,-1.));
#2887=DIRECTION('',(1.87537673078574E-16,-1.,0.));
#2888=DIRECTION('',(1.,1.87537673078574E-16,0.));
#2889=DIRECTION('',(0.,0.,-1.));
#2890=DIRECTION('',(-1.,-1.87537673078574E-16,0.));
#2891=DIRECTION('',(0.,0.,-1.));
#2892=DIRECTION('',(-1.,9.37688365392869E-17,0.));
#2893=DIRECTION('',(-9.37688365392869E-17,-1.,0.));
#2894=DIRECTION('',(0.,0.,-1.));
#2895=DIRECTION('',(9.37688365392869E-17,1.,0.));
#2896=DIRECTION('',(0.,0.,-1.));
#2897=DIRECTION('',(0.,0.,1.));
#2898=DIRECTION('',(1.,0.,0.));
#2899=DIRECTION('',(0.86602540378444,-0.5,0.));
#2900=DIRECTION('',(-0.866025403784438,-0.5,0.));
#2901=DIRECTION('',(-0.866025403784439,0.5,0.));
#2902=DIRECTION('',(0.,1.,0.));
#2903=DIRECTION('',(0.866025403784439,0.5,0.));
#2904=DIRECTION('',(0.866025403784439,-0.5,0.));
#2905=DIRECTION('',(3.08395284618101E-15,-1.,0.));
#2906=DIRECTION('',(-3.08395284618102E-15,1.,0.));
#2907=DIRECTION('',(0.866025403784438,0.5,0.));
#2908=DIRECTION('',(0.866025403784439,-0.5,0.));
#2909=DIRECTION('',(0.,-1.,0.));
#2910=DIRECTION('',(-0.866025403784438,-0.5,0.));
#2911=DIRECTION('',(-0.866025403784439,0.5,0.));
#2912=DIRECTION('',(0.8601659914301,0.510014183319516,0.));
#2913=DIRECTION('',(0.871768234760125,-0.489918508390136,0.));
#2914=DIRECTION('',(0.0116022433300249,-0.999932691709652,0.));
#2915=DIRECTION('',(-0.8601659914301,-0.510014183319516,0.));
#2916=DIRECTION('',(-0.871768234760125,0.489918508390137,0.));
#2917=DIRECTION('',(-0.0116022433300241,0.999932691709652,0.));
#2918=DIRECTION('',(3.96508223080413E-15,-1.,0.));
#2919=DIRECTION('',(-0.866025403784438,-0.5,0.));
#2920=DIRECTION('',(-0.86602540378444,0.5,0.));
#2921=DIRECTION('',(-2.64338815386942E-15,1.,0.));
#2922=DIRECTION('',(0.866025403784438,0.5,0.));
#2923=DIRECTION('',(0.,0.,-1.));
#2924=DIRECTION('',(-1.,0.,0.));
#2925=DIRECTION('',(0.,0.,1.));
#2926=DIRECTION('',(1.,0.,0.));
#2927=DIRECTION('',(0.,0.,1.));
#2928=DIRECTION('',(1.,0.,0.));
#2929=DIRECTION('',(0.,0.,1.));
#2930=DIRECTION('',(1.,0.,0.));
#2931=DIRECTION('',(0.,0.,1.));
#2932=DIRECTION('',(1.,0.,0.));
#2933=DIRECTION('',(0.,0.,1.));
#2934=DIRECTION('',(1.,0.,0.));
#2935=DIRECTION('',(0.,0.,-1.));
#2936=DIRECTION('',(-1.,0.,0.));
#2937=DIRECTION('',(0.,0.,1.));
#2938=DIRECTION('',(1.,0.,0.));
#2939=DIRECTION('',(0.,0.,-1.));
#2940=DIRECTION('',(-1.,-1.87537673078574E-16,0.));
#2941=DIRECTION('',(3.46944695195362E-16,-1.,0.));
#2942=DIRECTION('',(1.,1.87537673078574E-16,0.));
#2943=DIRECTION('',(-3.46944695195362E-16,1.,0.));
#2944=DIRECTION('',(0.,0.,-1.));
#2945=DIRECTION('',(-1.,0.,0.));
#2946=DIRECTION('',(0.,0.,-1.));
#2947=DIRECTION('',(-1.,0.,0.));
#2948=DIRECTION('',(-1.,0.,0.));
#2949=DIRECTION('',(0.,0.,-1.));
#2950=DIRECTION('',(-1.,0.,0.));
#2951=DIRECTION('',(1.,0.,0.));
#2952=DIRECTION('',(0.,0.,-1.));
#2953=DIRECTION('',(-1.,0.,0.));
#2954=DIRECTION('',(0.,0.,-1.));
#2955=DIRECTION('',(9.37688365392869E-17,1.,0.));
#2956=DIRECTION('',(-9.37688365392869E-17,-1.,0.));
#2957=DIRECTION('',(1.,0.,0.));
#2958=DIRECTION('',(0.,0.,1.));
#2959=DIRECTION('',(9.37688365392869E-17,1.,0.));
#2960=DIRECTION('',(1.,0.,0.));
#2961=DIRECTION('',(-9.37688365392869E-17,-1.,0.));
#2962=DIRECTION('',(0.,0.,-1.));
#2963=DIRECTION('',(-1.,0.,0.));
#2964=DIRECTION('',(0.,0.,-1.));
#2965=DIRECTION('',(-1.,0.,0.));
#2966=DIRECTION('',(0.,1.,0.));
#2967=DIRECTION('',(0.,0.,-1.));
#2968=DIRECTION('',(-1.,0.,0.));
#2969=DIRECTION('',(0.,1.,0.));
#2970=DIRECTION('',(0.,0.,-1.));
#2971=DIRECTION('',(-1.,0.,0.));
#2972=DIRECTION('',(0.,0.,1.));
#2973=DIRECTION('',(-1.,-9.37688365392869E-17,0.));
#2974=DIRECTION('',(1.,9.37688365392869E-17,0.));
#2975=DIRECTION('',(9.37688365392869E-17,-1.,0.));
#2976=DIRECTION('',(1.,9.37688365392869E-17,0.));
#2977=DIRECTION('',(0.,0.,1.));
#2978=DIRECTION('',(0.,0.,1.));
#2979=DIRECTION('',(-1.,9.37688365392869E-17,0.));
#2980=DIRECTION('',(-9.37688365392869E-17,-1.,0.));
#2981=DIRECTION('',(0.,0.,1.));
#2982=DIRECTION('',(0.,0.,1.));
#2983=DIRECTION('',(1.87537673078574E-16,-1.,0.));
#2984=DIRECTION('',(1.,1.87537673078574E-16,0.));
#2985=DIRECTION('',(0.,0.,1.));
#2986=DIRECTION('',(0.,0.,1.));
#2987=DIRECTION('',(-1.,9.37688365392869E-17,0.));
#2988=DIRECTION('',(-9.37688365392869E-17,-1.,0.));
#2989=DIRECTION('',(0.,0.,1.));
#2990=DIRECTION('',(0.,0.,1.));
#2991=DIRECTION('',(0.,0.,-1.));
#2992=DIRECTION('',(-1.,0.,0.));
#2993=DIRECTION('',(0.,0.,1.));
#2994=DIRECTION('',(1.,0.,0.));
#2995=DIRECTION('',(0.,0.,1.));
#2996=DIRECTION('',(1.,0.,0.));
#2997=DIRECTION('',(0.,0.,-1.));
#2998=DIRECTION('',(-1.,0.,0.));
#2999=DIRECTION('',(0.,0.,1.));
#3000=DIRECTION('',(1.,0.,0.));
#3001=DIRECTION('',(-0.866025403784438,-0.5,0.));
#3002=DIRECTION('',(0.,-1.,0.));
#3003=DIRECTION('',(0.866025403784439,-0.5,0.));
#3004=DIRECTION('',(0.866025403784438,0.5,0.));
#3005=DIRECTION('',(-3.08395284618102E-15,1.,0.));
#3006=DIRECTION('',(-0.866025403784439,0.5,0.));
#3007=DIRECTION('',(-0.5,-0.866025403784439,0.));
#3008=DIRECTION('',(0.86602540378444,-0.5,0.));
#3009=DIRECTION('',(0.,0.,-1.));
#3010=DIRECTION('',(0.,0.,-1.));
#3011=DIRECTION('',(-1.,-3.08395284618102E-15,0.));
#3012=DIRECTION('',(3.08395284618102E-15,-1.,0.));
#3013=DIRECTION('',(0.,0.,-1.));
#3014=DIRECTION('',(-0.5,0.866025403784438,0.));
#3015=DIRECTION('',(-0.866025403784438,-0.5,0.));
#3016=DIRECTION('',(0.,0.,-1.));
#3017=DIRECTION('',(0.5,0.866025403784439,0.));
#3018=DIRECTION('',(-0.86602540378444,0.5,0.));
#3019=DIRECTION('',(0.,0.,-1.));
#3020=DIRECTION('',(1.,0.,0.));
#3021=DIRECTION('',(0.,0.,-1.));
#3022=DIRECTION('',(0.,0.,-1.));
#3023=DIRECTION('',(0.5,-0.866025403784438,0.));
#3024=DIRECTION('',(0.866025403784438,0.5,0.));
#3025=DIRECTION('',(0.,0.,1.));
#3026=DIRECTION('',(1.,0.,0.));
#3027=DIRECTION('',(0.,1.,0.));
#3028=DIRECTION('',(-0.866025403784439,0.5,0.));
#3029=DIRECTION('',(-0.866025403784438,-0.5,0.));
#3030=DIRECTION('',(3.08395284618101E-15,-1.,0.));
#3031=DIRECTION('',(0.866025403784439,-0.5,0.));
#3032=DIRECTION('',(0.866025403784439,0.5,0.));
#3033=DIRECTION('',(1.,3.08395284618101E-15,0.));
#3034=DIRECTION('',(-3.08395284618101E-15,1.,0.));
#3035=DIRECTION('',(0.,0.,-1.));
#3036=DIRECTION('',(0.,0.,-1.));
#3037=DIRECTION('',(0.5,-0.866025403784438,0.));
#3038=DIRECTION('',(0.866025403784438,0.5,0.));
#3039=DIRECTION('',(0.,0.,-1.));
#3040=DIRECTION('',(-0.5,0.866025403784439,0.));
#3041=DIRECTION('',(-0.866025403784439,-0.5,0.));
#3042=DIRECTION('',(0.,0.,-1.));
#3043=DIRECTION('',(0.,0.,-1.));
#3044=DIRECTION('',(0.5,0.866025403784439,0.));
#3045=DIRECTION('',(-0.866025403784439,0.5,0.));
#3046=DIRECTION('',(-1.,0.,0.));
#3047=DIRECTION('',(0.,0.,1.));
#3048=DIRECTION('',(0.,0.,-1.));
#3049=DIRECTION('',(-0.5,-0.866025403784439,0.));
#3050=DIRECTION('',(0.866025403784439,-0.5,0.));
#3051=DIRECTION('',(0.,0.,1.));
#3052=DIRECTION('',(1.,0.,0.));
#3053=DIRECTION('',(0.8601659914301,0.510014183319516,0.));
#3054=DIRECTION('',(-0.0116022433300241,0.999932691709652,0.));
#3055=DIRECTION('',(-0.871768234760125,0.489918508390137,0.));
#3056=DIRECTION('',(-0.8601659914301,-0.510014183319516,0.));
#3057=DIRECTION('',(0.0116022433300249,-0.999932691709652,0.));
#3058=DIRECTION('',(0.871768234760125,-0.489918508390136,0.));
#3059=DIRECTION('',(-0.999932691709652,-0.0116022433300241,0.));
#3060=DIRECTION('',(0.0116022433300241,-0.999932691709652,0.));
#3061=DIRECTION('',(0.,0.,-1.));
#3062=DIRECTION('',(0.,0.,-1.));
#3063=DIRECTION('',(-0.510014183319516,0.8601659914301,0.));
#3064=DIRECTION('',(-0.8601659914301,-0.510014183319516,0.));
#3065=DIRECTION('',(0.,0.,-1.));
#3066=DIRECTION('',(0.489918508390136,0.871768234760125,0.));
#3067=DIRECTION('',(-0.871768234760125,0.489918508390136,0.));
#3068=DIRECTION('',(0.,0.,-1.));
#3069=DIRECTION('',(0.999932691709652,0.0116022433300249,0.));
#3070=DIRECTION('',(-0.0116022433300249,0.999932691709652,0.));
#3071=DIRECTION('',(0.,0.,-1.));
#3072=DIRECTION('',(0.510014183319516,-0.8601659914301,0.));
#3073=DIRECTION('',(0.8601659914301,0.510014183319516,0.));
#3074=DIRECTION('',(0.,0.,-1.));
#3075=DIRECTION('',(-0.489918508390137,-0.871768234760125,0.));
#3076=DIRECTION('',(0.871768234760125,-0.489918508390137,0.));
#3077=DIRECTION('',(0.,0.,1.));
#3078=DIRECTION('',(1.,0.,0.));
#3079=DIRECTION('',(-2.64338815386942E-15,1.,0.));
#3080=DIRECTION('',(-0.86602540378444,0.5,0.));
#3081=DIRECTION('',(-0.866025403784438,-0.5,0.));
#3082=DIRECTION('',(3.96508223080413E-15,-1.,0.));
#3083=DIRECTION('',(0.86602540378444,-0.5,0.));
#3084=DIRECTION('',(0.866025403784438,0.5,0.));
#3085=DIRECTION('',(0.5,0.86602540378444,0.));
#3086=DIRECTION('',(-0.86602540378444,0.5,0.));
#3087=DIRECTION('',(0.,0.,-1.));
#3088=DIRECTION('',(0.,0.,-1.));
#3089=DIRECTION('',(1.,3.96508223080413E-15,0.));
#3090=DIRECTION('',(-3.96508223080413E-15,1.,0.));
#3091=DIRECTION('',(0.,0.,-1.));
#3092=DIRECTION('',(-0.5,0.866025403784438,0.));
#3093=DIRECTION('',(-0.866025403784438,-0.5,0.));
#3094=DIRECTION('',(0.,0.,-1.));
#3095=DIRECTION('',(-1.,-2.64338815386942E-15,0.));
#3096=DIRECTION('',(2.64338815386942E-15,-1.,0.));
#3097=DIRECTION('',(0.,0.,-1.));
#3098=DIRECTION('',(0.5,-0.866025403784438,0.));
#3099=DIRECTION('',(0.866025403784438,0.5,0.));
#3100=DIRECTION('',(0.,0.,-1.));
#3101=DIRECTION('',(-0.5,-0.86602540378444,0.));
#3102=DIRECTION('',(0.86602540378444,-0.5,0.));
#3103=DIRECTION('',(-1.,-3.08395284618102E-15,0.));
#3104=DIRECTION('',(3.08395284618102E-15,-1.,0.));
#3105=DIRECTION('',(0.,0.,-1.));
#3106=DIRECTION('',(-0.5,-0.866025403784439,0.));
#3107=DIRECTION('',(0.86602540378444,-0.5,0.));
#3108=DIRECTION('',(0.,0.,-1.));
#3109=DIRECTION('',(0.5,-0.866025403784438,0.));
#3110=DIRECTION('',(0.866025403784438,0.5,0.));
#3111=DIRECTION('',(0.,0.,-1.));
#3112=DIRECTION('',(1.,0.,0.));
#3113=DIRECTION('',(0.,0.,-1.));
#3114=DIRECTION('',(0.,0.,-1.));
#3115=DIRECTION('',(0.5,0.866025403784439,0.));
#3116=DIRECTION('',(-0.86602540378444,0.5,0.));
#3117=DIRECTION('',(0.,0.,-1.));
#3118=DIRECTION('',(-0.5,0.866025403784438,0.));
#3119=DIRECTION('',(-0.866025403784438,-0.5,0.));
#3120=DIRECTION('',(0.5,-0.866025403784438,0.));
#3121=DIRECTION('',(0.866025403784438,0.5,0.));
#3122=DIRECTION('',(0.,0.,-1.));
#3123=DIRECTION('',(1.,3.08395284618101E-15,0.));
#3124=DIRECTION('',(-3.08395284618101E-15,1.,0.));
#3125=DIRECTION('',(0.,0.,-1.));
#3126=DIRECTION('',(-1.,0.,0.));
#3127=DIRECTION('',(0.,0.,1.));
#3128=DIRECTION('',(0.,0.,-1.));
#3129=DIRECTION('',(0.,0.,-1.));
#3130=DIRECTION('',(-0.5,-0.866025403784439,0.));
#3131=DIRECTION('',(0.866025403784439,-0.5,0.));
#3132=DIRECTION('',(0.5,0.866025403784439,0.));
#3133=DIRECTION('',(-0.866025403784439,0.5,0.));
#3134=DIRECTION('',(0.,0.,-1.));
#3135=DIRECTION('',(-0.5,0.866025403784439,0.));
#3136=DIRECTION('',(-0.866025403784439,-0.5,0.));
#3137=DIRECTION('',(-0.999932691709652,-0.0116022433300241,0.));
#3138=DIRECTION('',(0.0116022433300241,-0.999932691709652,0.));
#3139=DIRECTION('',(0.,0.,-1.));
#3140=DIRECTION('',(-0.510014183319516,0.8601659914301,0.));
#3141=DIRECTION('',(-0.8601659914301,-0.510014183319516,0.));
#3142=DIRECTION('',(0.,0.,-1.));
#3143=DIRECTION('',(-0.489918508390137,-0.871768234760125,0.));
#3144=DIRECTION('',(0.871768234760125,-0.489918508390137,0.));
#3145=DIRECTION('',(0.,0.,-1.));
#3146=DIRECTION('',(0.510014183319516,-0.8601659914301,0.));
#3147=DIRECTION('',(0.8601659914301,0.510014183319516,0.));
#3148=DIRECTION('',(0.,0.,-1.));
#3149=DIRECTION('',(0.999932691709652,0.0116022433300249,0.));
#3150=DIRECTION('',(-0.0116022433300249,0.999932691709652,0.));
#3151=DIRECTION('',(0.,0.,-1.));
#3152=DIRECTION('',(0.489918508390136,0.871768234760125,0.));
#3153=DIRECTION('',(-0.871768234760125,0.489918508390136,0.));
#3154=DIRECTION('',(1.,3.96508223080413E-15,0.));
#3155=DIRECTION('',(-3.96508223080413E-15,1.,0.));
#3156=DIRECTION('',(0.,0.,-1.));
#3157=DIRECTION('',(0.5,0.86602540378444,0.));
#3158=DIRECTION('',(-0.86602540378444,0.5,0.));
#3159=DIRECTION('',(0.,0.,-1.));
#3160=DIRECTION('',(-1.,-2.64338815386942E-15,0.));
#3161=DIRECTION('',(2.64338815386942E-15,-1.,0.));
#3162=DIRECTION('',(0.,0.,-1.));
#3163=DIRECTION('',(0.,0.,-1.));
#3164=DIRECTION('',(-0.5,-0.86602540378444,0.));
#3165=DIRECTION('',(0.86602540378444,-0.5,0.));
#3166=DIRECTION('',(0.,0.,-1.));
#3167=DIRECTION('',(0.5,-0.866025403784438,0.));
#3168=DIRECTION('',(0.866025403784438,0.5,0.));
#3169=DIRECTION('',(-0.5,0.866025403784438,0.));
#3170=DIRECTION('',(-0.866025403784438,-0.5,0.));
#3171=DIRECTION('',(1.38777878078145E-16,-1.,0.));
#3172=DIRECTION('',(1.,1.38777878078145E-16,0.));
#3173=DIRECTION('',(0.,0.,-1.));
#3174=DIRECTION('',(0.,0.,-1.));
#3175=DIRECTION('',(-1.,0.,0.));
#3176=DIRECTION('',(0.,0.,1.));
#3177=DIRECTION('',(0.,0.,-1.));
#3178=DIRECTION('',(1.38777878078145E-16,-1.,0.));
#3179=DIRECTION('',(1.,1.38777878078145E-16,0.));
#3180=DIRECTION('',(0.,0.,-1.));
#3181=DIRECTION('',(-1.,0.,0.));
#3182=DIRECTION('',(0.,0.,1.));
#3183=DIRECTION('',(-1.,0.,0.));
#3184=DIRECTION('',(0.,0.,1.));
#3185=DIRECTION('',(0.,-1.,0.));
#3186=DIRECTION('',(0.,0.,-1.));
#3187=DIRECTION('',(0.,0.,-1.));
#3188=DIRECTION('',(1.38777878078145E-16,-1.,0.));
#3189=DIRECTION('',(1.,1.38777878078145E-16,0.));
#3190=DIRECTION('',(1.,1.38777878078145E-16,0.));
#3191=DIRECTION('',(0.,0.,-1.));
#3192=DIRECTION('',(-1.,0.,0.));
#3193=DIRECTION('',(0.,0.,1.));
#3194=DIRECTION('',(0.,0.,-1.));
#3195=DIRECTION('',(0.,-1.,0.));
#3196=DIRECTION('',(1.38777878078145E-16,-1.,0.));
#3197=DIRECTION('',(1.,1.38777878078145E-16,0.));
#3198=DIRECTION('',(1.,1.38777878078145E-16,0.));
#3199=DIRECTION('',(0.,0.,1.));
#3200=DIRECTION('',(1.,0.,0.));
#3201=DIRECTION('',(0.5,0.866025403784439,0.));
#3202=DIRECTION('',(-0.866025403784439,0.5,0.));
#3203=DIRECTION('',(0.,0.,-1.));
#3204=DIRECTION('',(0.866025403784439,-0.5,0.));
#3205=DIRECTION('',(0.,0.,-1.));
#3206=DIRECTION('',(0.866025403784439,-0.5,0.));
#3207=DIRECTION('',(-0.5,0.866025403784439,0.));
#3208=DIRECTION('',(-0.866025403784439,-0.5,0.));
#3209=DIRECTION('',(0.866025403784439,0.5,0.));
#3210=DIRECTION('',(0.,0.,-1.));
#3211=DIRECTION('',(0.866025403784439,0.5,0.));
#3212=DIRECTION('',(0.,0.,1.));
#3213=DIRECTION('',(1.,0.,0.));
#3214=DIRECTION('',(0.,1.,0.));
#3215=DIRECTION('',(3.08395284618101E-15,-1.,0.));
#3216=DIRECTION('',(-0.866025403784438,-0.5,0.));
#3217=DIRECTION('',(-0.866025403784439,0.5,0.));
#3218=DIRECTION('',(0.,0.,1.));
#3219=DIRECTION('',(1.,0.,0.));
#3220=DIRECTION('',(3.08395284618101E-15,-1.,0.));
#3221=DIRECTION('',(0.,1.,0.));
#3222=DIRECTION('',(-0.866025403784439,0.5,0.));
#3223=DIRECTION('',(-0.866025403784438,-0.5,0.));
#3224=DIRECTION('',(1.,3.08395284618101E-15,0.));
#3225=DIRECTION('',(-3.08395284618101E-15,1.,0.));
#3226=DIRECTION('',(0.,0.,-1.));
#3227=DIRECTION('',(0.5,-0.866025403784438,0.));
#3228=DIRECTION('',(0.866025403784438,0.5,0.));
#3229=DIRECTION('',(0.,0.,-1.));
#3230=DIRECTION('',(-0.5,-0.866025403784439,0.));
#3231=DIRECTION('',(0.866025403784439,-0.5,0.));
#3232=DIRECTION('',(0.,0.,-1.));
#3233=DIRECTION('',(-1.,0.,0.));
#3234=DIRECTION('',(0.,0.,1.));
#3235=DIRECTION('',(-0.5,-0.866025403784439,0.));
#3236=DIRECTION('',(0.86602540378444,-0.5,0.));
#3237=DIRECTION('',(0.,0.,-1.));
#3238=DIRECTION('',(-0.86602540378444,0.5,0.));
#3239=DIRECTION('',(0.,0.,-1.));
#3240=DIRECTION('',(-0.86602540378444,0.5,0.));
#3241=DIRECTION('',(0.5,-0.866025403784438,0.));
#3242=DIRECTION('',(0.866025403784438,0.5,0.));
#3243=DIRECTION('',(-0.866025403784438,-0.5,0.));
#3244=DIRECTION('',(0.,0.,-1.));
#3245=DIRECTION('',(-0.866025403784438,-0.5,0.));
#3246=DIRECTION('',(-0.5,0.866025403784438,0.));
#3247=DIRECTION('',(-0.866025403784438,-0.5,0.));
#3248=DIRECTION('',(0.,0.,-1.));
#3249=DIRECTION('',(0.866025403784438,0.5,0.));
#3250=DIRECTION('',(0.,0.,-1.));
#3251=DIRECTION('',(0.866025403784438,0.5,0.));
#3252=DIRECTION('',(-1.,-3.08395284618102E-15,0.));
#3253=DIRECTION('',(3.08395284618102E-15,-1.,0.));
#3254=DIRECTION('',(-3.08395284618102E-15,1.,0.));
#3255=DIRECTION('',(-3.08395284618102E-15,1.,0.));
#3256=DIRECTION('',(0.,0.,1.));
#3257=DIRECTION('',(1.,0.,0.));
#3258=DIRECTION('',(0.86602540378444,-0.5,0.));
#3259=DIRECTION('',(0.,-1.,0.));
#3260=DIRECTION('',(0.,0.,1.));
#3261=DIRECTION('',(1.,0.,0.));
#3262=DIRECTION('',(0.,-1.,0.));
#3263=DIRECTION('',(0.86602540378444,-0.5,0.));
#3264=DIRECTION('',(0.5,0.866025403784439,0.));
#3265=DIRECTION('',(-0.86602540378444,0.5,0.));
#3266=DIRECTION('',(0.,0.,-1.));
#3267=DIRECTION('',(1.,0.,0.));
#3268=DIRECTION('',(0.,0.,-1.));
#3269=DIRECTION('',(0.5,0.86602540378444,0.));
#3270=DIRECTION('',(-0.86602540378444,0.5,0.));
#3271=DIRECTION('',(0.,0.,-1.));
#3272=DIRECTION('',(0.86602540378444,-0.5,0.));
#3273=DIRECTION('',(0.,0.,-1.));
#3274=DIRECTION('',(0.86602540378444,-0.5,0.));
#3275=DIRECTION('',(0.5,-0.866025403784438,0.));
#3276=DIRECTION('',(0.866025403784438,0.5,0.));
#3277=DIRECTION('',(0.,0.,-1.));
#3278=DIRECTION('',(-0.866025403784438,-0.5,0.));
#3279=DIRECTION('',(0.,0.,-1.));
#3280=DIRECTION('',(-0.866025403784438,-0.5,0.));
#3281=DIRECTION('',(-1.,-2.64338815386942E-15,0.));
#3282=DIRECTION('',(2.64338815386942E-15,-1.,0.));
#3283=DIRECTION('',(0.,0.,-1.));
#3284=DIRECTION('',(-2.64338815386942E-15,1.,0.));
#3285=DIRECTION('',(0.,0.,-1.));
#3286=DIRECTION('',(-2.64338815386942E-15,1.,0.));
#3287=DIRECTION('',(-0.5,0.866025403784438,0.));
#3288=DIRECTION('',(-0.866025403784438,-0.5,0.));
#3289=DIRECTION('',(0.866025403784438,0.5,0.));
#3290=DIRECTION('',(0.866025403784438,0.5,0.));
#3291=DIRECTION('',(1.,3.96508223080413E-15,0.));
#3292=DIRECTION('',(-3.96508223080413E-15,1.,0.));
#3293=DIRECTION('',(3.96508223080413E-15,-1.,0.));
#3294=DIRECTION('',(3.96508223080413E-15,-1.,0.));
#3295=DIRECTION('',(0.,0.,1.));
#3296=DIRECTION('',(1.,0.,0.));
#3297=DIRECTION('',(-0.86602540378444,0.5,0.));
#3298=DIRECTION('',(0.,0.,1.));
#3299=DIRECTION('',(1.,0.,0.));
#3300=DIRECTION('',(-0.86602540378444,0.5,0.));
#3301=DIRECTION('',(-0.5,-0.86602540378444,0.));
#3302=DIRECTION('',(0.86602540378444,-0.5,0.));
#3303=DIRECTION('',(0.999932691709652,0.0116022433300249,0.));
#3304=DIRECTION('',(-0.0116022433300249,0.999932691709652,0.));
#3305=DIRECTION('',(0.,0.,-1.));
#3306=DIRECTION('',(0.0116022433300249,-0.999932691709652,0.));
#3307=DIRECTION('',(0.,0.,-1.));
#3308=DIRECTION('',(0.0116022433300249,-0.999932691709652,0.));
#3309=DIRECTION('',(0.,0.,1.));
#3310=DIRECTION('',(1.,0.,0.));
#3311=DIRECTION('',(0.8601659914301,0.510014183319516,0.));
#3312=DIRECTION('',(0.871768234760125,-0.489918508390136,0.));
#3313=DIRECTION('',(-0.8601659914301,-0.510014183319516,0.));
#3314=DIRECTION('',(-0.871768234760125,0.489918508390137,0.));
#3315=DIRECTION('',(-0.0116022433300241,0.999932691709652,0.));
#3316=DIRECTION('',(0.,0.,1.));
#3317=DIRECTION('',(1.,0.,0.));
#3318=DIRECTION('',(-0.0116022433300241,0.999932691709652,0.));
#3319=DIRECTION('',(-0.871768234760125,0.489918508390137,0.));
#3320=DIRECTION('',(-0.8601659914301,-0.510014183319516,0.));
#3321=DIRECTION('',(0.871768234760125,-0.489918508390136,0.));
#3322=DIRECTION('',(0.8601659914301,0.510014183319516,0.));
#3323=DIRECTION('',(-0.999932691709652,-0.0116022433300241,0.));
#3324=DIRECTION('',(0.0116022433300241,-0.999932691709652,0.));
#3325=DIRECTION('',(0.,0.,-1.));
#3326=DIRECTION('',(0.,0.,-1.));
#3327=DIRECTION('',(-0.489918508390137,-0.871768234760125,0.));
#3328=DIRECTION('',(0.871768234760125,-0.489918508390137,0.));
#3329=DIRECTION('',(0.,0.,-1.));
#3330=DIRECTION('',(-0.510014183319516,0.8601659914301,0.));
#3331=DIRECTION('',(-0.8601659914301,-0.510014183319516,0.));
#3332=DIRECTION('',(0.,0.,-1.));
#3333=DIRECTION('',(0.510014183319516,-0.8601659914301,0.));
#3334=DIRECTION('',(0.8601659914301,0.510014183319516,0.));
#3335=DIRECTION('',(0.489918508390136,0.871768234760125,0.));
#3336=DIRECTION('',(-0.871768234760125,0.489918508390136,0.));
#3337=CARTESIAN_POINT('',(0.,0.,0.));
#3338=CARTESIAN_POINT('',(6.93889390390723E-18,-3.46944695195361E-18,0.027));
#3339=CARTESIAN_POINT('',(0.,-0.0125,0.027));
#3340=CARTESIAN_POINT('',(0.0125,-0.0125,0.027));
#3341=CARTESIAN_POINT('',(-0.0125,-0.0125,0.027));
#3342=CARTESIAN_POINT('',(0.0125,1.7347234759768E-18,0.027));
#3343=CARTESIAN_POINT('',(0.0125,0.0125,0.027));
#3344=CARTESIAN_POINT('',(0.,0.0125,0.027));
#3345=CARTESIAN_POINT('',(-0.0125,0.0125,0.027));
#3346=CARTESIAN_POINT('',(-0.0125,-1.7347234759768E-18,0.027));
#3347=CARTESIAN_POINT('',(0.011,1.7347234759768E-18,0.027));
#3348=CARTESIAN_POINT('',(0.011,-0.011,0.027));
#3349=CARTESIAN_POINT('',(0.011,0.011,0.027));
#3350=CARTESIAN_POINT('',(-2.08166817117217E-19,-0.011,0.027));
#3351=CARTESIAN_POINT('',(-0.011,-0.011,0.027));
#3352=CARTESIAN_POINT('',(-0.011,-1.7347234759768E-18,0.027));
#3353=CARTESIAN_POINT('',(-0.011,0.011,0.027));
#3354=CARTESIAN_POINT('',(2.08166817117217E-19,0.011,0.027));
#3355=CARTESIAN_POINT('',(8.81427063469297E-18,0.027,0.01));
#3356=CARTESIAN_POINT('',(0.027,0.027,0.01));
#3357=CARTESIAN_POINT('',(0.027,0.0272679491924312,3.59048306465548E-6));
#3358=CARTESIAN_POINT('',(0.027,0.037,0.01));
#3359=CARTESIAN_POINT('',(0.0265358983848622,0.027,0.01));
#3360=CARTESIAN_POINT('',(0.0267524047358083,0.027125,7.81280519964941E-7));
#3361=CARTESIAN_POINT('',(0.0267524047358083,0.027,0.01));
#3362=CARTESIAN_POINT('',(0.0267524047358083,0.027,0.));
#3363=CARTESIAN_POINT('',(-5.06351717312149E-18,0.027,0.));
#3364=CARTESIAN_POINT('',(-0.0267724914235516,0.027,0.));
#3365=CARTESIAN_POINT('',(-0.0267724914235516,0.027,0.01));
#3366=CARTESIAN_POINT('',(-0.0267743775321372,0.0271625531874482,1.32126422444645E-6));
#3367=CARTESIAN_POINT('',(-0.0264851279878772,0.027,0.01));
#3368=CARTESIAN_POINT('',(-0.027,0.0272893490702381,4.18702077953446E-6));
#3369=CARTESIAN_POINT('',(-0.027,0.027,0.01));
#3370=CARTESIAN_POINT('',(-0.027,0.037,0.01));
#3371=CARTESIAN_POINT('',(6.93889390390723E-18,0.037,0.01));
#3372=CARTESIAN_POINT('',(0.027,0.027,0.01));
#3373=CARTESIAN_POINT('',(0.027,0.027,0.01));
#3374=CARTESIAN_POINT('',(0.0332475952641917,0.027,0.00219182778014923));
#3375=CARTESIAN_POINT('',(0.037,0.027,0.01));
#3376=CARTESIAN_POINT('',(0.0332475952641917,0.027,0.01));
#3377=CARTESIAN_POINT('',(0.0332475952641917,0.027125,0.00219282839852677));
#3378=CARTESIAN_POINT('',(0.0286160254037845,0.0297990381056767,0.01));
#3379=CARTESIAN_POINT('',(0.03,0.029,0.000672620946911187));
#3380=CARTESIAN_POINT('',(0.0268839745962156,0.0272009618943234,0.01));
#3381=CARTESIAN_POINT('',(0.027,0.027,0.01));
#3382=CARTESIAN_POINT('',(-0.027,0.027,0.01));
#3383=CARTESIAN_POINT('',(-0.0268764203450642,0.0272198994644836,0.01));
#3384=CARTESIAN_POINT('',(-0.0300435084124876,0.0289997475939112,0.000686672662052324));
#3385=CARTESIAN_POINT('',(-0.0286689435506129,0.0298147618846798,0.01));
#3386=CARTESIAN_POINT('',(-0.0332691308803504,0.027087194406463,0.00220959595781338));
#3387=CARTESIAN_POINT('',(-0.0332672753971608,0.0269272806512108,0.01));
#3388=CARTESIAN_POINT('',(-0.0332681191615326,0.027,0.00220829401370741));
#3389=CARTESIAN_POINT('',(-0.027,0.027,0.01));
#3390=CARTESIAN_POINT('',(-0.037,0.027,0.01));
#3391=CARTESIAN_POINT('',(-0.027,0.027,0.01));
#3392=CARTESIAN_POINT('',(0.027,7.8765822693001E-18,0.01));
#3393=CARTESIAN_POINT('',(0.027,0.0197679491924311,0.01));
#3394=CARTESIAN_POINT('',(0.03,0.0215,0.000460607985830544));
#3395=CARTESIAN_POINT('',(0.0332475952641917,0.023375,0.00219182778014919));
#3396=CARTESIAN_POINT('',(0.0332475952641917,2.43914015808352E-17,0.00219182778014923));
#3397=CARTESIAN_POINT('',(0.037,6.93889390390723E-18,0.01));
#3398=CARTESIAN_POINT('',(0.037,-0.027,0.01));
#3399=CARTESIAN_POINT('',(0.027,-0.027,0.01));
#3400=CARTESIAN_POINT('',(0.0332475952641917,-0.027,0.00219182778014918));
#3401=CARTESIAN_POINT('',(0.0332475952641917,7.8765822693001E-18,0.00219182778014917));
#3402=CARTESIAN_POINT('',(0.0332475952641917,-0.023375,0.00219182778014917));
#3403=CARTESIAN_POINT('',(0.027,-0.0197679491924311,0.01));
#3404=CARTESIAN_POINT('',(0.03,-0.0215,0.000460607985830544));
#3405=CARTESIAN_POINT('',(0.027,-0.0232320508075689,0.01));
#3406=CARTESIAN_POINT('',(0.027,-0.0232320508075689,0.));
#3407=CARTESIAN_POINT('',(0.027,-2.53175858656075E-18,0.));
#3408=CARTESIAN_POINT('',(0.027,0.0232320508075689,0.));
#3409=CARTESIAN_POINT('',(0.027,0.0232320508075689,0.01));
#3410=CARTESIAN_POINT('',(2.53175858656075E-18,-0.027,0.01));
#3411=CARTESIAN_POINT('',(-0.027,-0.027,0.01));
#3412=CARTESIAN_POINT('',(-0.027,-0.0272679491924312,3.59048306465548E-6));
#3413=CARTESIAN_POINT('',(-0.027,-0.037,0.01));
#3414=CARTESIAN_POINT('',(-0.0265358983848622,-0.027,0.01));
#3415=CARTESIAN_POINT('',(-0.0267524047358083,-0.027125,7.81280519963207E-7));
#3416=CARTESIAN_POINT('',(-0.0267524047358083,-0.027,0.01));
#3417=CARTESIAN_POINT('',(-0.0267524047358083,-0.027,0.));
#3418=CARTESIAN_POINT('',(-0.037,-0.027,0.));
#3419=CARTESIAN_POINT('',(0.0267524047358083,-0.027,0.));
#3420=CARTESIAN_POINT('',(0.0267524047358083,-0.027,0.01));
#3421=CARTESIAN_POINT('',(0.0267524047358083,-0.027125,7.81280519959737E-7));
#3422=CARTESIAN_POINT('',(0.0265358983848622,-0.027,0.01));
#3423=CARTESIAN_POINT('',(0.027,-0.0272679491924311,3.59048306465635E-6));
#3424=CARTESIAN_POINT('',(0.027,-0.027,0.01));
#3425=CARTESIAN_POINT('',(0.027,-0.037,0.01));
#3426=CARTESIAN_POINT('',(0.037,-0.037,0.01));
#3427=CARTESIAN_POINT('',(-0.027,2.53175858656075E-18,0.01));
#3428=CARTESIAN_POINT('',(-0.027,-0.0197679491924311,0.01));
#3429=CARTESIAN_POINT('',(-0.03,-0.0215,0.000460607985830565));
#3430=CARTESIAN_POINT('',(-0.0332475952641917,-0.023375,0.00219182778014919));
#3431=CARTESIAN_POINT('',(-0.0332475952641917,2.53175858656075E-18,0.00219182778014918));
#3432=CARTESIAN_POINT('',(-0.0332475952641917,-0.027,0.00219182778014918));
#3433=CARTESIAN_POINT('',(-0.027,-0.027,0.01));
#3434=CARTESIAN_POINT('',(-0.037,-0.027,0.01));
#3435=CARTESIAN_POINT('',(-0.037,-0.037,0.01));
#3436=CARTESIAN_POINT('',(-0.027,-0.513214257438322,0.01));
#3437=CARTESIAN_POINT('',(-0.0332256224678629,0.0233374468125518,0.00217429716334433));
#3438=CARTESIAN_POINT('',(-0.027,0.0198387558168943,0.01));
#3439=CARTESIAN_POINT('',(-0.0299564915875124,0.0215002524060888,0.000447034099664754));
#3440=CARTESIAN_POINT('',(-0.027,0.0232532310840638,0.01));
#3441=CARTESIAN_POINT('',(-0.027,0.0232532310840638,0.));
#3442=CARTESIAN_POINT('',(-0.027,0.037,0.));
#3443=CARTESIAN_POINT('',(-0.027,-0.0232320508075689,0.));
#3444=CARTESIAN_POINT('',(-0.027,-0.0232320508075689,0.01));
#3445=CARTESIAN_POINT('',(0.027,-0.027,0.01));
#3446=CARTESIAN_POINT('',(0.0286160254037845,-0.0297990381056767,0.01));
#3447=CARTESIAN_POINT('',(0.03,-0.029,0.000672620946911182));
#3448=CARTESIAN_POINT('',(0.0332475952641917,-0.027125,0.00219282839852677));
#3449=CARTESIAN_POINT('',(0.0332475952641917,-0.027,0.01));
#3450=CARTESIAN_POINT('',(0.027,-0.027,0.01));
#3451=CARTESIAN_POINT('',(0.0268839745962156,-0.0272009618943234,0.01));
#3452=CARTESIAN_POINT('',(-0.027,-0.027,0.01));
#3453=CARTESIAN_POINT('',(-0.0332475952641917,-0.027,0.01));
#3454=CARTESIAN_POINT('',(-0.0332475952641917,-0.027125,0.00219282839852678));
#3455=CARTESIAN_POINT('',(-0.0286160254037845,-0.0297990381056767,0.01));
#3456=CARTESIAN_POINT('',(-0.03,-0.029,0.000672620946911187));
#3457=CARTESIAN_POINT('',(-0.0268839745962156,-0.0272009618943234,0.01));
#3458=CARTESIAN_POINT('',(-0.027,-0.027,0.01));
#3459=CARTESIAN_POINT('',(0.,0.,0.002));
#3460=CARTESIAN_POINT('',(0.,-0.0125,0.002));
#3461=CARTESIAN_POINT('',(0.0125,-0.0125,0.002));
#3462=CARTESIAN_POINT('',(-0.0125,-0.0125,0.002));
#3463=CARTESIAN_POINT('',(-0.0125,-1.7347234759768E-18,0.002));
#3464=CARTESIAN_POINT('',(-0.0125,0.0125,0.002));
#3465=CARTESIAN_POINT('',(0.,0.0125,0.002));
#3466=CARTESIAN_POINT('',(0.0125,0.0125,0.002));
#3467=CARTESIAN_POINT('',(0.0125,1.7347234759768E-18,0.002));
#3468=CARTESIAN_POINT('',(0.0168097730906826,0.0291153810567666,0.002));
#3469=CARTESIAN_POINT('',(0.027,0.0232320508075689,0.002));
#3470=CARTESIAN_POINT('',(0.0267524047358083,0.023375,0.002));
#3471=CARTESIAN_POINT('',(0.0267524047358084,1.06075484649234E-16,0.002));
#3472=CARTESIAN_POINT('',(0.0267524047358083,0.027,0.002));
#3473=CARTESIAN_POINT('',(0.,0.027,0.002));
#3474=CARTESIAN_POINT('',(-0.0267724914235516,0.027,0.002));
#3475=CARTESIAN_POINT('',(-0.0264556480387124,-0.000306965527323455,0.002));
#3476=CARTESIAN_POINT('',(-0.0267308691196495,0.023412805593537,0.002));
#3477=CARTESIAN_POINT('',(-0.0172242099740639,0.0290495443724927,0.002));
#3478=CARTESIAN_POINT('',(-0.027,0.0232532310840637,0.002));
#3479=CARTESIAN_POINT('',(-0.027,0.,0.002));
#3480=CARTESIAN_POINT('',(-0.027,-0.0232320508075689,0.002));
#3481=CARTESIAN_POINT('',(-0.0168097730906826,-0.0291153810567666,0.002));
#3482=CARTESIAN_POINT('',(-0.0267524047358083,-0.023375,0.002));
#3483=CARTESIAN_POINT('',(-0.0267524047358084,-8.2503154727183E-17,0.002));
#3484=CARTESIAN_POINT('',(-0.0267524047358083,-0.027,0.002));
#3485=CARTESIAN_POINT('',(0.,-0.027,0.002));
#3486=CARTESIAN_POINT('',(0.0267524047358083,-0.027,0.002));
#3487=CARTESIAN_POINT('',(0.0267524047358083,8.25031547271822E-17,0.002));
#3488=CARTESIAN_POINT('',(0.0267524047358083,-0.023375,0.002));
#3489=CARTESIAN_POINT('',(0.0168097730906827,-0.0291153810567666,0.002));
#3490=CARTESIAN_POINT('',(0.027,-0.0232320508075689,0.002));
#3491=CARTESIAN_POINT('',(0.027,0.,0.002));
#3492=CARTESIAN_POINT('',(8.81427063469297E-18,0.027,0.01));
#3493=CARTESIAN_POINT('',(0.0265358983848622,0.027,0.01));
#3494=CARTESIAN_POINT('',(0.027,0.0272679491924312,0.00200448855730445));
#3495=CARTESIAN_POINT('',(0.0267524047358083,0.027125,0.00200097662211192));
#3496=CARTESIAN_POINT('',(0.027,0.027,0.01));
#3497=CARTESIAN_POINT('',(0.027,0.035,0.01));
#3498=CARTESIAN_POINT('',(7.31396925006438E-18,0.035,0.01));
#3499=CARTESIAN_POINT('',(-0.027,0.035,0.01));
#3500=CARTESIAN_POINT('',(-0.027,0.027,0.01));
#3501=CARTESIAN_POINT('',(-0.027,0.0272893490702381,0.00200523439270717));
#3502=CARTESIAN_POINT('',(-0.0264851279878772,0.027,0.01));
#3503=CARTESIAN_POINT('',(-0.0267743775321372,0.0271625531874482,0.00200165164166688));
#3504=CARTESIAN_POINT('',(-0.0267724914235516,0.027,0.01));
#3505=CARTESIAN_POINT('',(0.0267524047358083,0.027,0.01));
#3506=CARTESIAN_POINT('',(0.027,0.027,0.01));
#3507=CARTESIAN_POINT('',(0.0332475952641917,0.027,0.01));
#3508=CARTESIAN_POINT('',(0.0332475952641917,0.027,0.0050032457119797));
#3509=CARTESIAN_POINT('',(0.0332475952641917,0.027125,0.00500480947161672));
#3510=CARTESIAN_POINT('',(0.027,0.027,0.01));
#3511=CARTESIAN_POINT('',(0.035,0.027,0.01));
#3512=CARTESIAN_POINT('',(0.027,0.027,0.01));
#3513=CARTESIAN_POINT('',(0.0268839745962156,0.0272009618943234,0.01));
#3514=CARTESIAN_POINT('',(0.03,0.029,0.00285857157145716));
#3515=CARTESIAN_POINT('',(0.0286160254037845,0.0297990381056767,0.01));
#3516=CARTESIAN_POINT('',(-0.027,0.027,0.01));
#3517=CARTESIAN_POINT('',(-0.0268764203450642,0.0272198994644836,0.01));
#3518=CARTESIAN_POINT('',(-0.0300435084124876,0.0289997475939112,0.00287693422017152));
#3519=CARTESIAN_POINT('',(-0.027,0.027,0.01));
#3520=CARTESIAN_POINT('',(-0.035,0.027,0.01));
#3521=CARTESIAN_POINT('',(-0.027,0.027,0.01));
#3522=CARTESIAN_POINT('',(-0.0332681191615326,0.027,0.00502901597499774));
#3523=CARTESIAN_POINT('',(-0.0332672753971608,0.0269272806512108,0.01));
#3524=CARTESIAN_POINT('',(-0.0332691308803504,0.027087194406463,0.00503105693929609));
#3525=CARTESIAN_POINT('',(-0.0286689435506129,0.0298147618846798,0.01));
#3526=CARTESIAN_POINT('',(0.027,7.8765822693001E-18,0.01));
#3527=CARTESIAN_POINT('',(0.0332475952641917,2.43914015808352E-17,0.00500324571197971));
#3528=CARTESIAN_POINT('',(0.0332475952641917,0.023375,0.00500324571197962));
#3529=CARTESIAN_POINT('',(0.027,0.0197679491924311,0.01));
#3530=CARTESIAN_POINT('',(0.03,0.0215,0.00258380151290434));
#3531=CARTESIAN_POINT('',(0.027,0.0232320508075689,0.01));
#3532=CARTESIAN_POINT('',(0.027,-0.0232320508075689,0.01));
#3533=CARTESIAN_POINT('',(0.03,-0.0215,0.00258380151290434));
#3534=CARTESIAN_POINT('',(0.027,-0.0197679491924311,0.01));
#3535=CARTESIAN_POINT('',(0.0332475952641917,-0.023375,0.0050032457119796));
#3536=CARTESIAN_POINT('',(0.0332475952641917,7.8765822693001E-18,0.00500324571197961));
#3537=CARTESIAN_POINT('',(0.0332475952641917,-0.027,0.00500324571197961));
#3538=CARTESIAN_POINT('',(0.027,-0.027,0.01));
#3539=CARTESIAN_POINT('',(0.035,-0.027,0.01));
#3540=CARTESIAN_POINT('',(0.035,7.1264315769858E-18,0.01));
#3541=CARTESIAN_POINT('',(2.53175858656075E-18,-0.027,0.01));
#3542=CARTESIAN_POINT('',(-0.0265358983848622,-0.027,0.01));
#3543=CARTESIAN_POINT('',(-0.027,-0.0272679491924312,0.00200448855730445));
#3544=CARTESIAN_POINT('',(-0.0267524047358083,-0.027125,0.00200097662211192));
#3545=CARTESIAN_POINT('',(-0.027,-0.027,0.01));
#3546=CARTESIAN_POINT('',(-0.027,-0.035,0.01));
#3547=CARTESIAN_POINT('',(-7.1264315769858E-18,-0.035,0.01));
#3548=CARTESIAN_POINT('',(0.027,-0.035,0.01));
#3549=CARTESIAN_POINT('',(0.027,-0.027,0.01));
#3550=CARTESIAN_POINT('',(0.027,-0.0272679491924311,0.00200448855730445));
#3551=CARTESIAN_POINT('',(0.0265358983848622,-0.027,0.01));
#3552=CARTESIAN_POINT('',(0.0267524047358083,-0.027125,0.00200097662211192));
#3553=CARTESIAN_POINT('',(0.0267524047358083,-0.027,0.01));
#3554=CARTESIAN_POINT('',(-0.0267524047358083,-0.027,0.01));
#3555=CARTESIAN_POINT('',(-0.027,2.53175858656075E-18,0.01));
#3556=CARTESIAN_POINT('',(-0.0332475952641917,2.53175858656075E-18,0.00500324571197963));
#3557=CARTESIAN_POINT('',(-0.0332475952641917,-0.023375,0.00500324571197964));
#3558=CARTESIAN_POINT('',(-0.0332475952641917,-0.027,0.00500324571197962));
#3559=CARTESIAN_POINT('',(-0.027,-0.0197679491924311,0.01));
#3560=CARTESIAN_POINT('',(-0.03,-0.0215,0.00258380151290436));
#3561=CARTESIAN_POINT('',(-0.027,-0.0232320508075689,0.01));
#3562=CARTESIAN_POINT('',(-0.027,0.0232532310840638,0.01));
#3563=CARTESIAN_POINT('',(-0.0299564915875124,0.0215002524060888,0.00256634965222549));
#3564=CARTESIAN_POINT('',(-0.027,0.0198387558168943,0.01));
#3565=CARTESIAN_POINT('',(-0.0332256224678629,0.0233374468125518,0.00497589561338136));
#3566=CARTESIAN_POINT('',(-0.027,-0.513214257438322,0.01));
#3567=CARTESIAN_POINT('',(-0.035,-7.1264315769858E-18,0.01));
#3568=CARTESIAN_POINT('',(-0.035,-0.027,0.01));
#3569=CARTESIAN_POINT('',(-0.027,-0.027,0.01));
#3570=CARTESIAN_POINT('',(0.027,-0.027,0.01));
#3571=CARTESIAN_POINT('',(0.0332475952641917,-0.027,0.01));
#3572=CARTESIAN_POINT('',(0.0332475952641917,-0.027125,0.00500480947161671));
#3573=CARTESIAN_POINT('',(0.0286160254037845,-0.0297990381056767,0.01));
#3574=CARTESIAN_POINT('',(0.03,-0.029,0.00285857157145715));
#3575=CARTESIAN_POINT('',(0.0268839745962156,-0.0272009618943234,0.01));
#3576=CARTESIAN_POINT('',(0.027,-0.027,0.01));
#3577=CARTESIAN_POINT('',(-0.027,-0.027,0.01));
#3578=CARTESIAN_POINT('',(-0.0332475952641917,-0.027,0.01));
#3579=CARTESIAN_POINT('',(-0.0332475952641917,-0.027125,0.00500480947161672));
#3580=CARTESIAN_POINT('',(-0.027,-0.027,0.01));
#3581=CARTESIAN_POINT('',(-0.0268839745962156,-0.0272009618943234,0.01));
#3582=CARTESIAN_POINT('',(-0.03,-0.029,0.00285857157145716));
#3583=CARTESIAN_POINT('',(-0.0286160254037845,-0.0297990381056767,0.01));
#3584=CARTESIAN_POINT('',(-6.93889390390723E-18,-0.037,0.06));
#3585=CARTESIAN_POINT('',(0.027,-0.037,0.06));
#3586=CARTESIAN_POINT('',(0.027,-0.037,0.05));
#3587=CARTESIAN_POINT('',(-6.93889390390723E-18,-0.037,0.05));
#3588=CARTESIAN_POINT('',(-0.027,-0.037,0.05));
#3589=CARTESIAN_POINT('',(-0.027,-0.037,0.06));
#3590=CARTESIAN_POINT('',(0.037,6.93889390390723E-18,0.06));
#3591=CARTESIAN_POINT('',(0.037,-0.037,0.05));
#3592=CARTESIAN_POINT('',(0.037,0.027,0.05));
#3593=CARTESIAN_POINT('',(0.037,-0.027,0.05));
#3594=CARTESIAN_POINT('',(0.037,-0.027,0.));
#3595=CARTESIAN_POINT('',(0.037,0.027,0.06));
#3596=CARTESIAN_POINT('',(6.93889390390723E-18,0.037,0.06));
#3597=CARTESIAN_POINT('',(-0.027,0.037,0.06));
#3598=CARTESIAN_POINT('',(-0.027,0.037,0.05));
#3599=CARTESIAN_POINT('',(0.037,0.037,0.05));
#3600=CARTESIAN_POINT('',(0.027,0.037,0.05));
#3601=CARTESIAN_POINT('',(0.027,0.037,0.06));
#3602=CARTESIAN_POINT('',(-0.037,-6.93889390390723E-18,0.06));
#3603=CARTESIAN_POINT('',(-0.037,-0.027,0.06));
#3604=CARTESIAN_POINT('',(-0.037,-0.027,0.05));
#3605=CARTESIAN_POINT('',(-0.037,-6.93889390390723E-18,0.05));
#3606=CARTESIAN_POINT('',(-0.037,0.027,0.05));
#3607=CARTESIAN_POINT('',(-0.037,0.027,0.));
#3608=CARTESIAN_POINT('',(0.,0.,0.));
#3609=CARTESIAN_POINT('',(0.0283762023679042,0.0224375,0.));
#3610=CARTESIAN_POINT('',(0.03,0.0215,0.));
#3611=CARTESIAN_POINT('',(0.0283762023679042,-0.0224375,0.));
#3612=CARTESIAN_POINT('',(0.03,-0.0215,0.));
#3613=CARTESIAN_POINT('',(0.0316237976320958,-0.0224375,0.));
#3614=CARTESIAN_POINT('',(0.0332475952641917,-0.023375,0.));
#3615=CARTESIAN_POINT('',(0.0332475952641917,-0.0265625,0.));
#3616=CARTESIAN_POINT('',(0.0332475952641917,-0.027125,0.));
#3617=CARTESIAN_POINT('',(0.0316237976320958,-0.0280625,0.));
#3618=CARTESIAN_POINT('',(0.03,-0.029,0.));
#3619=CARTESIAN_POINT('',(0.0283762023679042,-0.0280625,0.));
#3620=CARTESIAN_POINT('',(0.0267524047358083,-0.027125,0.));
#3621=CARTESIAN_POINT('',(0.0267524047358083,-0.0265625,0.));
#3622=CARTESIAN_POINT('',(-0.0267524047358083,-0.0265625,0.));
#3623=CARTESIAN_POINT('',(-0.0267524047358083,-0.027125,0.));
#3624=CARTESIAN_POINT('',(-0.0283762023679042,-0.0280625,0.));
#3625=CARTESIAN_POINT('',(-0.03,-0.029,0.));
#3626=CARTESIAN_POINT('',(-0.0316237976320958,-0.0280625,0.));
#3627=CARTESIAN_POINT('',(-0.0332475952641917,-0.027125,0.));
#3628=CARTESIAN_POINT('',(-0.0332475952641917,-0.0265625,0.));
#3629=CARTESIAN_POINT('',(-0.0332475952641917,-0.023375,0.));
#3630=CARTESIAN_POINT('',(-0.0316237976320958,-0.0224375,0.));
#3631=CARTESIAN_POINT('',(-0.03,-0.0215,0.));
#3632=CARTESIAN_POINT('',(-0.0283762023679042,-0.0224375,0.));
#3633=CARTESIAN_POINT('',(-0.028343680353581,0.0224565289998129,0.));
#3634=CARTESIAN_POINT('',(-0.0299564915875124,0.0215002524060888,0.));
#3635=CARTESIAN_POINT('',(-0.0315910570276876,0.0224188496093203,0.));
#3636=CARTESIAN_POINT('',(-0.0332256224678629,0.0233374468125518,0.));
#3637=CARTESIAN_POINT('',(-0.0332410693025428,0.0246687234062759,0.));
#3638=CARTESIAN_POINT('',(-0.0332691308803504,0.027087194406463,0.));
#3639=CARTESIAN_POINT('',(-0.0316563196464191,0.0280434710001871,0.));
#3640=CARTESIAN_POINT('',(-0.0300435084124876,0.0289997475939112,0.));
#3641=CARTESIAN_POINT('',(-0.0284089429723124,0.0280811503906797,0.));
#3642=CARTESIAN_POINT('',(-0.0267743775321372,0.0271625531874482,0.));
#3643=CARTESIAN_POINT('',(-0.0267458787594456,0.0247064027967685,0.));
#3644=CARTESIAN_POINT('',(0.0267524047358083,0.0246875,0.));
#3645=CARTESIAN_POINT('',(0.0267524047358083,0.027125,0.));
#3646=CARTESIAN_POINT('',(0.0283762023679042,0.0280625,0.));
#3647=CARTESIAN_POINT('',(0.03,0.029,0.));
#3648=CARTESIAN_POINT('',(0.0316237976320958,0.0280625,0.));
#3649=CARTESIAN_POINT('',(0.0332475952641917,0.027125,0.));
#3650=CARTESIAN_POINT('',(0.0332475952641917,0.0246875,0.));
#3651=CARTESIAN_POINT('',(0.0332475952641917,0.023375,0.));
#3652=CARTESIAN_POINT('',(0.0316237976320958,0.0224375,0.));
#3653=CARTESIAN_POINT('',(0.027,0.027,0.06));
#3654=CARTESIAN_POINT('',(0.027,0.027,0.05));
#3655=CARTESIAN_POINT('',(-0.027,0.027,0.06));
#3656=CARTESIAN_POINT('',(-0.027,0.027,0.05));
#3657=CARTESIAN_POINT('',(0.027,-0.027,0.06));
#3658=CARTESIAN_POINT('',(0.027,-0.027,0.05));
#3659=CARTESIAN_POINT('',(-0.027,-0.027,0.06));
#3660=CARTESIAN_POINT('',(-0.027,-0.027,0.05));
#3661=CARTESIAN_POINT('',(0.,0.037,0.05));
#3662=CARTESIAN_POINT('',(-0.027,0.037,0.05));
#3663=CARTESIAN_POINT('',(-0.027,0.035,0.05));
#3664=CARTESIAN_POINT('',(7.31396925006438E-18,0.035,0.05));
#3665=CARTESIAN_POINT('',(0.027,0.035,0.05));
#3666=CARTESIAN_POINT('',(0.027,0.037,0.05));
#3667=CARTESIAN_POINT('',(0.027,0.027,0.05));
#3668=CARTESIAN_POINT('',(0.027,0.027,0.05));
#3669=CARTESIAN_POINT('',(0.035,0.027,0.05));
#3670=CARTESIAN_POINT('',(0.037,0.027,0.05));
#3671=CARTESIAN_POINT('',(-0.027,0.027,0.05));
#3672=CARTESIAN_POINT('',(-0.037,0.027,0.05));
#3673=CARTESIAN_POINT('',(-0.035,0.027,0.05));
#3674=CARTESIAN_POINT('',(-0.027,0.027,0.05));
#3675=CARTESIAN_POINT('',(0.037,0.,0.05));
#3676=CARTESIAN_POINT('',(0.035,7.1264315769858E-18,0.05));
#3677=CARTESIAN_POINT('',(0.035,-0.027,0.05));
#3678=CARTESIAN_POINT('',(0.037,-0.027,0.05));
#3679=CARTESIAN_POINT('',(-0.037,-6.93889390390723E-18,0.05));
#3680=CARTESIAN_POINT('',(-0.037,-0.027,0.05));
#3681=CARTESIAN_POINT('',(-0.035,-0.027,0.05));
#3682=CARTESIAN_POINT('',(-0.035,-7.1264315769858E-18,0.05));
#3683=CARTESIAN_POINT('',(0.027,-0.027,0.05));
#3684=CARTESIAN_POINT('',(0.027,-0.027,0.05));
#3685=CARTESIAN_POINT('',(0.027,-0.035,0.05));
#3686=CARTESIAN_POINT('',(0.027,-0.037,0.05));
#3687=CARTESIAN_POINT('',(-0.027,-0.027,0.05));
#3688=CARTESIAN_POINT('',(-0.027,-0.037,0.05));
#3689=CARTESIAN_POINT('',(-0.027,-0.035,0.05));
#3690=CARTESIAN_POINT('',(-0.027,-0.027,0.05));
#3691=CARTESIAN_POINT('',(3.46944695195361E-18,-0.037,0.05));
#3692=CARTESIAN_POINT('',(3.28190927887504E-18,-0.035,0.05));
#3693=CARTESIAN_POINT('',(-7.1264315769858E-18,-0.035,0.06));
#3694=CARTESIAN_POINT('',(-0.027,-0.035,0.06));
#3695=CARTESIAN_POINT('',(0.027,-0.035,0.06));
#3696=CARTESIAN_POINT('',(0.035,7.1264315769858E-18,0.06));
#3697=CARTESIAN_POINT('',(0.035,0.027,0.06));
#3698=CARTESIAN_POINT('',(0.035,-0.027,0.06));
#3699=CARTESIAN_POINT('',(7.31396925006438E-18,0.035,0.06));
#3700=CARTESIAN_POINT('',(0.027,0.035,0.06));
#3701=CARTESIAN_POINT('',(-0.027,0.035,0.06));
#3702=CARTESIAN_POINT('',(-0.035,-7.1264315769858E-18,0.06));
#3703=CARTESIAN_POINT('',(-0.035,0.027,0.06));
#3704=CARTESIAN_POINT('',(-0.035,-0.027,0.06));
#3705=CARTESIAN_POINT('',(0.027,0.027,0.06));
#3706=CARTESIAN_POINT('',(-0.027,0.027,0.06));
#3707=CARTESIAN_POINT('',(0.027,-0.027,0.06));
#3708=CARTESIAN_POINT('',(-0.027,-0.027,0.06));
#3709=CARTESIAN_POINT('',(-0.001875,0.,0.034));
#3710=CARTESIAN_POINT('',(-0.0316237976320958,-0.0224375,0.034));
#3711=CARTESIAN_POINT('',(-0.03,-0.0215,0.034));
#3712=CARTESIAN_POINT('',(-0.0332475952641917,-0.023375,0.034));
#3713=CARTESIAN_POINT('',(-0.0332475952641917,-0.0265625,0.034));
#3714=CARTESIAN_POINT('',(-0.0332475952641917,-0.027125,0.034));
#3715=CARTESIAN_POINT('',(-0.0316237976320958,-0.0280625,0.034));
#3716=CARTESIAN_POINT('',(-0.03,-0.029,0.034));
#3717=CARTESIAN_POINT('',(-0.0283762023679042,-0.0280625,0.034));
#3718=CARTESIAN_POINT('',(-0.0267524047358083,-0.027125,0.034));
#3719=CARTESIAN_POINT('',(-0.0267524047358083,-0.0265625,0.034));
#3720=CARTESIAN_POINT('',(-0.0267524047358083,-0.023375,0.034));
#3721=CARTESIAN_POINT('',(-0.0283762023679042,-0.0224375,0.034));
#3722=CARTESIAN_POINT('',(-0.0283762023679042,-0.0224375,0.034));
#3723=CARTESIAN_POINT('',(-0.03,-0.0215,0.034));
#3724=CARTESIAN_POINT('',(-0.0267524047358083,-0.023375,0.034));
#3725=CARTESIAN_POINT('',(-0.0267524047358083,-0.0265625,0.034));
#3726=CARTESIAN_POINT('',(-0.0267524047358083,-0.027125,0.034));
#3727=CARTESIAN_POINT('',(-0.0283762023679042,-0.0280625,0.034));
#3728=CARTESIAN_POINT('',(-0.03,-0.029,0.034));
#3729=CARTESIAN_POINT('',(-0.0316237976320958,-0.0280625,0.034));
#3730=CARTESIAN_POINT('',(-0.0332475952641917,-0.027125,0.034));
#3731=CARTESIAN_POINT('',(-0.0332475952641917,-0.0265625,0.034));
#3732=CARTESIAN_POINT('',(-0.0332475952641917,-0.023375,0.034));
#3733=CARTESIAN_POINT('',(-0.0316237976320958,-0.0224375,0.034));
#3734=CARTESIAN_POINT('',(-0.001875,0.,0.034));
#3735=CARTESIAN_POINT('',(0.0332475952641917,-0.0265625,0.034));
#3736=CARTESIAN_POINT('',(0.0332475952641917,-0.027125,0.034));
#3737=CARTESIAN_POINT('',(0.0332475952641917,-0.023375,0.034));
#3738=CARTESIAN_POINT('',(0.0316237976320958,-0.0224375,0.034));
#3739=CARTESIAN_POINT('',(0.03,-0.0215,0.034));
#3740=CARTESIAN_POINT('',(0.0283762023679042,-0.0224375,0.034));
#3741=CARTESIAN_POINT('',(0.0267524047358083,-0.023375,0.034));
#3742=CARTESIAN_POINT('',(0.0267524047358083,-0.0265625,0.034));
#3743=CARTESIAN_POINT('',(0.0267524047358083,-0.027125,0.034));
#3744=CARTESIAN_POINT('',(0.0283762023679042,-0.0280625,0.034));
#3745=CARTESIAN_POINT('',(0.03,-0.029,0.034));
#3746=CARTESIAN_POINT('',(0.0316237976320958,-0.0280625,0.034));
#3747=CARTESIAN_POINT('',(0.0267524047358083,-0.0265625,0.034));
#3748=CARTESIAN_POINT('',(0.0267524047358083,-0.027125,0.034));
#3749=CARTESIAN_POINT('',(0.0267524047358083,-0.023375,0.034));
#3750=CARTESIAN_POINT('',(0.0283762023679042,-0.0224375,0.034));
#3751=CARTESIAN_POINT('',(0.03,-0.0215,0.034));
#3752=CARTESIAN_POINT('',(0.0316237976320958,-0.0280625,0.034));
#3753=CARTESIAN_POINT('',(0.03,-0.029,0.034));
#3754=CARTESIAN_POINT('',(0.0332475952641917,-0.027125,0.034));
#3755=CARTESIAN_POINT('',(0.0283762023679042,-0.0280625,0.034));
#3756=CARTESIAN_POINT('',(0.0332475952641917,-0.0265625,0.034));
#3757=CARTESIAN_POINT('',(0.0332475952641917,-0.023375,0.034));
#3758=CARTESIAN_POINT('',(0.0316237976320958,-0.0224375,0.034));
#3759=CARTESIAN_POINT('',(-0.001875,0.,0.034));
#3760=CARTESIAN_POINT('',(-0.028343680353581,0.0224565289998129,0.034));
#3761=CARTESIAN_POINT('',(-0.0299564915875124,0.0215002524060888,0.034));
#3762=CARTESIAN_POINT('',(-0.0267308691196495,0.023412805593537,0.034));
#3763=CARTESIAN_POINT('',(-0.0267458787594456,0.0247064027967685,0.034));
#3764=CARTESIAN_POINT('',(-0.0267743775321372,0.0271625531874482,0.034));
#3765=CARTESIAN_POINT('',(-0.0284089429723124,0.0280811503906797,0.034));
#3766=CARTESIAN_POINT('',(-0.0300435084124876,0.0289997475939112,0.034));
#3767=CARTESIAN_POINT('',(-0.0316563196464191,0.0280434710001871,0.034));
#3768=CARTESIAN_POINT('',(-0.0332691308803504,0.027087194406463,0.034));
#3769=CARTESIAN_POINT('',(-0.0332410693025428,0.0246687234062759,0.034));
#3770=CARTESIAN_POINT('',(-0.0332256224678629,0.0233374468125518,0.034));
#3771=CARTESIAN_POINT('',(-0.0315910570276876,0.0224188496093203,0.034));
#3772=CARTESIAN_POINT('',(-0.0267458787594456,0.0247064027967685,0.034));
#3773=CARTESIAN_POINT('',(-0.0267743775321372,0.0271625531874482,0.034));
#3774=CARTESIAN_POINT('',(-0.0267308691196495,0.023412805593537,0.034));
#3775=CARTESIAN_POINT('',(-0.028343680353581,0.0224565289998129,0.034));
#3776=CARTESIAN_POINT('',(-0.0299564915875124,0.0215002524060888,0.034));
#3777=CARTESIAN_POINT('',(-0.0315910570276876,0.0224188496093203,0.034));
#3778=CARTESIAN_POINT('',(-0.0332256224678629,0.0233374468125518,0.034));
#3779=CARTESIAN_POINT('',(-0.0332410693025428,0.0246687234062759,0.034));
#3780=CARTESIAN_POINT('',(-0.0332691308803504,0.027087194406463,0.034));
#3781=CARTESIAN_POINT('',(-0.0316563196464191,0.0280434710001871,0.034));
#3782=CARTESIAN_POINT('',(-0.0300435084124876,0.0289997475939112,0.034));
#3783=CARTESIAN_POINT('',(-0.0284089429723124,0.0280811503906797,0.034));
#3784=CARTESIAN_POINT('',(-0.001875,0.,0.034));
#3785=CARTESIAN_POINT('',(0.0332475952641917,0.0246875,0.034));
#3786=CARTESIAN_POINT('',(0.0332475952641917,0.023375,0.034));
#3787=CARTESIAN_POINT('',(0.0332475952641917,0.027125,0.034));
#3788=CARTESIAN_POINT('',(0.0316237976320958,0.0280625,0.034));
#3789=CARTESIAN_POINT('',(0.03,0.029,0.034));
#3790=CARTESIAN_POINT('',(0.0283762023679042,0.0280625,0.034));
#3791=CARTESIAN_POINT('',(0.0267524047358083,0.027125,0.034));
#3792=CARTESIAN_POINT('',(0.0267524047358083,0.0246875,0.034));
#3793=CARTESIAN_POINT('',(0.0267524047358083,0.023375,0.034));
#3794=CARTESIAN_POINT('',(0.0283762023679042,0.0224375,0.034));
#3795=CARTESIAN_POINT('',(0.03,0.0215,0.034));
#3796=CARTESIAN_POINT('',(0.0316237976320958,0.0224375,0.034));
#3797=CARTESIAN_POINT('',(0.0283762023679042,0.0224375,0.034));
#3798=CARTESIAN_POINT('',(0.03,0.0215,0.034));
#3799=CARTESIAN_POINT('',(0.0267524047358083,0.023375,0.034));
#3800=CARTESIAN_POINT('',(0.0267524047358083,0.0246875,0.034));
#3801=CARTESIAN_POINT('',(0.0267524047358083,0.027125,0.034));
#3802=CARTESIAN_POINT('',(0.0316237976320958,0.0224375,0.034));
#3803=CARTESIAN_POINT('',(0.0332475952641917,0.023375,0.034));
#3804=CARTESIAN_POINT('',(0.0332475952641917,0.0246875,0.034));
#3805=CARTESIAN_POINT('',(0.0332475952641917,0.027125,0.034));
#3806=CARTESIAN_POINT('',(0.0283762023679042,0.0280625,0.034));
#3807=CARTESIAN_POINT('',(0.03,0.029,0.034));
#3808=CARTESIAN_POINT('',(0.0316237976320958,0.0280625,0.034));
#3809=CARTESIAN_POINT('',(-0.0267524047358083,-0.0265625,0.034));
#3810=CARTESIAN_POINT('',(-0.0267524047358083,-0.027125,0.034));
#3811=CARTESIAN_POINT('',(-0.0283762023679042,-0.0224375,0.034));
#3812=CARTESIAN_POINT('',(-0.03,-0.0215,0.034));
#3813=CARTESIAN_POINT('',(-0.0316237976320958,-0.0224375,0.034));
#3814=CARTESIAN_POINT('',(-0.0332475952641917,-0.023375,0.034));
#3815=CARTESIAN_POINT('',(-0.0332475952641917,-0.0265625,0.034));
#3816=CARTESIAN_POINT('',(-0.0332475952641917,-0.027125,0.034));
#3817=CARTESIAN_POINT('',(-0.0316237976320958,-0.0280625,0.034));
#3818=CARTESIAN_POINT('',(-0.03,-0.029,0.034));
#3819=CARTESIAN_POINT('',(-0.0283762023679042,-0.0280625,0.034));
#3820=CARTESIAN_POINT('',(0.0283762023679042,-0.0224375,0.034));
#3821=CARTESIAN_POINT('',(0.03,-0.0215,0.034));
#3822=CARTESIAN_POINT('',(0.0267524047358083,-0.0265625,0.034));
#3823=CARTESIAN_POINT('',(0.0267524047358083,-0.027125,0.034));
#3824=CARTESIAN_POINT('',(0.0332475952641917,-0.0265625,0.034));
#3825=CARTESIAN_POINT('',(0.0332475952641917,-0.027125,0.034));
#3826=CARTESIAN_POINT('',(0.0332475952641917,-0.023375,0.034));
#3827=CARTESIAN_POINT('',(0.0316237976320958,-0.0224375,0.034));
#3828=CARTESIAN_POINT('',(0.0283762023679042,-0.0280625,0.034));
#3829=CARTESIAN_POINT('',(0.03,-0.029,0.034));
#3830=CARTESIAN_POINT('',(0.0316237976320958,-0.0280625,0.034));
#3831=CARTESIAN_POINT('',(-0.0267458787594456,0.0247064027967685,0.034));
#3832=CARTESIAN_POINT('',(-0.0267743775321372,0.0271625531874482,0.034));
#3833=CARTESIAN_POINT('',(-0.028343680353581,0.0224565289998129,0.034));
#3834=CARTESIAN_POINT('',(-0.0299564915875124,0.0215002524060888,0.034));
#3835=CARTESIAN_POINT('',(-0.0284089429723124,0.0280811503906797,0.034));
#3836=CARTESIAN_POINT('',(-0.0300435084124876,0.0289997475939112,0.034));
#3837=CARTESIAN_POINT('',(-0.0316563196464191,0.0280434710001871,0.034));
#3838=CARTESIAN_POINT('',(-0.0332691308803504,0.027087194406463,0.034));
#3839=CARTESIAN_POINT('',(-0.0332410693025428,0.0246687234062759,0.034));
#3840=CARTESIAN_POINT('',(-0.0332256224678629,0.0233374468125518,0.034));
#3841=CARTESIAN_POINT('',(-0.0315910570276876,0.0224188496093203,0.034));
#3842=CARTESIAN_POINT('',(0.0267524047358083,0.0246875,0.034));
#3843=CARTESIAN_POINT('',(0.0267524047358083,0.027125,0.034));
#3844=CARTESIAN_POINT('',(0.0283762023679042,0.0224375,0.034));
#3845=CARTESIAN_POINT('',(0.03,0.0215,0.034));
#3846=CARTESIAN_POINT('',(0.0332475952641917,0.0246875,0.034));
#3847=CARTESIAN_POINT('',(0.0332475952641917,0.023375,0.034));
#3848=CARTESIAN_POINT('',(0.0332475952641917,0.027125,0.034));
#3849=CARTESIAN_POINT('',(0.0316237976320958,0.0280625,0.034));
#3850=CARTESIAN_POINT('',(0.03,0.029,0.034));
#3851=CARTESIAN_POINT('',(0.0283762023679042,0.0280625,0.034));
#3852=CARTESIAN_POINT('',(0.0316237976320958,0.0224375,0.034));
#3853=CARTESIAN_POINT('',(0.,-0.0125,0.027));
#3854=CARTESIAN_POINT('',(0.0125,-0.0125,0.027));
#3855=CARTESIAN_POINT('',(-0.0125,-0.0125,0.027));
#3856=CARTESIAN_POINT('',(0.0125,1.7347234759768E-18,0.027));
#3857=CARTESIAN_POINT('',(0.0125,0.0125,0.027));
#3858=CARTESIAN_POINT('',(0.,0.0125,0.027));
#3859=CARTESIAN_POINT('',(-0.0125,0.0125,0.027));
#3860=CARTESIAN_POINT('',(-0.0125,-1.7347234759768E-18,0.027));
#3861=CARTESIAN_POINT('',(0.011,1.7347234759768E-18,0.027));
#3862=CARTESIAN_POINT('',(0.011,0.,0.0015));
#3863=CARTESIAN_POINT('',(0.011,0.011,0.0015));
#3864=CARTESIAN_POINT('',(0.011,-0.011,0.0015));
#3865=CARTESIAN_POINT('',(0.011,-0.011,0.027));
#3866=CARTESIAN_POINT('',(0.011,0.011,0.027));
#3867=CARTESIAN_POINT('',(2.08166817117217E-19,0.011,0.027));
#3868=CARTESIAN_POINT('',(-1.52655665885959E-18,0.011,0.0015));
#3869=CARTESIAN_POINT('',(-0.011,0.011,0.0015));
#3870=CARTESIAN_POINT('',(-0.011,0.011,0.027));
#3871=CARTESIAN_POINT('',(-0.011,-1.7347234759768E-18,0.027));
#3872=CARTESIAN_POINT('',(-0.011,-0.011,0.027));
#3873=CARTESIAN_POINT('',(-0.011,-0.011,0.0015));
#3874=CARTESIAN_POINT('',(-0.011,0.,0.0015));
#3875=CARTESIAN_POINT('',(-2.08166817117217E-19,-0.011,0.027));
#3876=CARTESIAN_POINT('',(1.52655665885959E-18,-0.011,0.0015));
#3877=CARTESIAN_POINT('',(0.,0.,0.0015));
#3878=CARTESIAN_POINT('',(0.0291262023679042,-0.0267634618943234,0.034));
#3879=CARTESIAN_POINT('',(0.0282524047358084,-0.0262589745962156,0.034));
#3880=CARTESIAN_POINT('',(0.0282524047358084,-0.0262589745962156,0.0325));
#3881=CARTESIAN_POINT('',(0.0282524047358084,-0.0262589745962156,0.0015));
#3882=CARTESIAN_POINT('',(0.0291262023679042,-0.0267634618943234,0.0325));
#3883=CARTESIAN_POINT('',(0.03,-0.0272679491924311,0.0325));
#3884=CARTESIAN_POINT('',(0.03,-0.0272679491924311,0.034));
#3885=CARTESIAN_POINT('',(0.03,-0.0272679491924311,0.0015));
#3886=CARTESIAN_POINT('',(0.0291262023679042,-0.0267634618943234,0.0015));
#3887=CARTESIAN_POINT('',(0.0308737976320958,-0.0267634618943234,0.034));
#3888=CARTESIAN_POINT('',(0.0308737976320958,-0.0267634618943234,0.0325));
#3889=CARTESIAN_POINT('',(0.0317475952641917,-0.0262589745962156,0.0325));
#3890=CARTESIAN_POINT('',(0.0317475952641917,-0.0262589745962156,0.034));
#3891=CARTESIAN_POINT('',(0.0317475952641917,-0.0262589745962156,0.0015));
#3892=CARTESIAN_POINT('',(0.0308737976320958,-0.0267634618943234,0.0015));
#3893=CARTESIAN_POINT('',(-0.001875,0.,0.0325));
#3894=CARTESIAN_POINT('',(0.0317475952641917,-0.0265625,0.0325));
#3895=CARTESIAN_POINT('',(0.0317475952641917,-0.0242410254037844,0.0325));
#3896=CARTESIAN_POINT('',(0.0282524047358084,-0.0265625,0.0325));
#3897=CARTESIAN_POINT('',(0.0282524047358084,-0.0242410254037844,0.0325));
#3898=CARTESIAN_POINT('',(0.0291262023679042,-0.0237365381056766,0.0325));
#3899=CARTESIAN_POINT('',(0.03,-0.0232320508075689,0.0325));
#3900=CARTESIAN_POINT('',(0.0308737976320958,-0.0237365381056766,0.0325));
#3901=CARTESIAN_POINT('',(0.,0.,0.0015));
#3902=CARTESIAN_POINT('',(0.0282524047358084,-0.0265625,0.0015));
#3903=CARTESIAN_POINT('',(0.0282524047358084,-0.0242410254037844,0.0015));
#3904=CARTESIAN_POINT('',(0.0317475952641917,-0.0265625,0.0015));
#3905=CARTESIAN_POINT('',(0.0317475952641917,-0.0242410254037844,0.0015));
#3906=CARTESIAN_POINT('',(0.0308737976320958,-0.0237365381056766,0.0015));
#3907=CARTESIAN_POINT('',(0.03,-0.0232320508075689,0.0015));
#3908=CARTESIAN_POINT('',(0.0291262023679042,-0.0237365381056766,0.0015));
#3909=CARTESIAN_POINT('',(0.0282524047358084,-0.0265625,0.034));
#3910=CARTESIAN_POINT('',(0.0282524047358084,-0.0242410254037844,0.034));
#3911=CARTESIAN_POINT('',(0.0291262023679042,-0.0237365381056766,0.034));
#3912=CARTESIAN_POINT('',(0.03,-0.0232320508075689,0.034));
#3913=CARTESIAN_POINT('',(0.0308737976320958,-0.0237365381056766,0.034));
#3914=CARTESIAN_POINT('',(0.0317475952641917,-0.0242410254037844,0.034));
#3915=CARTESIAN_POINT('',(0.0317475952641917,-0.0265625,0.034));
#3916=CARTESIAN_POINT('',(-0.0291262023679042,-0.0237365381056766,0.034));
#3917=CARTESIAN_POINT('',(-0.0282524047358084,-0.0242410254037844,0.034));
#3918=CARTESIAN_POINT('',(-0.0282524047358084,-0.0242410254037844,0.0325));
#3919=CARTESIAN_POINT('',(-0.0282524047358084,-0.0242410254037844,0.0015));
#3920=CARTESIAN_POINT('',(-0.0291262023679042,-0.0237365381056766,0.0325));
#3921=CARTESIAN_POINT('',(-0.03,-0.0232320508075689,0.0325));
#3922=CARTESIAN_POINT('',(-0.03,-0.0232320508075689,0.034));
#3923=CARTESIAN_POINT('',(-0.03,-0.0232320508075689,0.0015));
#3924=CARTESIAN_POINT('',(-0.0291262023679042,-0.0237365381056766,0.0015));
#3925=CARTESIAN_POINT('',(-0.0308737976320958,-0.0237365381056766,0.034));
#3926=CARTESIAN_POINT('',(-0.0308737976320958,-0.0237365381056766,0.0325));
#3927=CARTESIAN_POINT('',(-0.0317475952641917,-0.0242410254037844,0.0325));
#3928=CARTESIAN_POINT('',(-0.0317475952641917,-0.0242410254037844,0.034));
#3929=CARTESIAN_POINT('',(-0.0317475952641917,-0.0242410254037844,0.0015));
#3930=CARTESIAN_POINT('',(-0.0308737976320958,-0.0237365381056766,0.0015));
#3931=CARTESIAN_POINT('',(-0.0291262023679042,-0.0267634618943234,0.034));
#3932=CARTESIAN_POINT('',(-0.03,-0.0272679491924312,0.034));
#3933=CARTESIAN_POINT('',(-0.03,-0.0272679491924312,0.0325));
#3934=CARTESIAN_POINT('',(-0.03,-0.0272679491924312,0.0015));
#3935=CARTESIAN_POINT('',(-0.0291262023679042,-0.0267634618943234,0.0325));
#3936=CARTESIAN_POINT('',(-0.0282524047358084,-0.0262589745962156,0.0325));
#3937=CARTESIAN_POINT('',(-0.0282524047358084,-0.0262589745962156,0.034));
#3938=CARTESIAN_POINT('',(-0.0282524047358084,-0.0262589745962156,0.0015));
#3939=CARTESIAN_POINT('',(-0.0291262023679042,-0.0267634618943234,0.0015));
#3940=CARTESIAN_POINT('',(-0.0282524047358084,-0.0265625,0.034));
#3941=CARTESIAN_POINT('',(-0.0282524047358084,-0.0265625,0.0325));
#3942=CARTESIAN_POINT('',(-0.0282524047358084,-0.0265625,0.0015));
#3943=CARTESIAN_POINT('',(-0.001875,0.,0.0325));
#3944=CARTESIAN_POINT('',(-0.0308737976320958,-0.0267634618943234,0.0325));
#3945=CARTESIAN_POINT('',(-0.0317475952641917,-0.0262589745962156,0.0325));
#3946=CARTESIAN_POINT('',(-0.0317475952641917,-0.0265625,0.0325));
#3947=CARTESIAN_POINT('',(0.,0.,0.0015));
#3948=CARTESIAN_POINT('',(-0.0317475952641917,-0.0265625,0.0015));
#3949=CARTESIAN_POINT('',(-0.0317475952641917,-0.0262589745962156,0.0015));
#3950=CARTESIAN_POINT('',(-0.0308737976320958,-0.0267634618943234,0.0015));
#3951=CARTESIAN_POINT('',(-0.0308737976320958,-0.0267634618943234,0.034));
#3952=CARTESIAN_POINT('',(-0.0317475952641917,-0.0262589745962156,0.034));
#3953=CARTESIAN_POINT('',(-0.0317475952641917,-0.0265625,0.034));
#3954=CARTESIAN_POINT('',(0.0291262023679042,0.0237365381056766,0.034));
#3955=CARTESIAN_POINT('',(0.0282524047358084,0.0242410254037844,0.034));
#3956=CARTESIAN_POINT('',(0.0282524047358084,0.0242410254037844,0.0325));
#3957=CARTESIAN_POINT('',(0.0282524047358084,0.0242410254037844,0.0015));
#3958=CARTESIAN_POINT('',(0.0291262023679042,0.0237365381056766,0.0325));
#3959=CARTESIAN_POINT('',(0.03,0.0232320508075689,0.0325));
#3960=CARTESIAN_POINT('',(0.03,0.0232320508075689,0.034));
#3961=CARTESIAN_POINT('',(0.03,0.0232320508075689,0.0015));
#3962=CARTESIAN_POINT('',(0.0291262023679042,0.0237365381056766,0.0015));
#3963=CARTESIAN_POINT('',(0.0291262023679042,0.0267634618943234,0.034));
#3964=CARTESIAN_POINT('',(0.03,0.0272679491924312,0.034));
#3965=CARTESIAN_POINT('',(0.03,0.0272679491924312,0.0325));
#3966=CARTESIAN_POINT('',(0.03,0.0272679491924312,0.0015));
#3967=CARTESIAN_POINT('',(0.0291262023679042,0.0267634618943234,0.0325));
#3968=CARTESIAN_POINT('',(0.0282524047358084,0.0262589745962156,0.0325));
#3969=CARTESIAN_POINT('',(0.0282524047358084,0.0262589745962156,0.034));
#3970=CARTESIAN_POINT('',(0.0282524047358084,0.0262589745962156,0.0015));
#3971=CARTESIAN_POINT('',(0.0291262023679042,0.0267634618943234,0.0015));
#3972=CARTESIAN_POINT('',(0.0317475952641917,0.0246875,0.034));
#3973=CARTESIAN_POINT('',(0.0317475952641917,0.0242410254037844,0.034));
#3974=CARTESIAN_POINT('',(0.0317475952641917,0.0242410254037844,0.0325));
#3975=CARTESIAN_POINT('',(0.0317475952641917,0.0242410254037844,0.0015));
#3976=CARTESIAN_POINT('',(0.0317475952641917,0.0246875,0.0325));
#3977=CARTESIAN_POINT('',(0.0317475952641917,0.0262589745962156,0.0325));
#3978=CARTESIAN_POINT('',(0.0317475952641917,0.0262589745962156,0.034));
#3979=CARTESIAN_POINT('',(0.0317475952641917,0.0262589745962156,0.0015));
#3980=CARTESIAN_POINT('',(0.0317475952641917,0.0246875,0.0015));
#3981=CARTESIAN_POINT('',(0.0308737976320958,0.0237365381056766,0.034));
#3982=CARTESIAN_POINT('',(0.0308737976320958,0.0237365381056766,0.0325));
#3983=CARTESIAN_POINT('',(0.0308737976320958,0.0237365381056766,0.0015));
#3984=CARTESIAN_POINT('',(0.0282524047358084,0.0246875,0.034));
#3985=CARTESIAN_POINT('',(0.0282524047358084,0.0246875,0.0325));
#3986=CARTESIAN_POINT('',(0.0282524047358084,0.0246875,0.0015));
#3987=CARTESIAN_POINT('',(-0.001875,0.,0.0325));
#3988=CARTESIAN_POINT('',(0.0308737976320958,0.0267634618943234,0.0325));
#3989=CARTESIAN_POINT('',(0.,0.,0.0015));
#3990=CARTESIAN_POINT('',(0.0308737976320958,0.0267634618943234,0.0015));
#3991=CARTESIAN_POINT('',(0.0308737976320958,0.0267634618943234,0.034));
#3992=CARTESIAN_POINT('',(-0.0317411702649784,0.024686126771271,0.034));
#3993=CARTESIAN_POINT('',(-0.0317591840053213,0.0262386306583629,0.034));
#3994=CARTESIAN_POINT('',(-0.0317591840053213,0.0262386306583629,0.0325));
#3995=CARTESIAN_POINT('',(-0.0317591840053213,0.0262386306583629,0.0015));
#3996=CARTESIAN_POINT('',(-0.0317411702649784,0.024686126771271,0.0325));
#3997=CARTESIAN_POINT('',(-0.0317357712677631,0.024220817290642,0.0325));
#3998=CARTESIAN_POINT('',(-0.0317357712677631,0.024220817290642,0.034));
#3999=CARTESIAN_POINT('',(-0.0317357712677631,0.024220817290642,0.0015));
#4000=CARTESIAN_POINT('',(-0.0317411702649784,0.024686126771271,0.0015));
#4001=CARTESIAN_POINT('',(-0.001875,0.,0.0325));
#4002=CARTESIAN_POINT('',(-0.0291087016285602,0.023746777986958,0.0325));
#4003=CARTESIAN_POINT('',(-0.0299765872624418,0.0232321866322791,0.0325));
#4004=CARTESIAN_POINT('',(-0.0282408159946787,0.024261369341637,0.0325));
#4005=CARTESIAN_POINT('',(-0.0308561792651025,0.0237265019614605,0.0325));
#4006=CARTESIAN_POINT('',(-0.0308912983714398,0.0267532220130419,0.0325));
#4007=CARTESIAN_POINT('',(-0.0300234127375582,0.0272678133677209,0.0325));
#4008=CARTESIAN_POINT('',(-0.0291438207348975,0.0267734980385395,0.0325));
#4009=CARTESIAN_POINT('',(-0.0282642287322369,0.026279182709358,0.0325));
#4010=CARTESIAN_POINT('',(-0.0282457777970101,0.0246889994317734,0.0325));
#4011=CARTESIAN_POINT('',(0.,0.,0.0015));
#4012=CARTESIAN_POINT('',(-0.0282457777970101,0.0246889994317734,0.0015));
#4013=CARTESIAN_POINT('',(-0.0282408159946787,0.024261369341637,0.0015));
#4014=CARTESIAN_POINT('',(-0.0282642287322369,0.026279182709358,0.0015));
#4015=CARTESIAN_POINT('',(-0.0291438207348975,0.0267734980385395,0.0015));
#4016=CARTESIAN_POINT('',(-0.0300234127375582,0.0272678133677209,0.0015));
#4017=CARTESIAN_POINT('',(-0.0308912983714398,0.0267532220130419,0.0015));
#4018=CARTESIAN_POINT('',(-0.0308561792651025,0.0237265019614605,0.0015));
#4019=CARTESIAN_POINT('',(-0.0299765872624418,0.0232321866322791,0.0015));
#4020=CARTESIAN_POINT('',(-0.0291087016285602,0.023746777986958,0.0015));
#4021=CARTESIAN_POINT('',(-0.0282457777970101,0.0246889994317734,0.034));
#4022=CARTESIAN_POINT('',(-0.0282408159946787,0.024261369341637,0.034));
#4023=CARTESIAN_POINT('',(-0.0282642287322369,0.026279182709358,0.034));
#4024=CARTESIAN_POINT('',(-0.0291438207348975,0.0267734980385395,0.034));
#4025=CARTESIAN_POINT('',(-0.0300234127375582,0.0272678133677209,0.034));
#4026=CARTESIAN_POINT('',(-0.0291087016285602,0.023746777986958,0.034));
#4027=CARTESIAN_POINT('',(-0.0299765872624418,0.0232321866322791,0.034));
#4028=CARTESIAN_POINT('',(-0.0308912983714398,0.0267532220130419,0.034));
#4029=CARTESIAN_POINT('',(-0.0308561792651025,0.0237265019614605,0.034));
#4030=MECHANICAL_DESIGN_GEOMETRIC_PRESENTATION_REPRESENTATION('',(#2395),
#4031);
#4031=(
GEOMETRIC_REPRESENTATION_CONTEXT(3)
GLOBAL_UNCERTAINTY_ASSIGNED_CONTEXT((#4032))
GLOBAL_UNIT_ASSIGNED_CONTEXT((#4035,#4034,#4033))
REPRESENTATION_CONTEXT('Part 1','TOP_LEVEL_ASSEMBLY_PART')
);
#4032=UNCERTAINTY_MEASURE_WITH_UNIT(LENGTH_MEASURE(1.E-8),#4035,
'DISTANCE_ACCURACY_VALUE','Maximum Tolerance applied to model');
#4033=(
NAMED_UNIT(*)
SI_UNIT($,.STERADIAN.)
SOLID_ANGLE_UNIT()
);
#4034=(
NAMED_UNIT(*)
PLANE_ANGLE_UNIT()
SI_UNIT($,.RADIAN.)
);
#4035=(
LENGTH_UNIT()
NAMED_UNIT(*)
SI_UNIT($,.METRE.)
);
#4036=PRODUCT_DEFINITION_SHAPE('','',#4037);
#4037=PRODUCT_DEFINITION('','',#4039,#4038);
#4038=PRODUCT_DEFINITION_CONTEXT('',#4045,'design');
#4039=PRODUCT_DEFINITION_FORMATION_WITH_SPECIFIED_SOURCE('','',#4041,
 .NOT_KNOWN.);
#4040=PRODUCT_RELATED_PRODUCT_CATEGORY('','',(#4041));
#4041=PRODUCT('Part 1','Part 1','Part 1',(#4043));
#4042=PRODUCT_CATEGORY('','');
#4043=PRODUCT_CONTEXT('',#4045,'mechanical');
#4044=APPLICATION_PROTOCOL_DEFINITION('international standard',
'ap242_managed_model_based_3d_engineering',2020,#4045);
#4045=APPLICATION_CONTEXT('managed model based 3d engineering');
ENDSEC;
END-ISO-10303-21;
