# OBJ generated by ONSHAPE BY PTC INC, 1.219 Units = meters
mtllib s3-cube-full-model-view.mtl
g Part 2
v -0.0280453 0.0739452 -0.027 
v -0.027 0.074 -0.027 
v -0.027 0.0739452 -0.0280453 
v -0.027 0.0737815 -0.0290791 
v -0.027 0.0735106 -0.0300902 
v -0.027 0.0731355 -0.0310674 
v -0.027 0.0726603 -0.032 
v -0.027 0.0720902 -0.0328779 
v -0.027 0.0714314 -0.0336913 
v -0.027 0.0706913 -0.0344314 
v -0.027 0.0698779 -0.0350902 
v -0.027 0.069 -0.0356603 
v -0.027 0.0680674 -0.0361355 
v -0.027 0.0670902 -0.0365106 
v -0.027 0.0660791 -0.0367815 
v -0.027 0.0650453 -0.0369452 
v -0.027 0.064 -0.037 
v -0.0290791 0.0737815 -0.027 
v -0.0280453 0.064 -0.0369452 
v -0.0300902 0.0735106 -0.027 
v -0.0290791 0.064 -0.0367815 
v -0.0310674 0.0731355 -0.027 
v -0.0300902 0.064 -0.0365106 
v -0.032 0.0726603 -0.027 
v -0.0310674 0.064 -0.0361355 
v -0.0328779 0.0720902 -0.027 
v -0.032 0.064 -0.0356603 
v -0.0336913 0.0714314 -0.027 
v -0.0328779 0.064 -0.0350902 
v -0.0344314 0.0706913 -0.027 
v -0.0336913 0.064 -0.0344314 
v -0.0350902 0.0698779 -0.027 
v -0.0344314 0.064 -0.0336913 
v -0.0356603 0.069 -0.027 
v -0.0350902 0.064 -0.0328779 
v -0.0361355 0.0680674 -0.027 
v -0.0356603 0.064 -0.032 
v -0.0365106 0.0670902 -0.027 
v -0.0361355 0.064 -0.0310674 
v -0.0367815 0.0660791 -0.027 
v -0.0365106 0.064 -0.0300902 
v -0.0369452 0.0650453 -0.027 
v -0.0367815 0.064 -0.0290791 
v -0.037 0.064 -0.027 
v -0.0369452 0.064 -0.0280453 
v -0.0280453 0.0738907 -0.0280396 
v -0.0280453 0.0737279 -0.0290677 
v -0.0280453 0.0734585 -0.0300732 
v -0.0280453 0.0730854 -0.0310451 
v -0.0280453 0.0726128 -0.0319726 
v -0.0280453 0.0720459 -0.0328457 
v -0.0280453 0.0713907 -0.0336547 
v -0.0280453 0.0706547 -0.0343907 
v -0.0280453 0.0698457 -0.0350459 
v -0.0280453 0.0689726 -0.0356128 
v -0.0280453 0.0680451 -0.0360854 
v -0.0280453 0.0670732 -0.0364585 
v -0.0280453 0.0660677 -0.0367279 
v -0.0280453 0.0650396 -0.0368907 
v -0.0290791 0.0737279 -0.0280224 
v -0.0290791 0.0735677 -0.0290337 
v -0.0290791 0.0733027 -0.0300226 
v -0.0290791 0.0729358 -0.0309785 
v -0.0290791 0.072471 -0.0318907 
v -0.0290791 0.0719134 -0.0327494 
v -0.0290791 0.0712691 -0.0335451 
v -0.0290791 0.0705451 -0.0342691 
v -0.0290791 0.0697494 -0.0349134 
v -0.0290791 0.0688907 -0.035471 
v -0.0290791 0.0679785 -0.0359358 
v -0.0290791 0.0670226 -0.0363027 
v -0.0290791 0.0660337 -0.0365677 
v -0.0290791 0.0650224 -0.0367279 
v -0.0300902 0.0734585 -0.0279941 
v -0.0300902 0.0733027 -0.0289774 
v -0.0300902 0.0730451 -0.0299389 
v -0.0300902 0.0726883 -0.0308683 
v -0.0300902 0.0722364 -0.0317553 
v -0.0300902 0.0716942 -0.0325902 
v -0.0300902 0.0710677 -0.0333638 
v -0.0300902 0.0703638 -0.0340677 
v -0.0300902 0.0695902 -0.0346942 
v -0.0300902 0.0687553 -0.0352364 
v -0.0300902 0.0678683 -0.0356883 
v -0.0300902 0.0669389 -0.0360451 
v -0.0300902 0.0659774 -0.0363027 
v -0.0300902 0.0649941 -0.0364585 
v -0.0310674 0.0730854 -0.0279549 
v -0.0310674 0.0729358 -0.0288994 
v -0.0310674 0.0726883 -0.029823 
v -0.0310674 0.0723457 -0.0307157 
v -0.0310674 0.0719115 -0.0315677 
v -0.0310674 0.0713907 -0.0323697 
v -0.0310674 0.070789 -0.0331128 
v -0.0310674 0.0701128 -0.033789 
v -0.0310674 0.0693697 -0.0343907 
v -0.0310674 0.0685677 -0.0349115 
v -0.0310674 0.0677157 -0.0353457 
v -0.0310674 0.066823 -0.0356883 
v -0.0310674 0.0658994 -0.0359358 
v -0.0310674 0.0649549 -0.0360854 
v -0.032 0.0726128 -0.0279052 
v -0.032 0.072471 -0.0288006 
v -0.032 0.0722364 -0.0296762 
v -0.032 0.0719115 -0.0305224 
v -0.032 0.0715 -0.0313301 
v -0.032 0.0710063 -0.0320904 
v -0.032 0.0704358 -0.0327948 
v -0.032 0.0697948 -0.0334358 
v -0.032 0.0690904 -0.0340063 
v -0.032 0.0683301 -0.0345 
v -0.032 0.0675224 -0.0349115 
v -0.032 0.0666762 -0.0352364 
v -0.032 0.0658006 -0.035471 
v -0.032 0.0649052 -0.0356128 
v -0.0328779 0.0720459 -0.0278457 
v -0.0328779 0.0719134 -0.028682 
v -0.0328779 0.0716942 -0.0295 
v -0.0328779 0.0713907 -0.0302906 
v -0.0328779 0.0710063 -0.0310451 
v -0.0328779 0.0705451 -0.0317553 
v -0.0328779 0.0700122 -0.0324134 
v -0.0328779 0.0694134 -0.0330122 
v -0.0328779 0.0687553 -0.0335451 
v -0.0328779 0.0680451 -0.0340063 
v -0.0328779 0.0672906 -0.0343907 
v -0.0328779 0.0665 -0.0346942 
v -0.0328779 0.065682 -0.0349134 
v -0.0328779 0.0648457 -0.0350459 
v -0.0336913 0.0713907 -0.0277768 
v -0.0336913 0.0712691 -0.0285451 
v -0.0336913 0.0710677 -0.0292964 
v -0.0336913 0.070789 -0.0300226 
v -0.0336913 0.0704358 -0.0307157 
v -0.0336913 0.0700122 -0.0313681 
v -0.0336913 0.0695226 -0.0319726 
v -0.0336913 0.0689726 -0.0325226 
v -0.0336913 0.0683681 -0.0330122 
v -0.0336913 0.0677157 -0.0334358 
v -0.0336913 0.0670226 -0.033789 
v -0.0336913 0.0662964 -0.0340677 
v -0.0336913 0.0655451 -0.0342691 
v -0.0336913 0.0647768 -0.0343907 
v -0.0344314 0.0706547 -0.0276994 
v -0.0344314 0.0705451 -0.0283912 
v -0.0344314 0.0703638 -0.0290677 
v -0.0344314 0.0701128 -0.0297216 
v -0.0344314 0.0697948 -0.0303457 
v -0.0344314 0.0694134 -0.0309331 
v -0.0344314 0.0689726 -0.0314774 
v -0.0344314 0.0684774 -0.0319726 
v -0.0344314 0.0679331 -0.0324134 
v -0.0344314 0.0673457 -0.0327948 
v -0.0344314 0.0667216 -0.0331128 
v -0.0344314 0.0660677 -0.0333638 
v -0.0344314 0.0653912 -0.0335451 
v -0.0344314 0.0646994 -0.0336547 
v -0.0350902 0.0698457 -0.0276144 
v -0.0350902 0.0697494 -0.0282221 
v -0.0350902 0.0695902 -0.0288164 
v -0.0350902 0.0693697 -0.0293907 
v -0.0350902 0.0690904 -0.0299389 
v -0.0350902 0.0687553 -0.0304549 
v -0.0350902 0.0683681 -0.0309331 
v -0.0350902 0.0679331 -0.0313681 
v -0.0350902 0.0674549 -0.0317553 
v -0.0350902 0.0669389 -0.0320904 
v -0.0350902 0.0663907 -0.0323697 
v -0.0350902 0.0658164 -0.0325902 
v -0.0350902 0.0652221 -0.0327494 
v -0.0350902 0.0646144 -0.0328457 
v -0.0356603 0.0689726 -0.0275226 
v -0.0356603 0.0688907 -0.0280396 
v -0.0356603 0.0687553 -0.0285451 
v -0.0356603 0.0685677 -0.0290337 
v -0.0356603 0.0683301 -0.0295 
v -0.0356603 0.0680451 -0.0299389 
v -0.0356603 0.0677157 -0.0303457 
v -0.0356603 0.0673457 -0.0307157 
v -0.0356603 0.0669389 -0.0310451 
v -0.0356603 0.0665 -0.0313301 
v -0.0356603 0.0660337 -0.0315677 
v -0.0356603 0.0655451 -0.0317553 
v -0.0356603 0.0650396 -0.0318907 
v -0.0356603 0.0645226 -0.0319726 
v -0.0361355 0.0680451 -0.0274252 
v -0.0361355 0.0679785 -0.0278457 
v -0.0361355 0.0678683 -0.0282569 
v -0.0361355 0.0677157 -0.0286543 
v -0.0361355 0.0675224 -0.0290337 
v -0.0361355 0.0672906 -0.0293907 
v -0.0361355 0.0670226 -0.0297216 
v -0.0361355 0.0667216 -0.0300226 
v -0.0361355 0.0663907 -0.0302906 
v -0.0361355 0.0660337 -0.0305224 
v -0.0361355 0.0656543 -0.0307157 
v -0.0361355 0.0652569 -0.0308683 
v -0.0361355 0.0648457 -0.0309785 
v -0.0361355 0.0644252 -0.0310451 
v -0.0365106 0.0670732 -0.027323 
v -0.0365106 0.0670226 -0.0276425 
v -0.0365106 0.0669389 -0.0279549 
v -0.0365106 0.066823 -0.0282569 
v -0.0365106 0.0666762 -0.0285451 
v -0.0365106 0.0665 -0.0288164 
v -0.0365106 0.0662964 -0.0290677 
v -0.0365106 0.0660677 -0.0292964 
v -0.0365106 0.0658164 -0.0295 
v -0.0365106 0.0655451 -0.0296762 
v -0.0365106 0.0652569 -0.029823 
v -0.0365106 0.0649549 -0.0299389 
v -0.0365106 0.0646425 -0.0300226 
v -0.0365106 0.064323 -0.0300732 
v -0.0367815 0.0660677 -0.0272173 
v -0.0367815 0.0660337 -0.0274323 
v -0.0367815 0.0659774 -0.0276425 
v -0.0367815 0.0658994 -0.0278457 
v -0.0367815 0.0658006 -0.0280396 
v -0.0367815 0.065682 -0.0282221 
v -0.0367815 0.0655451 -0.0283912 
v -0.0367815 0.0653912 -0.0285451 
v -0.0367815 0.0652221 -0.028682 
v -0.0367815 0.0650396 -0.0288006 
v -0.0367815 0.0648457 -0.0288994 
v -0.0367815 0.0646425 -0.0289774 
v -0.0367815 0.0644323 -0.0290337 
v -0.0367815 0.0642173 -0.0290677 
v -0.0369452 0.0650396 -0.0271093 
v -0.0369452 0.0650224 -0.0272173 
v -0.0369452 0.0649941 -0.027323 
v -0.0369452 0.0649549 -0.0274252 
v -0.0369452 0.0649052 -0.0275226 
v -0.0369452 0.0648457 -0.0276144 
v -0.0369452 0.0647768 -0.0276994 
v -0.0369452 0.0646994 -0.0277768 
v -0.0369452 0.0646144 -0.0278457 
v -0.0369452 0.0645226 -0.0279052 
v -0.0369452 0.0644252 -0.0279549 
v -0.0369452 0.064323 -0.0279941 
v -0.0369452 0.0642173 -0.0280224 
v -0.0369452 0.0641093 -0.0280396 
v -0.027 0.06 -0.037 
v -0.0280453 0.06 -0.0369452 
v -0.0290791 0.06 -0.0367815 
v -0.0300902 0.06 -0.0365106 
v -0.0310674 0.06 -0.0361355 
v -0.032 0.06 -0.0356603 
v -0.0328779 0.06 -0.0350902 
v -0.0336913 0.06 -0.0344314 
v -0.0344314 0.06 -0.0336913 
v -0.0350902 0.06 -0.0328779 
v -0.0356603 0.06 -0.032 
v -0.0361355 0.06 -0.0310674 
v -0.0365106 0.06 -0.0300902 
v -0.0367815 0.06 -0.0290791 
v -0.0369452 0.06 -0.0280453 
v -0.037 0.06 -0.027 
v 0.027 0.064 -0.037 
v 0.027 0.06 -0.037 
v -0.037 0.06 0.027 
v -0.037 0.064 0.027 
v -0.027 0.06 0.037 
v -0.027 0.064 0.037 
v -0.0280453 0.064 0.0369452 
v -0.0280453 0.06 0.0369452 
v -0.0290791 0.064 0.0367815 
v -0.0290791 0.06 0.0367815 
v -0.0300902 0.064 0.0365106 
v -0.0300902 0.06 0.0365106 
v -0.0310674 0.064 0.0361355 
v -0.0310674 0.06 0.0361355 
v -0.032 0.064 0.0356603 
v -0.032 0.06 0.0356603 
v -0.0328779 0.064 0.0350902 
v -0.0328779 0.06 0.0350902 
v -0.0336913 0.064 0.0344314 
v -0.0336913 0.06 0.0344314 
v -0.0344314 0.064 0.0336913 
v -0.0344314 0.06 0.0336913 
v -0.0350902 0.064 0.0328779 
v -0.0350902 0.06 0.0328779 
v -0.0356603 0.064 0.032 
v -0.0356603 0.06 0.032 
v -0.0361355 0.064 0.0310674 
v -0.0361355 0.06 0.0310674 
v -0.0365106 0.064 0.0300902 
v -0.0365106 0.06 0.0300902 
v -0.0367815 0.064 0.0290791 
v -0.0367815 0.06 0.0290791 
v -0.0369452 0.064 0.0280453 
v -0.0369452 0.06 0.0280453 
v -0.0369452 0.0650453 0.027 
v -0.0367815 0.0660791 0.027 
v -0.0365106 0.0670902 0.027 
v -0.0361355 0.0680674 0.027 
v -0.0356603 0.069 0.027 
v -0.0350902 0.0698779 0.027 
v -0.0344314 0.0706913 0.027 
v -0.0336913 0.0714314 0.027 
v -0.0328779 0.0720902 0.027 
v -0.032 0.0726603 0.027 
v -0.0310674 0.0731355 0.027 
v -0.0300902 0.0735106 0.027 
v -0.0290791 0.0737815 0.027 
v -0.0280453 0.0739452 0.027 
v -0.027 0.074 0.027 
v 0.027 0.0650453 -0.0369452 
v 0.027 0.0660791 -0.0367815 
v 0.027 0.0670902 -0.0365106 
v 0.027 0.0680674 -0.0361355 
v 0.027 0.069 -0.0356603 
v 0.027 0.0698779 -0.0350902 
v 0.027 0.0706913 -0.0344314 
v 0.027 0.0714314 -0.0336913 
v 0.027 0.0720902 -0.0328779 
v 0.027 0.0726603 -0.032 
v 0.027 0.0731355 -0.0310674 
v 0.027 0.0735106 -0.0300902 
v 0.027 0.0737815 -0.0290791 
v 0.027 0.0739452 -0.0280453 
v 0.027 0.074 -0.027 
v 0.0280453 0.064 -0.0369452 
v 0.0280453 0.06 -0.0369452 
v 0.0290791 0.064 -0.0367815 
v 0.0290791 0.06 -0.0367815 
v 0.0300902 0.064 -0.0365106 
v 0.0300902 0.06 -0.0365106 
v 0.0310674 0.064 -0.0361355 
v 0.0310674 0.06 -0.0361355 
v 0.032 0.064 -0.0356603 
v 0.032 0.06 -0.0356603 
v 0.0328779 0.064 -0.0350902 
v 0.0328779 0.06 -0.0350902 
v 0.0336913 0.064 -0.0344314 
v 0.0336913 0.06 -0.0344314 
v 0.0344314 0.064 -0.0336913 
v 0.0344314 0.06 -0.0336913 
v 0.0350902 0.064 -0.0328779 
v 0.0350902 0.06 -0.0328779 
v 0.0356603 0.064 -0.032 
v 0.0356603 0.06 -0.032 
v 0.0361355 0.064 -0.0310674 
v 0.0361355 0.06 -0.0310674 
v 0.0365106 0.064 -0.0300902 
v 0.0365106 0.06 -0.0300902 
v 0.0367815 0.064 -0.0290791 
v 0.0367815 0.06 -0.0290791 
v 0.0369452 0.064 -0.0280453 
v 0.0369452 0.06 -0.0280453 
v 0.037 0.064 -0.027 
v 0.037 0.06 -0.027 
v -0.027 0.0650453 0.0369452 
v -0.027 0.0660791 0.0367815 
v -0.027 0.0670902 0.0365106 
v -0.027 0.0680674 0.0361355 
v -0.027 0.069 0.0356603 
v -0.027 0.0698779 0.0350902 
v -0.027 0.0706913 0.0344314 
v -0.027 0.0714314 0.0336913 
v -0.027 0.0720902 0.0328779 
v -0.027 0.0726603 0.032 
v -0.027 0.0731355 0.0310674 
v -0.027 0.0735106 0.0300902 
v -0.027 0.0737815 0.0290791 
v -0.027 0.0739452 0.0280453 
v -0.0280453 0.0650396 0.0368907 
v -0.0280453 0.0660677 0.0367279 
v -0.0280453 0.0670732 0.0364585 
v -0.0280453 0.0680451 0.0360854 
v -0.0280453 0.0689726 0.0356128 
v -0.0280453 0.0698457 0.0350459 
v -0.0280453 0.0706547 0.0343907 
v -0.0280453 0.0713907 0.0336547 
v -0.0280453 0.0720459 0.0328457 
v -0.0280453 0.0726128 0.0319726 
v -0.0280453 0.0730854 0.0310451 
v -0.0280453 0.0734585 0.0300732 
v -0.0280453 0.0737279 0.0290677 
v -0.0280453 0.0738907 0.0280396 
v -0.0290791 0.0650224 0.0367279 
v -0.0290791 0.0660337 0.0365677 
v -0.0290791 0.0670226 0.0363027 
v -0.0290791 0.0679785 0.0359358 
v -0.0290791 0.0688907 0.035471 
v -0.0290791 0.0697494 0.0349134 
v -0.0290791 0.0705451 0.0342691 
v -0.0290791 0.0712691 0.0335451 
v -0.0290791 0.0719134 0.0327494 
v -0.0290791 0.072471 0.0318907 
v -0.0290791 0.0729358 0.0309785 
v -0.0290791 0.0733027 0.0300226 
v -0.0290791 0.0735677 0.0290337 
v -0.0290791 0.0737279 0.0280224 
v -0.0300902 0.0649941 0.0364585 
v -0.0300902 0.0659774 0.0363027 
v -0.0300902 0.0669389 0.0360451 
v -0.0300902 0.0678683 0.0356883 
v -0.0300902 0.0687553 0.0352364 
v -0.0300902 0.0695902 0.0346942 
v -0.0300902 0.0703638 0.0340677 
v -0.0300902 0.0710677 0.0333638 
v -0.0300902 0.0716942 0.0325902 
v -0.0300902 0.0722364 0.0317553 
v -0.0300902 0.0726883 0.0308683 
v -0.0300902 0.0730451 0.0299389 
v -0.0300902 0.0733027 0.0289774 
v -0.0300902 0.0734585 0.0279941 
v -0.0310674 0.0649549 0.0360854 
v -0.0310674 0.0658994 0.0359358 
v -0.0310674 0.066823 0.0356883 
v -0.0310674 0.0677157 0.0353457 
v -0.0310674 0.0685677 0.0349115 
v -0.0310674 0.0693697 0.0343907 
v -0.0310674 0.0701128 0.033789 
v -0.0310674 0.070789 0.0331128 
v -0.0310674 0.0713907 0.0323697 
v -0.0310674 0.0719115 0.0315677 
v -0.0310674 0.0723457 0.0307157 
v -0.0310674 0.0726883 0.029823 
v -0.0310674 0.0729358 0.0288994 
v -0.0310674 0.0730854 0.0279549 
v -0.032 0.0649052 0.0356128 
v -0.032 0.0658006 0.035471 
v -0.032 0.0666762 0.0352364 
v -0.032 0.0675224 0.0349115 
v -0.032 0.0683301 0.0345 
v -0.032 0.0690904 0.0340063 
v -0.032 0.0697948 0.0334358 
v -0.032 0.0704358 0.0327948 
v -0.032 0.0710063 0.0320904 
v -0.032 0.0715 0.0313301 
v -0.032 0.0719115 0.0305224 
v -0.032 0.0722364 0.0296762 
v -0.032 0.072471 0.0288006 
v -0.032 0.0726128 0.0279052 
v -0.0328779 0.0648457 0.0350459 
v -0.0328779 0.065682 0.0349134 
v -0.0328779 0.0665 0.0346942 
v -0.0328779 0.0672906 0.0343907 
v -0.0328779 0.0680451 0.0340063 
v -0.0328779 0.0687553 0.0335451 
v -0.0328779 0.0694134 0.0330122 
v -0.0328779 0.0700122 0.0324134 
v -0.0328779 0.0705451 0.0317553 
v -0.0328779 0.0710063 0.0310451 
v -0.0328779 0.0713907 0.0302906 
v -0.0328779 0.0716942 0.0295 
v -0.0328779 0.0719134 0.028682 
v -0.0328779 0.0720459 0.0278457 
v -0.0336913 0.0647768 0.0343907 
v -0.0336913 0.0655451 0.0342691 
v -0.0336913 0.0662964 0.0340677 
v -0.0336913 0.0670226 0.033789 
v -0.0336913 0.0677157 0.0334358 
v -0.0336913 0.0683681 0.0330122 
v -0.0336913 0.0689726 0.0325226 
v -0.0336913 0.0695226 0.0319726 
v -0.0336913 0.0700122 0.0313681 
v -0.0336913 0.0704358 0.0307157 
v -0.0336913 0.070789 0.0300226 
v -0.0336913 0.0710677 0.0292964 
v -0.0336913 0.0712691 0.0285451 
v -0.0336913 0.0713907 0.0277768 
v -0.0344314 0.0646994 0.0336547 
v -0.0344314 0.0653912 0.0335451 
v -0.0344314 0.0660677 0.0333638 
v -0.0344314 0.0667216 0.0331128 
v -0.0344314 0.0673457 0.0327948 
v -0.0344314 0.0679331 0.0324134 
v -0.0344314 0.0684774 0.0319726 
v -0.0344314 0.0689726 0.0314774 
v -0.0344314 0.0694134 0.0309331 
v -0.0344314 0.0697948 0.0303457 
v -0.0344314 0.0701128 0.0297216 
v -0.0344314 0.0703638 0.0290677 
v -0.0344314 0.0705451 0.0283912 
v -0.0344314 0.0706547 0.0276994 
v -0.0350902 0.0646144 0.0328457 
v -0.0350902 0.0652221 0.0327494 
v -0.0350902 0.0658164 0.0325902 
v -0.0350902 0.0663907 0.0323697 
v -0.0350902 0.0669389 0.0320904 
v -0.0350902 0.0674549 0.0317553 
v -0.0350902 0.0679331 0.0313681 
v -0.0350902 0.0683681 0.0309331 
v -0.0350902 0.0687553 0.0304549 
v -0.0350902 0.0690904 0.0299389 
v -0.0350902 0.0693697 0.0293907 
v -0.0350902 0.0695902 0.0288164 
v -0.0350902 0.0697494 0.0282221 
v -0.0350902 0.0698457 0.0276144 
v -0.0356603 0.0645226 0.0319726 
v -0.0356603 0.0650396 0.0318907 
v -0.0356603 0.0655451 0.0317553 
v -0.0356603 0.0660337 0.0315677 
v -0.0356603 0.0665 0.0313301 
v -0.0356603 0.0669389 0.0310451 
v -0.0356603 0.0673457 0.0307157 
v -0.0356603 0.0677157 0.0303457 
v -0.0356603 0.0680451 0.0299389 
v -0.0356603 0.0683301 0.0295 
v -0.0356603 0.0685677 0.0290337 
v -0.0356603 0.0687553 0.0285451 
v -0.0356603 0.0688907 0.0280396 
v -0.0356603 0.0689726 0.0275226 
v -0.0361355 0.0644252 0.0310451 
v -0.0361355 0.0648457 0.0309785 
v -0.0361355 0.0652569 0.0308683 
v -0.0361355 0.0656543 0.0307157 
v -0.0361355 0.0660337 0.0305224 
v -0.0361355 0.0663907 0.0302906 
v -0.0361355 0.0667216 0.0300226 
v -0.0361355 0.0670226 0.0297216 
v -0.0361355 0.0672906 0.0293907 
v -0.0361355 0.0675224 0.0290337 
v -0.0361355 0.0677157 0.0286543 
v -0.0361355 0.0678683 0.0282569 
v -0.0361355 0.0679785 0.0278457 
v -0.0361355 0.0680451 0.0274252 
v -0.0365106 0.064323 0.0300732 
v -0.0365106 0.0646425 0.0300226 
v -0.0365106 0.0649549 0.0299389 
v -0.0365106 0.0652569 0.029823 
v -0.0365106 0.0655451 0.0296762 
v -0.0365106 0.0658164 0.0295 
v -0.0365106 0.0660677 0.0292964 
v -0.0365106 0.0662964 0.0290677 
v -0.0365106 0.0665 0.0288164 
v -0.0365106 0.0666762 0.0285451 
v -0.0365106 0.066823 0.0282569 
v -0.0365106 0.0669389 0.0279549 
v -0.0365106 0.0670226 0.0276425 
v -0.0365106 0.0670732 0.027323 
v -0.0367815 0.0642173 0.0290677 
v -0.0367815 0.0644323 0.0290337 
v -0.0367815 0.0646425 0.0289774 
v -0.0367815 0.0648457 0.0288994 
v -0.0367815 0.0650396 0.0288006 
v -0.0367815 0.0652221 0.028682 
v -0.0367815 0.0653912 0.0285451 
v -0.0367815 0.0655451 0.0283912 
v -0.0367815 0.065682 0.0282221 
v -0.0367815 0.0658006 0.0280396 
v -0.0367815 0.0658994 0.0278457 
v -0.0367815 0.0659774 0.0276425 
v -0.0367815 0.0660337 0.0274323 
v -0.0367815 0.0660677 0.0272173 
v -0.0369452 0.0641093 0.0280396 
v -0.0369452 0.0642173 0.0280224 
v -0.0369452 0.064323 0.0279941 
v -0.0369452 0.0644252 0.0279549 
v -0.0369452 0.0645226 0.0279052 
v -0.0369452 0.0646144 0.0278457 
v -0.0369452 0.0646994 0.0277768 
v -0.0369452 0.0647768 0.0276994 
v -0.0369452 0.0648457 0.0276144 
v -0.0369452 0.0649052 0.0275226 
v -0.0369452 0.0649549 0.0274252 
v -0.0369452 0.0649941 0.027323 
v -0.0369452 0.0650224 0.0272173 
v -0.0369452 0.0650396 0.0271093 
v 0.027 0.06 0.037 
v 0.027 0.064 0.037 
v 0.037 0.064 0.027 
v 0.037 0.06 0.027 
v 0.027 0.074 0.027 
v 0.0280453 0.0739452 -0.027 
v 0.0290791 0.0737815 -0.027 
v 0.0300902 0.0735106 -0.027 
v 0.0310674 0.0731355 -0.027 
v 0.032 0.0726603 -0.027 
v 0.0328779 0.0720902 -0.027 
v 0.0336913 0.0714314 -0.027 
v 0.0344314 0.0706913 -0.027 
v 0.0350902 0.0698779 -0.027 
v 0.0356603 0.069 -0.027 
v 0.0361355 0.0680674 -0.027 
v 0.0365106 0.0670902 -0.027 
v 0.0367815 0.0660791 -0.027 
v 0.0369452 0.0650453 -0.027 
v 0.0280396 0.0738907 -0.0280453 
v 0.0290677 0.0737279 -0.0280453 
v 0.0300732 0.0734585 -0.0280453 
v 0.0310451 0.0730854 -0.0280453 
v 0.0319726 0.0726128 -0.0280453 
v 0.0328457 0.0720459 -0.0280453 
v 0.0336547 0.0713907 -0.0280453 
v 0.0343907 0.0706547 -0.0280453 
v 0.0350459 0.0698457 -0.0280453 
v 0.0356128 0.0689726 -0.0280453 
v 0.0360854 0.0680451 -0.0280453 
v 0.0364585 0.0670732 -0.0280453 
v 0.0367279 0.0660677 -0.0280453 
v 0.0368907 0.0650396 -0.0280453 
v 0.0280224 0.0737279 -0.0290791 
v 0.0290337 0.0735677 -0.0290791 
v 0.0300226 0.0733027 -0.0290791 
v 0.0309785 0.0729358 -0.0290791 
v 0.0318907 0.072471 -0.0290791 
v 0.0327494 0.0719134 -0.0290791 
v 0.0335451 0.0712691 -0.0290791 
v 0.0342691 0.0705451 -0.0290791 
v 0.0349134 0.0697494 -0.0290791 
v 0.035471 0.0688907 -0.0290791 
v 0.0359358 0.0679785 -0.0290791 
v 0.0363027 0.0670226 -0.0290791 
v 0.0365677 0.0660337 -0.0290791 
v 0.0367279 0.0650224 -0.0290791 
v 0.0279941 0.0734585 -0.0300902 
v 0.0289774 0.0733027 -0.0300902 
v 0.0299389 0.0730451 -0.0300902 
v 0.0308683 0.0726883 -0.0300902 
v 0.0317553 0.0722364 -0.0300902 
v 0.0325902 0.0716942 -0.0300902 
v 0.0333638 0.0710677 -0.0300902 
v 0.0340677 0.0703638 -0.0300902 
v 0.0346942 0.0695902 -0.0300902 
v 0.0352364 0.0687553 -0.0300902 
v 0.0356883 0.0678683 -0.0300902 
v 0.0360451 0.0669389 -0.0300902 
v 0.0363027 0.0659774 -0.0300902 
v 0.0364585 0.0649941 -0.0300902 
v 0.0279549 0.0730854 -0.0310674 
v 0.0288994 0.0729358 -0.0310674 
v 0.029823 0.0726883 -0.0310674 
v 0.0307157 0.0723457 -0.0310674 
v 0.0315677 0.0719115 -0.0310674 
v 0.0323697 0.0713907 -0.0310674 
v 0.0331128 0.070789 -0.0310674 
v 0.033789 0.0701128 -0.0310674 
v 0.0343907 0.0693697 -0.0310674 
v 0.0349115 0.0685677 -0.0310674 
v 0.0353457 0.0677157 -0.0310674 
v 0.0356883 0.066823 -0.0310674 
v 0.0359358 0.0658994 -0.0310674 
v 0.0360854 0.0649549 -0.0310674 
v 0.0279052 0.0726128 -0.032 
v 0.0288006 0.072471 -0.032 
v 0.0296762 0.0722364 -0.032 
v 0.0305224 0.0719115 -0.032 
v 0.0313301 0.0715 -0.032 
v 0.0320904 0.0710063 -0.032 
v 0.0327948 0.0704358 -0.032 
v 0.0334358 0.0697948 -0.032 
v 0.0340063 0.0690904 -0.032 
v 0.0345 0.0683301 -0.032 
v 0.0349115 0.0675224 -0.032 
v 0.0352364 0.0666762 -0.032 
v 0.035471 0.0658006 -0.032 
v 0.0356128 0.0649052 -0.032 
v 0.0278457 0.0720459 -0.0328779 
v 0.028682 0.0719134 -0.0328779 
v 0.0295 0.0716942 -0.0328779 
v 0.0302906 0.0713907 -0.0328779 
v 0.0310451 0.0710063 -0.0328779 
v 0.0317553 0.0705451 -0.0328779 
v 0.0324134 0.0700122 -0.0328779 
v 0.0330122 0.0694134 -0.0328779 
v 0.0335451 0.0687553 -0.0328779 
v 0.0340063 0.0680451 -0.0328779 
v 0.0343907 0.0672906 -0.0328779 
v 0.0346942 0.0665 -0.0328779 
v 0.0349134 0.065682 -0.0328779 
v 0.0350459 0.0648457 -0.0328779 
v 0.0277768 0.0713907 -0.0336913 
v 0.0285451 0.0712691 -0.0336913 
v 0.0292964 0.0710677 -0.0336913 
v 0.0300226 0.070789 -0.0336913 
v 0.0307157 0.0704358 -0.0336913 
v 0.0313681 0.0700122 -0.0336913 
v 0.0319726 0.0695226 -0.0336913 
v 0.0325226 0.0689726 -0.0336913 
v 0.0330122 0.0683681 -0.0336913 
v 0.0334358 0.0677157 -0.0336913 
v 0.033789 0.0670226 -0.0336913 
v 0.0340677 0.0662964 -0.0336913 
v 0.0342691 0.0655451 -0.0336913 
v 0.0343907 0.0647768 -0.0336913 
v 0.0276994 0.0706547 -0.0344314 
v 0.0283912 0.0705451 -0.0344314 
v 0.0290677 0.0703638 -0.0344314 
v 0.0297216 0.0701128 -0.0344314 
v 0.0303457 0.0697948 -0.0344314 
v 0.0309331 0.0694134 -0.0344314 
v 0.0314774 0.0689726 -0.0344314 
v 0.0319726 0.0684774 -0.0344314 
v 0.0324134 0.0679331 -0.0344314 
v 0.0327948 0.0673457 -0.0344314 
v 0.0331128 0.0667216 -0.0344314 
v 0.0333638 0.0660677 -0.0344314 
v 0.0335451 0.0653912 -0.0344314 
v 0.0336547 0.0646994 -0.0344314 
v 0.0276144 0.0698457 -0.0350902 
v 0.0282221 0.0697494 -0.0350902 
v 0.0288164 0.0695902 -0.0350902 
v 0.0293907 0.0693697 -0.0350902 
v 0.0299389 0.0690904 -0.0350902 
v 0.0304549 0.0687553 -0.0350902 
v 0.0309331 0.0683681 -0.0350902 
v 0.0313681 0.0679331 -0.0350902 
v 0.0317553 0.0674549 -0.0350902 
v 0.0320904 0.0669389 -0.0350902 
v 0.0323697 0.0663907 -0.0350902 
v 0.0325902 0.0658164 -0.0350902 
v 0.0327494 0.0652221 -0.0350902 
v 0.0328457 0.0646144 -0.0350902 
v 0.0275226 0.0689726 -0.0356603 
v 0.0280396 0.0688907 -0.0356603 
v 0.0285451 0.0687553 -0.0356603 
v 0.0290337 0.0685677 -0.0356603 
v 0.0295 0.0683301 -0.0356603 
v 0.0299389 0.0680451 -0.0356603 
v 0.0303457 0.0677157 -0.0356603 
v 0.0307157 0.0673457 -0.0356603 
v 0.0310451 0.0669389 -0.0356603 
v 0.0313301 0.0665 -0.0356603 
v 0.0315677 0.0660337 -0.0356603 
v 0.0317553 0.0655451 -0.0356603 
v 0.0318907 0.0650396 -0.0356603 
v 0.0319726 0.0645226 -0.0356603 
v 0.0274252 0.0680451 -0.0361355 
v 0.0278457 0.0679785 -0.0361355 
v 0.0282569 0.0678683 -0.0361355 
v 0.0286543 0.0677157 -0.0361355 
v 0.0290337 0.0675224 -0.0361355 
v 0.0293907 0.0672906 -0.0361355 
v 0.0297216 0.0670226 -0.0361355 
v 0.0300226 0.0667216 -0.0361355 
v 0.0302906 0.0663907 -0.0361355 
v 0.0305224 0.0660337 -0.0361355 
v 0.0307157 0.0656543 -0.0361355 
v 0.0308683 0.0652569 -0.0361355 
v 0.0309785 0.0648457 -0.0361355 
v 0.0310451 0.0644252 -0.0361355 
v 0.027323 0.0670732 -0.0365106 
v 0.0276425 0.0670226 -0.0365106 
v 0.0279549 0.0669389 -0.0365106 
v 0.0282569 0.066823 -0.0365106 
v 0.0285451 0.0666762 -0.0365106 
v 0.0288164 0.0665 -0.0365106 
v 0.0290677 0.0662964 -0.0365106 
v 0.0292964 0.0660677 -0.0365106 
v 0.0295 0.0658164 -0.0365106 
v 0.0296762 0.0655451 -0.0365106 
v 0.029823 0.0652569 -0.0365106 
v 0.0299389 0.0649549 -0.0365106 
v 0.0300226 0.0646425 -0.0365106 
v 0.0300732 0.064323 -0.0365106 
v 0.0272173 0.0660677 -0.0367815 
v 0.0274323 0.0660337 -0.0367815 
v 0.0276425 0.0659774 -0.0367815 
v 0.0278457 0.0658994 -0.0367815 
v 0.0280396 0.0658006 -0.0367815 
v 0.0282221 0.065682 -0.0367815 
v 0.0283912 0.0655451 -0.0367815 
v 0.0285451 0.0653912 -0.0367815 
v 0.028682 0.0652221 -0.0367815 
v 0.0288006 0.0650396 -0.0367815 
v 0.0288994 0.0648457 -0.0367815 
v 0.0289774 0.0646425 -0.0367815 
v 0.0290337 0.0644323 -0.0367815 
v 0.0290677 0.0642173 -0.0367815 
v 0.0271093 0.0650396 -0.0369452 
v 0.0272173 0.0650224 -0.0369452 
v 0.027323 0.0649941 -0.0369452 
v 0.0274252 0.0649549 -0.0369452 
v 0.0275226 0.0649052 -0.0369452 
v 0.0276144 0.0648457 -0.0369452 
v 0.0276994 0.0647768 -0.0369452 
v 0.0277768 0.0646994 -0.0369452 
v 0.0278457 0.0646144 -0.0369452 
v 0.0279052 0.0645226 -0.0369452 
v 0.0279549 0.0644252 -0.0369452 
v 0.0279941 0.064323 -0.0369452 
v 0.0280224 0.0642173 -0.0369452 
v 0.0280396 0.0641093 -0.0369452 
v 0.027 0.0650453 0.0369452 
v 0.027 0.0660791 0.0367815 
v 0.027 0.0670902 0.0365106 
v 0.027 0.0680674 0.0361355 
v 0.027 0.069 0.0356603 
v 0.027 0.0698779 0.0350902 
v 0.027 0.0706913 0.0344314 
v 0.027 0.0714314 0.0336913 
v 0.027 0.0720902 0.0328779 
v 0.027 0.0726603 0.032 
v 0.027 0.0731355 0.0310674 
v 0.027 0.0735106 0.0300902 
v 0.027 0.0737815 0.0290791 
v 0.027 0.0739452 0.0280453 
v 0.0369452 0.0650453 0.027 
v 0.0367815 0.0660791 0.027 
v 0.0365106 0.0670902 0.027 
v 0.0361355 0.0680674 0.027 
v 0.0356603 0.069 0.027 
v 0.0350902 0.0698779 0.027 
v 0.0344314 0.0706913 0.027 
v 0.0336913 0.0714314 0.027 
v 0.0328779 0.0720902 0.027 
v 0.032 0.0726603 0.027 
v 0.0310674 0.0731355 0.027 
v 0.0300902 0.0735106 0.027 
v 0.0290791 0.0737815 0.027 
v 0.0280453 0.0739452 0.027 
v 0.0280453 0.06 0.0369452 
v 0.0280453 0.064 0.0369452 
v 0.0290791 0.06 0.0367815 
v 0.0290791 0.064 0.0367815 
v 0.0300902 0.06 0.0365106 
v 0.0300902 0.064 0.0365106 
v 0.0310674 0.06 0.0361355 
v 0.0310674 0.064 0.0361355 
v 0.032 0.06 0.0356603 
v 0.032 0.064 0.0356603 
v 0.0328779 0.06 0.0350902 
v 0.0328779 0.064 0.0350902 
v 0.0336913 0.06 0.0344314 
v 0.0336913 0.064 0.0344314 
v 0.0344314 0.06 0.0336913 
v 0.0344314 0.064 0.0336913 
v 0.0350902 0.06 0.0328779 
v 0.0350902 0.064 0.0328779 
v 0.0356603 0.06 0.032 
v 0.0356603 0.064 0.032 
v 0.0361355 0.06 0.0310674 
v 0.0361355 0.064 0.0310674 
v 0.0365106 0.06 0.0300902 
v 0.0365106 0.064 0.0300902 
v 0.0367815 0.06 0.0290791 
v 0.0367815 0.064 0.0290791 
v 0.0369452 0.06 0.0280453 
v 0.0369452 0.064 0.0280453 
v 0.0280396 0.0650453 0.0368907 
v 0.0290677 0.0650453 0.0367279 
v 0.0300732 0.0650453 0.0364585 
v 0.0310451 0.0650453 0.0360854 
v 0.0319726 0.0650453 0.0356128 
v 0.0328457 0.0650453 0.0350459 
v 0.0336547 0.0650453 0.0343907 
v 0.0343907 0.0650453 0.0336547 
v 0.0350459 0.0650453 0.0328457 
v 0.0356128 0.0650453 0.0319726 
v 0.0360854 0.0650453 0.0310451 
v 0.0364585 0.0650453 0.0300732 
v 0.0367279 0.0650453 0.0290677 
v 0.0368907 0.0650453 0.0280396 
v 0.0280224 0.0660791 0.0367279 
v 0.0290337 0.0660791 0.0365677 
v 0.0300226 0.0660791 0.0363027 
v 0.0309785 0.0660791 0.0359358 
v 0.0318907 0.0660791 0.035471 
v 0.0327494 0.0660791 0.0349134 
v 0.0335451 0.0660791 0.0342691 
v 0.0342691 0.0660791 0.0335451 
v 0.0349134 0.0660791 0.0327494 
v 0.035471 0.0660791 0.0318907 
v 0.0359358 0.0660791 0.0309785 
v 0.0363027 0.0660791 0.0300226 
v 0.0365677 0.0660791 0.0290337 
v 0.0367279 0.0660791 0.0280224 
v 0.0279941 0.0670902 0.0364585 
v 0.0289774 0.0670902 0.0363027 
v 0.0299389 0.0670902 0.0360451 
v 0.0308683 0.0670902 0.0356883 
v 0.0317553 0.0670902 0.0352364 
v 0.0325902 0.0670902 0.0346942 
v 0.0333638 0.0670902 0.0340677 
v 0.0340677 0.0670902 0.0333638 
v 0.0346942 0.0670902 0.0325902 
v 0.0352364 0.0670902 0.0317553 
v 0.0356883 0.0670902 0.0308683 
v 0.0360451 0.0670902 0.0299389 
v 0.0363027 0.0670902 0.0289774 
v 0.0364585 0.0670902 0.0279941 
v 0.0279549 0.0680674 0.0360854 
v 0.0288994 0.0680674 0.0359358 
v 0.029823 0.0680674 0.0356883 
v 0.0307157 0.0680674 0.0353457 
v 0.0315677 0.0680674 0.0349115 
v 0.0323697 0.0680674 0.0343907 
v 0.0331128 0.0680674 0.033789 
v 0.033789 0.0680674 0.0331128 
v 0.0343907 0.0680674 0.0323697 
v 0.0349115 0.0680674 0.0315677 
v 0.0353457 0.0680674 0.0307157 
v 0.0356883 0.0680674 0.029823 
v 0.0359358 0.0680674 0.0288994 
v 0.0360854 0.0680674 0.0279549 
v 0.0279052 0.069 0.0356128 
v 0.0288006 0.069 0.035471 
v 0.0296762 0.069 0.0352364 
v 0.0305224 0.069 0.0349115 
v 0.0313301 0.069 0.0345 
v 0.0320904 0.069 0.0340063 
v 0.0327948 0.069 0.0334358 
v 0.0334358 0.069 0.0327948 
v 0.0340063 0.069 0.0320904 
v 0.0345 0.069 0.0313301 
v 0.0349115 0.069 0.0305224 
v 0.0352364 0.069 0.0296762 
v 0.035471 0.069 0.0288006 
v 0.0356128 0.069 0.0279052 
v 0.0278457 0.0698779 0.0350459 
v 0.028682 0.0698779 0.0349134 
v 0.0295 0.0698779 0.0346942 
v 0.0302906 0.0698779 0.0343907 
v 0.0310451 0.0698779 0.0340063 
v 0.0317553 0.0698779 0.0335451 
v 0.0324134 0.0698779 0.0330122 
v 0.0330122 0.0698779 0.0324134 
v 0.0335451 0.0698779 0.0317553 
v 0.0340063 0.0698779 0.0310451 
v 0.0343907 0.0698779 0.0302906 
v 0.0346942 0.0698779 0.0295 
v 0.0349134 0.0698779 0.028682 
v 0.0350459 0.0698779 0.0278457 
v 0.0277768 0.0706913 0.0343907 
v 0.0285451 0.0706913 0.0342691 
v 0.0292964 0.0706913 0.0340677 
v 0.0300226 0.0706913 0.033789 
v 0.0307157 0.0706913 0.0334358 
v 0.0313681 0.0706913 0.0330122 
v 0.0319726 0.0706913 0.0325226 
v 0.0325226 0.0706913 0.0319726 
v 0.0330122 0.0706913 0.0313681 
v 0.0334358 0.0706913 0.0307157 
v 0.033789 0.0706913 0.0300226 
v 0.0340677 0.0706913 0.0292964 
v 0.0342691 0.0706913 0.0285451 
v 0.0343907 0.0706913 0.0277768 
v 0.0276994 0.0714314 0.0336547 
v 0.0283912 0.0714314 0.0335451 
v 0.0290677 0.0714314 0.0333638 
v 0.0297216 0.0714314 0.0331128 
v 0.0303457 0.0714314 0.0327948 
v 0.0309331 0.0714314 0.0324134 
v 0.0314774 0.0714314 0.0319726 
v 0.0319726 0.0714314 0.0314774 
v 0.0324134 0.0714314 0.0309331 
v 0.0327948 0.0714314 0.0303457 
v 0.0331128 0.0714314 0.0297216 
v 0.0333638 0.0714314 0.0290677 
v 0.0335451 0.0714314 0.0283912 
v 0.0336547 0.0714314 0.0276994 
v 0.0276144 0.0720902 0.0328457 
v 0.0282221 0.0720902 0.0327494 
v 0.0288164 0.0720902 0.0325902 
v 0.0293907 0.0720902 0.0323697 
v 0.0299389 0.0720902 0.0320904 
v 0.0304549 0.0720902 0.0317553 
v 0.0309331 0.0720902 0.0313681 
v 0.0313681 0.0720902 0.0309331 
v 0.0317553 0.0720902 0.0304549 
v 0.0320904 0.0720902 0.0299389 
v 0.0323697 0.0720902 0.0293907 
v 0.0325902 0.0720902 0.0288164 
v 0.0327494 0.0720902 0.0282221 
v 0.0328457 0.0720902 0.0276144 
v 0.0275226 0.0726603 0.0319726 
v 0.0280396 0.0726603 0.0318907 
v 0.0285451 0.0726603 0.0317553 
v 0.0290337 0.0726603 0.0315677 
v 0.0295 0.0726603 0.0313301 
v 0.0299389 0.0726603 0.0310451 
v 0.0303457 0.0726603 0.0307157 
v 0.0307157 0.0726603 0.0303457 
v 0.0310451 0.0726603 0.0299389 
v 0.0313301 0.0726603 0.0295 
v 0.0315677 0.0726603 0.0290337 
v 0.0317553 0.0726603 0.0285451 
v 0.0318907 0.0726603 0.0280396 
v 0.0319726 0.0726603 0.0275226 
v 0.0274252 0.0731355 0.0310451 
v 0.0278457 0.0731355 0.0309785 
v 0.0282569 0.0731355 0.0308683 
v 0.0286543 0.0731355 0.0307157 
v 0.0290337 0.0731355 0.0305224 
v 0.0293907 0.0731355 0.0302906 
v 0.0297216 0.0731355 0.0300226 
v 0.0300226 0.0731355 0.0297216 
v 0.0302906 0.0731355 0.0293907 
v 0.0305224 0.0731355 0.0290337 
v 0.0307157 0.0731355 0.0286543 
v 0.0308683 0.0731355 0.0282569 
v 0.0309785 0.0731355 0.0278457 
v 0.0310451 0.0731355 0.0274252 
v 0.027323 0.0735106 0.0300732 
v 0.0276425 0.0735106 0.0300226 
v 0.0279549 0.0735106 0.0299389 
v 0.0282569 0.0735106 0.029823 
v 0.0285451 0.0735106 0.0296762 
v 0.0288164 0.0735106 0.0295 
v 0.0290677 0.0735106 0.0292964 
v 0.0292964 0.0735106 0.0290677 
v 0.0295 0.0735106 0.0288164 
v 0.0296762 0.0735106 0.0285451 
v 0.029823 0.0735106 0.0282569 
v 0.0299389 0.0735106 0.0279549 
v 0.0300226 0.0735106 0.0276425 
v 0.0300732 0.0735106 0.027323 
v 0.0272173 0.0737815 0.0290677 
v 0.0274323 0.0737815 0.0290337 
v 0.0276425 0.0737815 0.0289774 
v 0.0278457 0.0737815 0.0288994 
v 0.0280396 0.0737815 0.0288006 
v 0.0282221 0.0737815 0.028682 
v 0.0283912 0.0737815 0.0285451 
v 0.0285451 0.0737815 0.0283912 
v 0.028682 0.0737815 0.0282221 
v 0.0288006 0.0737815 0.0280396 
v 0.0288994 0.0737815 0.0278457 
v 0.0289774 0.0737815 0.0276425 
v 0.0290337 0.0737815 0.0274323 
v 0.0290677 0.0737815 0.0272173 
v 0.0271093 0.0739452 0.0280396 
v 0.0272173 0.0739452 0.0280224 
v 0.027323 0.0739452 0.0279941 
v 0.0274252 0.0739452 0.0279549 
v 0.0275226 0.0739452 0.0279052 
v 0.0276144 0.0739452 0.0278457 
v 0.0276994 0.0739452 0.0277768 
v 0.0277768 0.0739452 0.0276994 
v 0.0278457 0.0739452 0.0276144 
v 0.0279052 0.0739452 0.0275226 
v 0.0279549 0.0739452 0.0274252 
v 0.0279941 0.0739452 0.027323 
v 0.0280224 0.0739452 0.0272173 
v 0.0280396 0.0739452 0.0271093 
v 0.0329452 0.06 0.032353 
v 0.032353 0.06 0.0329452 
v 0.0317023 0.06 0.0334721 
v 0.0343084 0.06 -0.0302539 
v 0.0339282 0.06 -0.031 
v 0.0346085 0.06 -0.0294721 
v 0.0348252 0.06 -0.0286633 
v 0.0349562 0.06 -0.0278362 
v 0.035 0.06 0.027 
v 0.0349562 0.06 0.0278362 
v 0.0343084 0.06 0.0302539 
v 0.0346085 0.06 0.0294721 
v 0.0339282 0.06 0.031 
v 0.0334721 0.06 0.0317023 
v 0.035 0.06 -0.027 
v 0.0348252 0.06 0.0286633 
v 0.0294721 0.06 0.0346085 
v 0.0302539 0.06 0.0343084 
v 0.0286633 0.06 0.0348252 
v 0.027 0.06 0.035 
v 0.0278362 0.06 0.0349562 
v -0.027 0.06 0.035 
v -0.0278362 0.06 0.0349562 
v -0.0294721 0.06 0.0346085 
v -0.0286633 0.06 0.0348252 
v -0.0302539 0.06 0.0343084 
v -0.032353 0.06 0.0329452 
v -0.0317023 0.06 0.0334721 
v -0.0329452 0.06 0.032353 
v 0.0286633 0.06 -0.0348252 
v 0.0278362 0.06 -0.0349562 
v 0.0294721 0.06 -0.0346085 
v 0.0302539 0.06 -0.0343084 
v 0.031 0.06 -0.0339282 
v 0.0329452 0.06 -0.032353 
v 0.032353 0.06 -0.0329452 
v 0.0334721 0.06 -0.0317023 
v 0.031 0.06 0.0339282 
v -0.0334721 0.06 0.0317023 
v -0.0339282 0.06 0.031 
v -0.0343084 0.06 0.0302539 
v -0.0346085 0.06 0.0294721 
v -0.0348252 0.06 0.0286633 
v -0.035 0.06 0.027 
v -0.0349562 0.06 0.0278362 
v -0.035 0.06 -0.027 
v 0.0317023 0.06 -0.0334721 
v -0.031 0.06 0.0339282 
v -0.0349562 0.06 -0.0278362 
v -0.0348252 0.06 -0.0286633 
v -0.0346085 0.06 -0.0294721 
v -0.0343084 0.06 -0.0302539 
v -0.0339282 0.06 -0.031 
v -0.0329452 0.06 -0.032353 
v -0.0334721 0.06 -0.0317023 
v -0.032353 0.06 -0.0329452 
v -0.0302539 0.06 -0.0343084 
v -0.031 0.06 -0.0339282 
v -0.0294721 0.06 -0.0346085 
v -0.0286633 0.06 -0.0348252 
v -0.0278362 0.06 -0.0349562 
v -0.0317023 0.06 -0.0334721 
v -0.027 0.06 -0.035 
v 0.027 0.06 -0.035 
v 0.027 0.064 0.035 
v -0.027 0.064 0.035 
v 0.035 0.064 0.027 
v 0.035 0.064 -0.027 
v 0.027 0.064 -0.035 
v -0.027 0.064 -0.035 
v -0.035 0.064 -0.027 
v -0.035 0.064 0.027 
v -0.0349562 0.064 -0.0278362 
v -0.0348252 0.064 -0.0286633 
v -0.0346085 0.064 -0.0294721 
v -0.0343084 0.064 -0.0302539 
v -0.0339282 0.064 -0.031 
v -0.0334721 0.064 -0.0317023 
v -0.0329452 0.064 -0.032353 
v -0.032353 0.064 -0.0329452 
v -0.0317023 0.064 -0.0334721 
v -0.031 0.064 -0.0339282 
v -0.0302539 0.064 -0.0343084 
v -0.0294721 0.064 -0.0346085 
v -0.0286633 0.064 -0.0348252 
v -0.0278362 0.064 -0.0349562 
v -0.0349562 0.0648362 -0.027 
v -0.0348252 0.0656633 -0.027 
v -0.0346085 0.0664721 -0.027 
v -0.0343084 0.0672539 -0.027 
v -0.0339282 0.068 -0.027 
v -0.0334721 0.0687023 -0.027 
v -0.0329452 0.069353 -0.027 
v -0.032353 0.0699452 -0.027 
v -0.0317023 0.0704721 -0.027 
v -0.031 0.0709282 -0.027 
v -0.0302539 0.0713084 -0.027 
v -0.0294721 0.0716085 -0.027 
v -0.0286633 0.0718252 -0.027 
v -0.0278362 0.0719562 -0.027 
v -0.027 0.0719562 -0.0278362 
v -0.027 0.0718252 -0.0286633 
v -0.027 0.0716085 -0.0294721 
v -0.027 0.0713084 -0.0302539 
v -0.027 0.0709282 -0.031 
v -0.027 0.0704721 -0.0317023 
v -0.027 0.0699452 -0.032353 
v -0.027 0.069353 -0.0329452 
v -0.027 0.0687023 -0.0334721 
v -0.027 0.068 -0.0339282 
v -0.027 0.0672539 -0.0343084 
v -0.027 0.0664721 -0.0346085 
v -0.027 0.0656633 -0.0348252 
v -0.027 0.0648362 -0.0349562 
v -0.027 0.072 -0.027 
v -0.0349562 0.0648316 -0.0270874 
v -0.0348252 0.0656542 -0.0271739 
v -0.0349562 0.064818 -0.0271739 
v -0.0348252 0.0656269 -0.0273458 
v -0.0349562 0.0647953 -0.0272584 
v -0.0348252 0.0655819 -0.027514 
v -0.0349562 0.0647639 -0.0273401 
v -0.0348252 0.0655195 -0.0276765 
v -0.0349562 0.0647242 -0.0274181 
v -0.0348252 0.0654405 -0.0278316 
v -0.0349562 0.0646765 -0.0274915 
v -0.0348252 0.0653456 -0.0279777 
v -0.0349562 0.0646214 -0.0275595 
v -0.0348252 0.0652361 -0.028113 
v -0.0349562 0.0645595 -0.0276214 
v -0.0348252 0.065113 -0.0282361 
v -0.0349562 0.0644915 -0.0276765 
v -0.0348252 0.0649777 -0.0283456 
v -0.0349562 0.0644181 -0.0277242 
v -0.0348252 0.0648316 -0.0284405 
v -0.0349562 0.0643401 -0.0277639 
v -0.0348252 0.0646765 -0.0285195 
v -0.0349562 0.0642584 -0.0277953 
v -0.0348252 0.064514 -0.0285819 
v -0.0349562 0.0641739 -0.027818 
v -0.0348252 0.0643458 -0.0286269 
v -0.0349562 0.0640874 -0.0278316 
v -0.0348252 0.0641739 -0.0286542 
v -0.0346085 0.0664586 -0.0272584 
v -0.0346085 0.0664181 -0.027514 
v -0.0346085 0.0663511 -0.0277639 
v -0.0346085 0.0662584 -0.0280055 
v -0.0346085 0.0661409 -0.0282361 
v -0.0346085 0.066 -0.0284531 
v -0.0346085 0.0658372 -0.0286542 
v -0.0346085 0.0656542 -0.0288372 
v -0.0346085 0.0654531 -0.029 
v -0.0346085 0.0652361 -0.0291409 
v -0.0346085 0.0650055 -0.0292584 
v -0.0346085 0.0647639 -0.0293511 
v -0.0346085 0.064514 -0.0294181 
v -0.0346085 0.0642584 -0.0294586 
v -0.0343084 0.0672361 -0.0273401 
v -0.0343084 0.0671828 -0.0276765 
v -0.0343084 0.0670946 -0.0280055 
v -0.0343084 0.0669726 -0.0283235 
v -0.0343084 0.066818 -0.0286269 
v -0.0343084 0.0666325 -0.0289126 
v -0.0343084 0.0664181 -0.0291773 
v -0.0343084 0.0661773 -0.0294181 
v -0.0343084 0.0659126 -0.0296325 
v -0.0343084 0.0656269 -0.029818 
v -0.0343084 0.0653235 -0.0299726 
v -0.0343084 0.0650055 -0.0300946 
v -0.0343084 0.0646765 -0.0301828 
v -0.0343084 0.0643401 -0.0302361 
v -0.0339282 0.0679781 -0.0274181 
v -0.0339282 0.0679126 -0.0278316 
v -0.0339282 0.0678042 -0.0282361 
v -0.0339282 0.0676542 -0.0286269 
v -0.0339282 0.0674641 -0.029 
v -0.0339282 0.0672361 -0.0293511 
v -0.0339282 0.0669726 -0.0296765 
v -0.0339282 0.0666765 -0.0299726 
v -0.0339282 0.0663511 -0.0302361 
v -0.0339282 0.066 -0.0304641 
v -0.0339282 0.0656269 -0.0306542 
v -0.0339282 0.0652361 -0.0308042 
v -0.0339282 0.0648316 -0.0309126 
v -0.0339282 0.0644181 -0.0309781 
v -0.0334721 0.0686765 -0.0274915 
v -0.0334721 0.0685995 -0.0279777 
v -0.0334721 0.0684721 -0.0284531 
v -0.0334721 0.0682957 -0.0289126 
v -0.0334721 0.0680723 -0.0293511 
v -0.0334721 0.0678042 -0.0297639 
v -0.0334721 0.0674945 -0.0301464 
v -0.0334721 0.0671464 -0.0304945 
v -0.0334721 0.0667639 -0.0308042 
v -0.0334721 0.0663511 -0.0310723 
v -0.0334721 0.0659126 -0.0312957 
v -0.0334721 0.0654531 -0.0314721 
v -0.0334721 0.0649777 -0.0315995 
v -0.0334721 0.0644915 -0.0316765 
v -0.0329452 0.0693237 -0.0275595 
v -0.0329452 0.0692361 -0.028113 
v -0.0329452 0.069091 -0.0286542 
v -0.0329452 0.0688902 -0.0291773 
v -0.0329452 0.0686359 -0.0296765 
v -0.0329452 0.0683307 -0.0301464 
v -0.0329452 0.0679781 -0.0305819 
v -0.0329452 0.0675819 -0.0309781 
v -0.0329452 0.0671464 -0.0313307 
v -0.0329452 0.0666765 -0.0316359 
v -0.0329452 0.0661773 -0.0318902 
v -0.0329452 0.0656542 -0.032091 
v -0.0329452 0.065113 -0.0322361 
v -0.0329452 0.0645595 -0.0323237 
v -0.032353 0.0699126 -0.0276214 
v -0.032353 0.0698152 -0.0282361 
v -0.032353 0.0696542 -0.0288372 
v -0.032353 0.0694312 -0.0294181 
v -0.032353 0.0691487 -0.0299726 
v -0.032353 0.0688097 -0.0304945 
v -0.032353 0.0684181 -0.0309781 
v -0.032353 0.0679781 -0.0314181 
v -0.032353 0.0674945 -0.0318097 
v -0.032353 0.0669726 -0.0321487 
v -0.032353 0.0664181 -0.0324312 
v -0.032353 0.0658372 -0.0326542 
v -0.032353 0.0652361 -0.0328152 
v -0.032353 0.0646214 -0.0329126 
v -0.0317023 0.0704367 -0.0276765 
v -0.0317023 0.0703307 -0.0283456 
v -0.0317023 0.0701554 -0.029 
v -0.0317023 0.0699126 -0.0296325 
v -0.0317023 0.069605 -0.0302361 
v -0.0317023 0.0692361 -0.0308042 
v -0.0317023 0.0688097 -0.0313307 
v -0.0317023 0.0683307 -0.0318097 
v -0.0317023 0.0678042 -0.0322361 
v -0.0317023 0.0672361 -0.032605 
v -0.0317023 0.0666325 -0.0329126 
v -0.0317023 0.066 -0.0331554 
v -0.0317023 0.0653456 -0.0333307 
v -0.0317023 0.0646765 -0.0334367 
v -0.031 0.0708902 -0.0277242 
v -0.031 0.0707768 -0.0284405 
v -0.031 0.0705891 -0.0291409 
v -0.031 0.0703292 -0.029818 
v -0.031 0.07 -0.0304641 
v -0.031 0.069605 -0.0310723 
v -0.031 0.0691487 -0.0316359 
v -0.031 0.0686359 -0.0321487 
v -0.031 0.0680723 -0.032605 
v -0.031 0.0674641 -0.033 
v -0.031 0.066818 -0.0333292 
v -0.031 0.0661409 -0.0335891 
v -0.031 0.0654405 -0.0337768 
v -0.031 0.0647242 -0.0338902 
v -0.0302539 0.0712683 -0.0277639 
v -0.0302539 0.0711487 -0.0285195 
v -0.0302539 0.0709507 -0.0292584 
v -0.0302539 0.0706765 -0.0299726 
v -0.0302539 0.0703292 -0.0306542 
v -0.0302539 0.0699126 -0.0312957 
v -0.0302539 0.0694312 -0.0318902 
v -0.0302539 0.0688902 -0.0324312 
v -0.0302539 0.0682957 -0.0329126 
v -0.0302539 0.0676542 -0.0333292 
v -0.0302539 0.0669726 -0.0336765 
v -0.0302539 0.0662584 -0.0339507 
v -0.0302539 0.0655195 -0.0341487 
v -0.0302539 0.0647639 -0.0342683 
v -0.0294721 0.0715668 -0.0277953 
v -0.0294721 0.0714422 -0.0285819 
v -0.0294721 0.0712361 -0.0293511 
v -0.0294721 0.0709507 -0.0300946 
v -0.0294721 0.0705891 -0.0308042 
v -0.0294721 0.0701554 -0.0314721 
v -0.0294721 0.0696542 -0.032091 
v -0.0294721 0.069091 -0.0326542 
v -0.0294721 0.0684721 -0.0331554 
v -0.0294721 0.0678042 -0.0335891 
v -0.0294721 0.0670946 -0.0339507 
v -0.0294721 0.0663511 -0.0342361 
v -0.0294721 0.0655819 -0.0344422 
v -0.0294721 0.0647953 -0.0345668 
v -0.0286633 0.0717823 -0.027818 
v -0.0286633 0.0716542 -0.0286269 
v -0.0286633 0.0714422 -0.0294181 
v -0.0286633 0.0711487 -0.0301828 
v -0.0286633 0.0707768 -0.0309126 
v -0.0286633 0.0703307 -0.0315995 
v -0.0286633 0.0698152 -0.0322361 
v -0.0286633 0.0692361 -0.0328152 
v -0.0286633 0.0685995 -0.0333307 
v -0.0286633 0.0679126 -0.0337768 
v -0.0286633 0.0671828 -0.0341487 
v -0.0286633 0.0664181 -0.0344422 
v -0.0286633 0.0656269 -0.0346542 
v -0.0286633 0.064818 -0.0347823 
v -0.0278362 0.0719126 -0.0278316 
v -0.0278362 0.0717823 -0.0286542 
v -0.0278362 0.0715668 -0.0294586 
v -0.0278362 0.0712683 -0.0302361 
v -0.0278362 0.0708902 -0.0309781 
v -0.0278362 0.0704367 -0.0316765 
v -0.0278362 0.0699126 -0.0323237 
v -0.0278362 0.0693237 -0.0329126 
v -0.0278362 0.0686765 -0.0334367 
v -0.0278362 0.0679781 -0.0338902 
v -0.0278362 0.0672361 -0.0342683 
v -0.0278362 0.0664586 -0.0345668 
v -0.0278362 0.0656542 -0.0347823 
v -0.0278362 0.0648316 -0.0349126 
v -0.0349562 0.064 0.0278362 
v -0.0348252 0.064 0.0286633 
v -0.0346085 0.064 0.0294721 
v -0.0343084 0.064 0.0302539 
v -0.0339282 0.064 0.031 
v -0.0334721 0.064 0.0317023 
v -0.0329452 0.064 0.032353 
v -0.032353 0.064 0.0329452 
v -0.0317023 0.064 0.0334721 
v -0.031 0.064 0.0339282 
v -0.0302539 0.064 0.0343084 
v -0.0294721 0.064 0.0346085 
v -0.0286633 0.064 0.0348252 
v -0.0278362 0.064 0.0349562 
v -0.0349562 0.0648362 0.027 
v -0.0348252 0.0656633 0.027 
v -0.0346085 0.0664721 0.027 
v -0.0343084 0.0672539 0.027 
v -0.0339282 0.068 0.027 
v -0.0334721 0.0687023 0.027 
v -0.0329452 0.069353 0.027 
v -0.032353 0.0699452 0.027 
v -0.0317023 0.0704721 0.027 
v -0.031 0.0709282 0.027 
v -0.0302539 0.0713084 0.027 
v -0.0294721 0.0716085 0.027 
v -0.0286633 0.0718252 0.027 
v -0.0278362 0.0719562 0.027 
v -0.027 0.0648362 0.0349562 
v -0.027 0.0656633 0.0348252 
v -0.027 0.0664721 0.0346085 
v -0.027 0.0672539 0.0343084 
v -0.027 0.068 0.0339282 
v -0.027 0.0687023 0.0334721 
v -0.027 0.069353 0.0329452 
v -0.027 0.0699452 0.032353 
v -0.027 0.0704721 0.0317023 
v -0.027 0.0709282 0.031 
v -0.027 0.0713084 0.0302539 
v -0.027 0.0716085 0.0294721 
v -0.027 0.0718252 0.0286633 
v -0.027 0.0719562 0.0278362 
v -0.027 0.072 0.027 
v -0.0349562 0.0640874 0.0278316 
v -0.0348252 0.0641739 0.0286542 
v -0.0349562 0.0641739 0.027818 
v -0.0348252 0.0643458 0.0286269 
v -0.0349562 0.0642584 0.0277953 
v -0.0348252 0.064514 0.0285819 
v -0.0349562 0.0643401 0.0277639 
v -0.0348252 0.0646765 0.0285195 
v -0.0349562 0.0644181 0.0277242 
v -0.0348252 0.0648316 0.0284405 
v -0.0349562 0.0644915 0.0276765 
v -0.0348252 0.0649777 0.0283456 
v -0.0349562 0.0645595 0.0276214 
v -0.0348252 0.065113 0.0282361 
v -0.0349562 0.0646214 0.0275595 
v -0.0348252 0.0652361 0.028113 
v -0.0349562 0.0646765 0.0274915 
v -0.0348252 0.0653456 0.0279777 
v -0.0349562 0.0647242 0.0274181 
v -0.0348252 0.0654405 0.0278316 
v -0.0349562 0.0647639 0.0273401 
v -0.0348252 0.0655195 0.0276765 
v -0.0349562 0.0647953 0.0272584 
v -0.0348252 0.0655819 0.027514 
v -0.0349562 0.064818 0.0271739 
v -0.0348252 0.0656269 0.0273458 
v -0.0349562 0.0648316 0.0270874 
v -0.0348252 0.0656542 0.0271739 
v -0.0346085 0.0642584 0.0294586 
v -0.0346085 0.064514 0.0294181 
v -0.0346085 0.0647639 0.0293511 
v -0.0346085 0.0650055 0.0292584 
v -0.0346085 0.0652361 0.0291409 
v -0.0346085 0.0654531 0.029 
v -0.0346085 0.0656542 0.0288372 
v -0.0346085 0.0658372 0.0286542 
v -0.0346085 0.066 0.0284531 
v -0.0346085 0.0661409 0.0282361 
v -0.0346085 0.0662584 0.0280055 
v -0.0346085 0.0663511 0.0277639 
v -0.0346085 0.0664181 0.027514 
v -0.0346085 0.0664586 0.0272584 
v -0.0343084 0.0643401 0.0302361 
v -0.0343084 0.0646765 0.0301828 
v -0.0343084 0.0650055 0.0300946 
v -0.0343084 0.0653235 0.0299726 
v -0.0343084 0.0656269 0.029818 
v -0.0343084 0.0659126 0.0296325 
v -0.0343084 0.0661773 0.0294181 
v -0.0343084 0.0664181 0.0291773 
v -0.0343084 0.0666325 0.0289126 
v -0.0343084 0.066818 0.0286269 
v -0.0343084 0.0669726 0.0283235 
v -0.0343084 0.0670946 0.0280055 
v -0.0343084 0.0671828 0.0276765 
v -0.0343084 0.0672361 0.0273401 
v -0.0339282 0.0644181 0.0309781 
v -0.0339282 0.0648316 0.0309126 
v -0.0339282 0.0652361 0.0308042 
v -0.0339282 0.0656269 0.0306542 
v -0.0339282 0.066 0.0304641 
v -0.0339282 0.0663511 0.0302361 
v -0.0339282 0.0666765 0.0299726 
v -0.0339282 0.0669726 0.0296765 
v -0.0339282 0.0672361 0.0293511 
v -0.0339282 0.0674641 0.029 
v -0.0339282 0.0676542 0.0286269 
v -0.0339282 0.0678042 0.0282361 
v -0.0339282 0.0679126 0.0278316 
v -0.0339282 0.0679781 0.0274181 
v -0.0334721 0.0644915 0.0316765 
v -0.0334721 0.0649777 0.0315995 
v -0.0334721 0.0654531 0.0314721 
v -0.0334721 0.0659126 0.0312957 
v -0.0334721 0.0663511 0.0310723 
v -0.0334721 0.0667639 0.0308042 
v -0.0334721 0.0671464 0.0304945 
v -0.0334721 0.0674945 0.0301464 
v -0.0334721 0.0678042 0.0297639 
v -0.0334721 0.0680723 0.0293511 
v -0.0334721 0.0682957 0.0289126 
v -0.0334721 0.0684721 0.0284531 
v -0.0334721 0.0685995 0.0279777 
v -0.0334721 0.0686765 0.0274915 
v -0.0329452 0.0645595 0.0323237 
v -0.0329452 0.065113 0.0322361 
v -0.0329452 0.0656542 0.032091 
v -0.0329452 0.0661773 0.0318902 
v -0.0329452 0.0666765 0.0316359 
v -0.0329452 0.0671464 0.0313307 
v -0.0329452 0.0675819 0.0309781 
v -0.0329452 0.0679781 0.0305819 
v -0.0329452 0.0683307 0.0301464 
v -0.0329452 0.0686359 0.0296765 
v -0.0329452 0.0688902 0.0291773 
v -0.0329452 0.069091 0.0286542 
v -0.0329452 0.0692361 0.028113 
v -0.0329452 0.0693237 0.0275595 
v -0.032353 0.0646214 0.0329126 
v -0.032353 0.0652361 0.0328152 
v -0.032353 0.0658372 0.0326542 
v -0.032353 0.0664181 0.0324312 
v -0.032353 0.0669726 0.0321487 
v -0.032353 0.0674945 0.0318097 
v -0.032353 0.0679781 0.0314181 
v -0.032353 0.0684181 0.0309781 
v -0.032353 0.0688097 0.0304945 
v -0.032353 0.0691487 0.0299726 
v -0.032353 0.0694312 0.0294181 
v -0.032353 0.0696542 0.0288372 
v -0.032353 0.0698152 0.0282361 
v -0.032353 0.0699126 0.0276214 
v -0.0317023 0.0646765 0.0334367 
v -0.0317023 0.0653456 0.0333307 
v -0.0317023 0.066 0.0331554 
v -0.0317023 0.0666325 0.0329126 
v -0.0317023 0.0672361 0.032605 
v -0.0317023 0.0678042 0.0322361 
v -0.0317023 0.0683307 0.0318097 
v -0.0317023 0.0688097 0.0313307 
v -0.0317023 0.0692361 0.0308042 
v -0.0317023 0.069605 0.0302361 
v -0.0317023 0.0699126 0.0296325 
v -0.0317023 0.0701554 0.029 
v -0.0317023 0.0703307 0.0283456 
v -0.0317023 0.0704367 0.0276765 
v -0.031 0.0647242 0.0338902 
v -0.031 0.0654405 0.0337768 
v -0.031 0.0661409 0.0335891 
v -0.031 0.066818 0.0333292 
v -0.031 0.0674641 0.033 
v -0.031 0.0680723 0.032605 
v -0.031 0.0686359 0.0321487 
v -0.031 0.0691487 0.0316359 
v -0.031 0.069605 0.0310723 
v -0.031 0.07 0.0304641 
v -0.031 0.0703292 0.029818 
v -0.031 0.0705891 0.0291409 
v -0.031 0.0707768 0.0284405 
v -0.031 0.0708902 0.0277242 
v -0.0302539 0.0647639 0.0342683 
v -0.0302539 0.0655195 0.0341487 
v -0.0302539 0.0662584 0.0339507 
v -0.0302539 0.0669726 0.0336765 
v -0.0302539 0.0676542 0.0333292 
v -0.0302539 0.0682957 0.0329126 
v -0.0302539 0.0688902 0.0324312 
v -0.0302539 0.0694312 0.0318902 
v -0.0302539 0.0699126 0.0312957 
v -0.0302539 0.0703292 0.0306542 
v -0.0302539 0.0706765 0.0299726 
v -0.0302539 0.0709507 0.0292584 
v -0.0302539 0.0711487 0.0285195 
v -0.0302539 0.0712683 0.0277639 
v -0.0294721 0.0647953 0.0345668 
v -0.0294721 0.0655819 0.0344422 
v -0.0294721 0.0663511 0.0342361 
v -0.0294721 0.0670946 0.0339507 
v -0.0294721 0.0678042 0.0335891 
v -0.0294721 0.0684721 0.0331554 
v -0.0294721 0.069091 0.0326542 
v -0.0294721 0.0696542 0.032091 
v -0.0294721 0.0701554 0.0314721 
v -0.0294721 0.0705891 0.0308042 
v -0.0294721 0.0709507 0.0300946 
v -0.0294721 0.0712361 0.0293511 
v -0.0294721 0.0714422 0.0285819 
v -0.0294721 0.0715668 0.0277953 
v -0.0286633 0.064818 0.0347823 
v -0.0286633 0.0656269 0.0346542 
v -0.0286633 0.0664181 0.0344422 
v -0.0286633 0.0671828 0.0341487 
v -0.0286633 0.0679126 0.0337768 
v -0.0286633 0.0685995 0.0333307 
v -0.0286633 0.0692361 0.0328152 
v -0.0286633 0.0698152 0.0322361 
v -0.0286633 0.0703307 0.0315995 
v -0.0286633 0.0707768 0.0309126 
v -0.0286633 0.0711487 0.0301828 
v -0.0286633 0.0714422 0.0294181 
v -0.0286633 0.0716542 0.0286269 
v -0.0286633 0.0717823 0.027818 
v -0.0278362 0.0648316 0.0349126 
v -0.0278362 0.0656542 0.0347823 
v -0.0278362 0.0664586 0.0345668 
v -0.0278362 0.0672361 0.0342683 
v -0.0278362 0.0679781 0.0338902 
v -0.0278362 0.0686765 0.0334367 
v -0.0278362 0.0693237 0.0329126 
v -0.0278362 0.0699126 0.0323237 
v -0.0278362 0.0704367 0.0316765 
v -0.0278362 0.0708902 0.0309781 
v -0.0278362 0.0712683 0.0302361 
v -0.0278362 0.0715668 0.0294586 
v -0.0278362 0.0717823 0.0286542 
v -0.0278362 0.0719126 0.0278316 
v 0.027 0.072 -0.027 
v 0.027 0.072 0.027 
v 0.027 0.0719562 -0.0278362 
v 0.027 0.0718252 -0.0286633 
v 0.027 0.0716085 -0.0294721 
v 0.027 0.0713084 -0.0302539 
v 0.027 0.0709282 -0.031 
v 0.027 0.0704721 -0.0317023 
v 0.027 0.0699452 -0.032353 
v 0.027 0.069353 -0.0329452 
v 0.027 0.0687023 -0.0334721 
v 0.027 0.068 -0.0339282 
v 0.027 0.0672539 -0.0343084 
v 0.027 0.0664721 -0.0346085 
v 0.027 0.0656633 -0.0348252 
v 0.027 0.0648362 -0.0349562 
v 0.0349562 0.064 -0.0278362 
v 0.0348252 0.064 -0.0286633 
v 0.0346085 0.064 -0.0294721 
v 0.0343084 0.064 -0.0302539 
v 0.0339282 0.064 -0.031 
v 0.0334721 0.064 -0.0317023 
v 0.0329452 0.064 -0.032353 
v 0.032353 0.064 -0.0329452 
v 0.0317023 0.064 -0.0334721 
v 0.031 0.064 -0.0339282 
v 0.0302539 0.064 -0.0343084 
v 0.0294721 0.064 -0.0346085 
v 0.0286633 0.064 -0.0348252 
v 0.0278362 0.064 -0.0349562 
v 0.0278362 0.0719562 -0.027 
v 0.0286633 0.0718252 -0.027 
v 0.0294721 0.0716085 -0.027 
v 0.0302539 0.0713084 -0.027 
v 0.031 0.0709282 -0.027 
v 0.0317023 0.0704721 -0.027 
v 0.032353 0.0699452 -0.027 
v 0.0329452 0.069353 -0.027 
v 0.0334721 0.0687023 -0.027 
v 0.0339282 0.068 -0.027 
v 0.0343084 0.0672539 -0.027 
v 0.0346085 0.0664721 -0.027 
v 0.0348252 0.0656633 -0.027 
v 0.0349562 0.0648362 -0.027 
v 0.0270874 0.0648316 -0.0349562 
v 0.0271739 0.0656542 -0.0348252 
v 0.0271739 0.064818 -0.0349562 
v 0.0273458 0.0656269 -0.0348252 
v 0.0272584 0.0647953 -0.0349562 
v 0.027514 0.0655819 -0.0348252 
v 0.0273401 0.0647639 -0.0349562 
v 0.0276765 0.0655195 -0.0348252 
v 0.0274181 0.0647242 -0.0349562 
v 0.0278316 0.0654405 -0.0348252 
v 0.0274915 0.0646765 -0.0349562 
v 0.0279777 0.0653456 -0.0348252 
v 0.0275595 0.0646214 -0.0349562 
v 0.028113 0.0652361 -0.0348252 
v 0.0276214 0.0645595 -0.0349562 
v 0.0282361 0.065113 -0.0348252 
v 0.0276765 0.0644915 -0.0349562 
v 0.0283456 0.0649777 -0.0348252 
v 0.0277242 0.0644181 -0.0349562 
v 0.0284405 0.0648316 -0.0348252 
v 0.0277639 0.0643401 -0.0349562 
v 0.0285195 0.0646765 -0.0348252 
v 0.0277953 0.0642584 -0.0349562 
v 0.0285819 0.064514 -0.0348252 
v 0.027818 0.0641739 -0.0349562 
v 0.0286269 0.0643458 -0.0348252 
v 0.0278316 0.0640874 -0.0349562 
v 0.0286542 0.0641739 -0.0348252 
v 0.0272584 0.0664586 -0.0346085 
v 0.027514 0.0664181 -0.0346085 
v 0.0277639 0.0663511 -0.0346085 
v 0.0280055 0.0662584 -0.0346085 
v 0.0282361 0.0661409 -0.0346085 
v 0.0284531 0.066 -0.0346085 
v 0.0286542 0.0658372 -0.0346085 
v 0.0288372 0.0656542 -0.0346085 
v 0.029 0.0654531 -0.0346085 
v 0.0291409 0.0652361 -0.0346085 
v 0.0292584 0.0650055 -0.0346085 
v 0.0293511 0.0647639 -0.0346085 
v 0.0294181 0.064514 -0.0346085 
v 0.0294586 0.0642584 -0.0346085 
v 0.0273401 0.0672361 -0.0343084 
v 0.0276765 0.0671828 -0.0343084 
v 0.0280055 0.0670946 -0.0343084 
v 0.0283235 0.0669726 -0.0343084 
v 0.0286269 0.066818 -0.0343084 
v 0.0289126 0.0666325 -0.0343084 
v 0.0291773 0.0664181 -0.0343084 
v 0.0294181 0.0661773 -0.0343084 
v 0.0296325 0.0659126 -0.0343084 
v 0.029818 0.0656269 -0.0343084 
v 0.0299726 0.0653235 -0.0343084 
v 0.0300946 0.0650055 -0.0343084 
v 0.0301828 0.0646765 -0.0343084 
v 0.0302361 0.0643401 -0.0343084 
v 0.0274181 0.0679781 -0.0339282 
v 0.0278316 0.0679126 -0.0339282 
v 0.0282361 0.0678042 -0.0339282 
v 0.0286269 0.0676542 -0.0339282 
v 0.029 0.0674641 -0.0339282 
v 0.0293511 0.0672361 -0.0339282 
v 0.0296765 0.0669726 -0.0339282 
v 0.0299726 0.0666765 -0.0339282 
v 0.0302361 0.0663511 -0.0339282 
v 0.0304641 0.066 -0.0339282 
v 0.0306542 0.0656269 -0.0339282 
v 0.0308042 0.0652361 -0.0339282 
v 0.0309126 0.0648316 -0.0339282 
v 0.0309781 0.0644181 -0.0339282 
v 0.0274915 0.0686765 -0.0334721 
v 0.0279777 0.0685995 -0.0334721 
v 0.0284531 0.0684721 -0.0334721 
v 0.0289126 0.0682957 -0.0334721 
v 0.0293511 0.0680723 -0.0334721 
v 0.0297639 0.0678042 -0.0334721 
v 0.0301464 0.0674945 -0.0334721 
v 0.0304945 0.0671464 -0.0334721 
v 0.0308042 0.0667639 -0.0334721 
v 0.0310723 0.0663511 -0.0334721 
v 0.0312957 0.0659126 -0.0334721 
v 0.0314721 0.0654531 -0.0334721 
v 0.0315995 0.0649777 -0.0334721 
v 0.0316765 0.0644915 -0.0334721 
v 0.0275595 0.0693237 -0.0329452 
v 0.028113 0.0692361 -0.0329452 
v 0.0286542 0.069091 -0.0329452 
v 0.0291773 0.0688902 -0.0329452 
v 0.0296765 0.0686359 -0.0329452 
v 0.0301464 0.0683307 -0.0329452 
v 0.0305819 0.0679781 -0.0329452 
v 0.0309781 0.0675819 -0.0329452 
v 0.0313307 0.0671464 -0.0329452 
v 0.0316359 0.0666765 -0.0329452 
v 0.0318902 0.0661773 -0.0329452 
v 0.032091 0.0656542 -0.0329452 
v 0.0322361 0.065113 -0.0329452 
v 0.0323237 0.0645595 -0.0329452 
v 0.0276214 0.0699126 -0.032353 
v 0.0282361 0.0698152 -0.032353 
v 0.0288372 0.0696542 -0.032353 
v 0.0294181 0.0694312 -0.032353 
v 0.0299726 0.0691487 -0.032353 
v 0.0304945 0.0688097 -0.032353 
v 0.0309781 0.0684181 -0.032353 
v 0.0314181 0.0679781 -0.032353 
v 0.0318097 0.0674945 -0.032353 
v 0.0321487 0.0669726 -0.032353 
v 0.0324312 0.0664181 -0.032353 
v 0.0326542 0.0658372 -0.032353 
v 0.0328152 0.0652361 -0.032353 
v 0.0329126 0.0646214 -0.032353 
v 0.0276765 0.0704367 -0.0317023 
v 0.0283456 0.0703307 -0.0317023 
v 0.029 0.0701554 -0.0317023 
v 0.0296325 0.0699126 -0.0317023 
v 0.0302361 0.069605 -0.0317023 
v 0.0308042 0.0692361 -0.0317023 
v 0.0313307 0.0688097 -0.0317023 
v 0.0318097 0.0683307 -0.0317023 
v 0.0322361 0.0678042 -0.0317023 
v 0.032605 0.0672361 -0.0317023 
v 0.0329126 0.0666325 -0.0317023 
v 0.0331554 0.066 -0.0317023 
v 0.0333307 0.0653456 -0.0317023 
v 0.0334367 0.0646765 -0.0317023 
v 0.0277242 0.0708902 -0.031 
v 0.0284405 0.0707768 -0.031 
v 0.0291409 0.0705891 -0.031 
v 0.029818 0.0703292 -0.031 
v 0.0304641 0.07 -0.031 
v 0.0310723 0.069605 -0.031 
v 0.0316359 0.0691487 -0.031 
v 0.0321487 0.0686359 -0.031 
v 0.032605 0.0680723 -0.031 
v 0.033 0.0674641 -0.031 
v 0.0333292 0.066818 -0.031 
v 0.0335891 0.0661409 -0.031 
v 0.0337768 0.0654405 -0.031 
v 0.0338902 0.0647242 -0.031 
v 0.0277639 0.0712683 -0.0302539 
v 0.0285195 0.0711487 -0.0302539 
v 0.0292584 0.0709507 -0.0302539 
v 0.0299726 0.0706765 -0.0302539 
v 0.0306542 0.0703292 -0.0302539 
v 0.0312957 0.0699126 -0.0302539 
v 0.0318902 0.0694312 -0.0302539 
v 0.0324312 0.0688902 -0.0302539 
v 0.0329126 0.0682957 -0.0302539 
v 0.0333292 0.0676542 -0.0302539 
v 0.0336765 0.0669726 -0.0302539 
v 0.0339507 0.0662584 -0.0302539 
v 0.0341487 0.0655195 -0.0302539 
v 0.0342683 0.0647639 -0.0302539 
v 0.0277953 0.0715668 -0.0294721 
v 0.0285819 0.0714422 -0.0294721 
v 0.0293511 0.0712361 -0.0294721 
v 0.0300946 0.0709507 -0.0294721 
v 0.0308042 0.0705891 -0.0294721 
v 0.0314721 0.0701554 -0.0294721 
v 0.032091 0.0696542 -0.0294721 
v 0.0326542 0.069091 -0.0294721 
v 0.0331554 0.0684721 -0.0294721 
v 0.0335891 0.0678042 -0.0294721 
v 0.0339507 0.0670946 -0.0294721 
v 0.0342361 0.0663511 -0.0294721 
v 0.0344422 0.0655819 -0.0294721 
v 0.0345668 0.0647953 -0.0294721 
v 0.027818 0.0717823 -0.0286633 
v 0.0286269 0.0716542 -0.0286633 
v 0.0294181 0.0714422 -0.0286633 
v 0.0301828 0.0711487 -0.0286633 
v 0.0309126 0.0707768 -0.0286633 
v 0.0315995 0.0703307 -0.0286633 
v 0.0322361 0.0698152 -0.0286633 
v 0.0328152 0.0692361 -0.0286633 
v 0.0333307 0.0685995 -0.0286633 
v 0.0337768 0.0679126 -0.0286633 
v 0.0341487 0.0671828 -0.0286633 
v 0.0344422 0.0664181 -0.0286633 
v 0.0346542 0.0656269 -0.0286633 
v 0.0347823 0.064818 -0.0286633 
v 0.0278316 0.0719126 -0.0278362 
v 0.0286542 0.0717823 -0.0278362 
v 0.0294586 0.0715668 -0.0278362 
v 0.0302361 0.0712683 -0.0278362 
v 0.0309781 0.0708902 -0.0278362 
v 0.0316765 0.0704367 -0.0278362 
v 0.0323237 0.0699126 -0.0278362 
v 0.0329126 0.0693237 -0.0278362 
v 0.0334367 0.0686765 -0.0278362 
v 0.0338902 0.0679781 -0.0278362 
v 0.0342683 0.0672361 -0.0278362 
v 0.0345668 0.0664586 -0.0278362 
v 0.0347823 0.0656542 -0.0278362 
v 0.0349126 0.0648316 -0.0278362 
v 0.027 0.0719562 0.0278362 
v 0.027 0.0718252 0.0286633 
v 0.027 0.0716085 0.0294721 
v 0.027 0.0713084 0.0302539 
v 0.027 0.0709282 0.031 
v 0.027 0.0704721 0.0317023 
v 0.027 0.0699452 0.032353 
v 0.027 0.069353 0.0329452 
v 0.027 0.0687023 0.0334721 
v 0.027 0.068 0.0339282 
v 0.027 0.0672539 0.0343084 
v 0.027 0.0664721 0.0346085 
v 0.027 0.0656633 0.0348252 
v 0.027 0.0648362 0.0349562 
v 0.0278362 0.0719562 0.027 
v 0.0286633 0.0718252 0.027 
v 0.0294721 0.0716085 0.027 
v 0.0302539 0.0713084 0.027 
v 0.031 0.0709282 0.027 
v 0.0317023 0.0704721 0.027 
v 0.032353 0.0699452 0.027 
v 0.0329452 0.069353 0.027 
v 0.0334721 0.0687023 0.027 
v 0.0339282 0.068 0.027 
v 0.0343084 0.0672539 0.027 
v 0.0346085 0.0664721 0.027 
v 0.0348252 0.0656633 0.027 
v 0.0349562 0.0648362 0.027 
v 0.0349562 0.064 0.0278362 
v 0.0348252 0.064 0.0286633 
v 0.0346085 0.064 0.0294721 
v 0.0343084 0.064 0.0302539 
v 0.0339282 0.064 0.031 
v 0.0334721 0.064 0.0317023 
v 0.0329452 0.064 0.032353 
v 0.032353 0.064 0.0329452 
v 0.0317023 0.064 0.0334721 
v 0.031 0.064 0.0339282 
v 0.0302539 0.064 0.0343084 
v 0.0294721 0.064 0.0346085 
v 0.0286633 0.064 0.0348252 
v 0.0278362 0.064 0.0349562 
v 0.0270874 0.0719562 0.0278316 
v 0.0271739 0.0718252 0.0286542 
v 0.0271739 0.0719562 0.027818 
v 0.0273458 0.0718252 0.0286269 
v 0.0272584 0.0719562 0.0277953 
v 0.027514 0.0718252 0.0285819 
v 0.0273401 0.0719562 0.0277639 
v 0.0276765 0.0718252 0.0285195 
v 0.0274181 0.0719562 0.0277242 
v 0.0278316 0.0718252 0.0284405 
v 0.0274915 0.0719562 0.0276765 
v 0.0279777 0.0718252 0.0283456 
v 0.0275595 0.0719562 0.0276214 
v 0.028113 0.0718252 0.0282361 
v 0.0276214 0.0719562 0.0275595 
v 0.0282361 0.0718252 0.028113 
v 0.0276765 0.0719562 0.0274915 
v 0.0283456 0.0718252 0.0279777 
v 0.0277242 0.0719562 0.0274181 
v 0.0284405 0.0718252 0.0278316 
v 0.0277639 0.0719562 0.0273401 
v 0.0285195 0.0718252 0.0276765 
v 0.0277953 0.0719562 0.0272584 
v 0.0285819 0.0718252 0.027514 
v 0.027818 0.0719562 0.0271739 
v 0.0286269 0.0718252 0.0273458 
v 0.0278316 0.0719562 0.0270874 
v 0.0286542 0.0718252 0.0271739 
v 0.0272584 0.0716085 0.0294586 
v 0.027514 0.0716085 0.0294181 
v 0.0277639 0.0716085 0.0293511 
v 0.0280055 0.0716085 0.0292584 
v 0.0282361 0.0716085 0.0291409 
v 0.0284531 0.0716085 0.029 
v 0.0286542 0.0716085 0.0288372 
v 0.0288372 0.0716085 0.0286542 
v 0.029 0.0716085 0.0284531 
v 0.0291409 0.0716085 0.0282361 
v 0.0292584 0.0716085 0.0280055 
v 0.0293511 0.0716085 0.0277639 
v 0.0294181 0.0716085 0.027514 
v 0.0294586 0.0716085 0.0272584 
v 0.0273401 0.0713084 0.0302361 
v 0.0276765 0.0713084 0.0301828 
v 0.0280055 0.0713084 0.0300946 
v 0.0283235 0.0713084 0.0299726 
v 0.0286269 0.0713084 0.029818 
v 0.0289126 0.0713084 0.0296325 
v 0.0291773 0.0713084 0.0294181 
v 0.0294181 0.0713084 0.0291773 
v 0.0296325 0.0713084 0.0289126 
v 0.029818 0.0713084 0.0286269 
v 0.0299726 0.0713084 0.0283235 
v 0.0300946 0.0713084 0.0280055 
v 0.0301828 0.0713084 0.0276765 
v 0.0302361 0.0713084 0.0273401 
v 0.0274181 0.0709282 0.0309781 
v 0.0278316 0.0709282 0.0309126 
v 0.0282361 0.0709282 0.0308042 
v 0.0286269 0.0709282 0.0306542 
v 0.029 0.0709282 0.0304641 
v 0.0293511 0.0709282 0.0302361 
v 0.0296765 0.0709282 0.0299726 
v 0.0299726 0.0709282 0.0296765 
v 0.0302361 0.0709282 0.0293511 
v 0.0304641 0.0709282 0.029 
v 0.0306542 0.0709282 0.0286269 
v 0.0308042 0.0709282 0.0282361 
v 0.0309126 0.0709282 0.0278316 
v 0.0309781 0.0709282 0.0274181 
v 0.0274915 0.0704721 0.0316765 
v 0.0279777 0.0704721 0.0315995 
v 0.0284531 0.0704721 0.0314721 
v 0.0289126 0.0704721 0.0312957 
v 0.0293511 0.0704721 0.0310723 
v 0.0297639 0.0704721 0.0308042 
v 0.0301464 0.0704721 0.0304945 
v 0.0304945 0.0704721 0.0301464 
v 0.0308042 0.0704721 0.0297639 
v 0.0310723 0.0704721 0.0293511 
v 0.0312957 0.0704721 0.0289126 
v 0.0314721 0.0704721 0.0284531 
v 0.0315995 0.0704721 0.0279777 
v 0.0316765 0.0704721 0.0274915 
v 0.0275595 0.0699452 0.0323237 
v 0.028113 0.0699452 0.0322361 
v 0.0286542 0.0699452 0.032091 
v 0.0291773 0.0699452 0.0318902 
v 0.0296765 0.0699452 0.0316359 
v 0.0301464 0.0699452 0.0313307 
v 0.0305819 0.0699452 0.0309781 
v 0.0309781 0.0699452 0.0305819 
v 0.0313307 0.0699452 0.0301464 
v 0.0316359 0.0699452 0.0296765 
v 0.0318902 0.0699452 0.0291773 
v 0.032091 0.0699452 0.0286542 
v 0.0322361 0.0699452 0.028113 
v 0.0323237 0.0699452 0.0275595 
v 0.0276214 0.069353 0.0329126 
v 0.0282361 0.069353 0.0328152 
v 0.0288372 0.069353 0.0326542 
v 0.0294181 0.069353 0.0324312 
v 0.0299726 0.069353 0.0321487 
v 0.0304945 0.069353 0.0318097 
v 0.0309781 0.069353 0.0314181 
v 0.0314181 0.069353 0.0309781 
v 0.0318097 0.069353 0.0304945 
v 0.0321487 0.069353 0.0299726 
v 0.0324312 0.069353 0.0294181 
v 0.0326542 0.069353 0.0288372 
v 0.0328152 0.069353 0.0282361 
v 0.0329126 0.069353 0.0276214 
v 0.0276765 0.0687023 0.0334367 
v 0.0283456 0.0687023 0.0333307 
v 0.029 0.0687023 0.0331554 
v 0.0296325 0.0687023 0.0329126 
v 0.0302361 0.0687023 0.032605 
v 0.0308042 0.0687023 0.0322361 
v 0.0313307 0.0687023 0.0318097 
v 0.0318097 0.0687023 0.0313307 
v 0.0322361 0.0687023 0.0308042 
v 0.032605 0.0687023 0.0302361 
v 0.0329126 0.0687023 0.0296325 
v 0.0331554 0.0687023 0.029 
v 0.0333307 0.0687023 0.0283456 
v 0.0334367 0.0687023 0.0276765 
v 0.0277242 0.068 0.0338902 
v 0.0284405 0.068 0.0337768 
v 0.0291409 0.068 0.0335891 
v 0.029818 0.068 0.0333292 
v 0.0304641 0.068 0.033 
v 0.0310723 0.068 0.032605 
v 0.0316359 0.068 0.0321487 
v 0.0321487 0.068 0.0316359 
v 0.032605 0.068 0.0310723 
v 0.033 0.068 0.0304641 
v 0.0333292 0.068 0.029818 
v 0.0335891 0.068 0.0291409 
v 0.0337768 0.068 0.0284405 
v 0.0338902 0.068 0.0277242 
v 0.0277639 0.0672539 0.0342683 
v 0.0285195 0.0672539 0.0341487 
v 0.0292584 0.0672539 0.0339507 
v 0.0299726 0.0672539 0.0336765 
v 0.0306542 0.0672539 0.0333292 
v 0.0312957 0.0672539 0.0329126 
v 0.0318902 0.0672539 0.0324312 
v 0.0324312 0.0672539 0.0318902 
v 0.0329126 0.0672539 0.0312957 
v 0.0333292 0.0672539 0.0306542 
v 0.0336765 0.0672539 0.0299726 
v 0.0339507 0.0672539 0.0292584 
v 0.0341487 0.0672539 0.0285195 
v 0.0342683 0.0672539 0.0277639 
v 0.0277953 0.0664721 0.0345668 
v 0.0285819 0.0664721 0.0344422 
v 0.0293511 0.0664721 0.0342361 
v 0.0300946 0.0664721 0.0339507 
v 0.0308042 0.0664721 0.0335891 
v 0.0314721 0.0664721 0.0331554 
v 0.032091 0.0664721 0.0326542 
v 0.0326542 0.0664721 0.032091 
v 0.0331554 0.0664721 0.0314721 
v 0.0335891 0.0664721 0.0308042 
v 0.0339507 0.0664721 0.0300946 
v 0.0342361 0.0664721 0.0293511 
v 0.0344422 0.0664721 0.0285819 
v 0.0345668 0.0664721 0.0277953 
v 0.027818 0.0656633 0.0347823 
v 0.0286269 0.0656633 0.0346542 
v 0.0294181 0.0656633 0.0344422 
v 0.0301828 0.0656633 0.0341487 
v 0.0309126 0.0656633 0.0337768 
v 0.0315995 0.0656633 0.0333307 
v 0.0322361 0.0656633 0.0328152 
v 0.0328152 0.0656633 0.0322361 
v 0.0333307 0.0656633 0.0315995 
v 0.0337768 0.0656633 0.0309126 
v 0.0341487 0.0656633 0.0301828 
v 0.0344422 0.0656633 0.0294181 
v 0.0346542 0.0656633 0.0286269 
v 0.0347823 0.0656633 0.027818 
v 0.0278316 0.0648362 0.0349126 
v 0.0286542 0.0648362 0.0347823 
v 0.0294586 0.0648362 0.0345668 
v 0.0302361 0.0648362 0.0342683 
v 0.0309781 0.0648362 0.0338902 
v 0.0316765 0.0648362 0.0334367 
v 0.0323237 0.0648362 0.0329126 
v 0.0329126 0.0648362 0.0323237 
v 0.0334367 0.0648362 0.0316765 
v 0.0338902 0.0648362 0.0309781 
v 0.0342683 0.0648362 0.0302361 
v 0.0345668 0.0648362 0.0294586 
v 0.0347823 0.0648362 0.0286542 
v 0.0349126 0.0648362 0.0278316 
vn -0.104528 0.994522 0 
vn 0 1 0 
vn 0 0.994522 -0.104528 
vn -0.104528 0.989074 -0.103956 
vn 0 0.978148 -0.207912 
vn -0.104528 0.972789 -0.206773 
vn 0 0.951057 -0.309017 
vn -0.104528 0.945847 -0.307324 
vn 0 0.913545 -0.406737 
vn -0.104528 0.908541 -0.404508 
vn 0 0.866025 -0.5 
vn -0.104528 0.861281 -0.497261 
vn 0 0.809017 -0.587785 
vn -0.104528 0.804585 -0.584565 
vn 0 0.743145 -0.669131 
vn -0.104528 0.739074 -0.665465 
vn 0 0.669131 -0.743145 
vn -0.104528 0.665465 -0.739074 
vn 0 0.587785 -0.809017 
vn -0.104528 0.584565 -0.804585 
vn 0 0.5 -0.866025 
vn -0.104528 0.497261 -0.861281 
vn 0 0.406737 -0.913545 
vn -0.104528 0.404508 -0.908541 
vn 0 0.309017 -0.951057 
vn -0.104528 0.307324 -0.945847 
vn 0 0.207912 -0.978148 
vn -0.104528 0.206773 -0.972789 
vn 0 0.104528 -0.994522 
vn -0.104528 0.103956 -0.989074 
vn 0 1.38778e-16 -1 
vn -0.207912 0.978148 0 
vn -0.207912 0.972789 -0.102244 
vn -0.207912 0.956773 -0.203368 
vn -0.207912 0.930274 -0.302264 
vn -0.207912 0.893582 -0.397848 
vn -0.207912 0.847101 -0.489074 
vn -0.207912 0.791338 -0.574941 
vn -0.207912 0.726905 -0.654508 
vn -0.207912 0.654508 -0.726905 
vn -0.207912 0.574941 -0.791338 
vn -0.207912 0.489074 -0.847101 
vn -0.207912 0.397848 -0.893582 
vn -0.207912 0.302264 -0.930274 
vn -0.207912 0.203368 -0.956773 
vn -0.207912 0.102244 -0.972789 
vn -0.104528 1.38018e-16 -0.994522 
vn -0.309017 0.951057 0 
vn -0.309017 0.945847 -0.0994125 
vn -0.309017 0.930274 -0.197736 
vn -0.309017 0.904508 -0.293893 
vn -0.309017 0.868833 -0.38683 
vn -0.309017 0.823639 -0.475528 
vn -0.309017 0.769421 -0.559017 
vn -0.309017 0.706773 -0.636381 
vn -0.309017 0.636381 -0.706773 
vn -0.309017 0.559017 -0.769421 
vn -0.309017 0.475528 -0.823639 
vn -0.309017 0.38683 -0.868833 
vn -0.309017 0.293893 -0.904508 
vn -0.309017 0.197736 -0.930274 
vn -0.309017 0.0994125 -0.945847 
vn -0.207912 1.35745e-16 -0.978148 
vn -0.406737 0.913545 0 
vn -0.406737 0.908541 -0.0954915 
vn -0.406737 0.893582 -0.189937 
vn -0.406737 0.868833 -0.282301 
vn -0.406737 0.834565 -0.371572 
vn -0.406737 0.791154 -0.456773 
vn -0.406737 0.739074 -0.536969 
vn -0.406737 0.678897 -0.611281 
vn -0.406737 0.611281 -0.678897 
vn -0.406737 0.536969 -0.739074 
vn -0.406737 0.456773 -0.791154 
vn -0.406737 0.371572 -0.834565 
vn -0.406737 0.282301 -0.868833 
vn -0.406737 0.189937 -0.893582 
vn -0.406737 0.0954915 -0.908541 
vn -0.309017 1.31986e-16 -0.951057 
vn -0.5 0.866025 0 
vn -0.5 0.861281 -0.0905243 
vn -0.5 0.847101 -0.180057 
vn -0.5 0.823639 -0.267617 
vn -0.5 0.791154 -0.352244 
vn -0.5 0.75 -0.433013 
vn -0.5 0.700629 -0.509037 
vn -0.5 0.643582 -0.579484 
vn -0.5 0.579484 -0.643582 
vn -0.5 0.509037 -0.700629 
vn -0.5 0.433013 -0.75 
vn -0.5 0.352244 -0.791154 
vn -0.5 0.267617 -0.823639 
vn -0.5 0.180057 -0.847101 
vn -0.5 0.0905243 -0.861281 
vn -0.406737 1.2678e-16 -0.913545 
vn -0.587785 0.809017 0 
vn -0.587785 0.804585 -0.0845653 
vn -0.587785 0.791338 -0.168204 
vn -0.587785 0.769421 -0.25 
vn -0.587785 0.739074 -0.329057 
vn -0.587785 0.700629 -0.404508 
vn -0.587785 0.654508 -0.475528 
vn -0.587785 0.601217 -0.541338 
vn -0.587785 0.541338 -0.601217 
vn -0.587785 0.475528 -0.654508 
vn -0.587785 0.404508 -0.700629 
vn -0.587785 0.329057 -0.739074 
vn -0.587785 0.25 -0.769421 
vn -0.587785 0.168204 -0.791338 
vn -0.587785 0.0845653 -0.804585 
vn -0.5 1.20185e-16 -0.866025 
vn -0.669131 0.743145 0 
vn -0.669131 0.739074 -0.0776798 
vn -0.669131 0.726905 -0.154508 
vn -0.669131 0.706773 -0.229644 
vn -0.669131 0.678897 -0.302264 
vn -0.669131 0.643582 -0.371572 
vn -0.669131 0.601217 -0.43681 
vn -0.669131 0.552264 -0.497261 
vn -0.669131 0.497261 -0.552264 
vn -0.669131 0.43681 -0.601217 
vn -0.669131 0.371572 -0.643582 
vn -0.669131 0.302264 -0.678897 
vn -0.669131 0.229644 -0.706773 
vn -0.669131 0.154508 -0.726905 
vn -0.669131 0.0776798 -0.739074 
vn -0.587785 1.12274e-16 -0.809017 
vn -0.743145 0.669131 0 
vn -0.743145 0.665465 -0.0699432 
vn -0.743145 0.654508 -0.13912 
vn -0.743145 0.636381 -0.206773 
vn -0.743145 0.611281 -0.27216 
vn -0.743145 0.579484 -0.334565 
vn -0.743145 0.541338 -0.393305 
vn -0.743145 0.497261 -0.447736 
vn -0.743145 0.447736 -0.497261 
vn -0.743145 0.393305 -0.541338 
vn -0.743145 0.334565 -0.579484 
vn -0.743145 0.27216 -0.611281 
vn -0.743145 0.206773 -0.636381 
vn -0.743145 0.13912 -0.654508 
vn -0.743145 0.0699432 -0.665465 
vn -0.669131 1.03132e-16 -0.743145 
vn -0.809017 0.587785 0 
vn -0.809017 0.584565 -0.0614403 
vn -0.809017 0.574941 -0.122207 
vn -0.809017 0.559017 -0.181636 
vn -0.809017 0.536969 -0.239074 
vn -0.809017 0.509037 -0.293893 
vn -0.809017 0.475528 -0.345492 
vn -0.809017 0.43681 -0.393305 
vn -0.809017 0.393305 -0.43681 
vn -0.809017 0.345492 -0.475528 
vn -0.809017 0.293893 -0.509037 
vn -0.809017 0.239074 -0.536969 
vn -0.809017 0.181636 -0.559017 
vn -0.809017 0.122207 -0.574941 
vn -0.809017 0.0614403 -0.584565 
vn -0.743145 9.28605e-17 -0.669131 
vn -0.866025 0.5 0 
vn -0.866025 0.497261 -0.0522642 
vn -0.866025 0.489074 -0.103956 
vn -0.866025 0.475528 -0.154508 
vn -0.866025 0.456773 -0.203368 
vn -0.866025 0.433013 -0.25 
vn -0.866025 0.404508 -0.293893 
vn -0.866025 0.371572 -0.334565 
vn -0.866025 0.334565 -0.371572 
vn -0.866025 0.293893 -0.404508 
vn -0.866025 0.25 -0.433013 
vn -0.866025 0.203368 -0.456773 
vn -0.866025 0.154508 -0.475528 
vn -0.866025 0.103956 -0.489074 
vn -0.866025 0.0522642 -0.497261 
vn -0.809017 8.15716e-17 -0.587785 
vn -0.913545 0.406737 0 
vn -0.913545 0.404508 -0.0425156 
vn -0.913545 0.397848 -0.0845653 
vn -0.913545 0.38683 -0.125689 
vn -0.913545 0.371572 -0.165435 
vn -0.913545 0.352244 -0.203368 
vn -0.913545 0.329057 -0.239074 
vn -0.913545 0.302264 -0.27216 
vn -0.913545 0.27216 -0.302264 
vn -0.913545 0.239074 -0.329057 
vn -0.913545 0.203368 -0.352244 
vn -0.913545 0.165435 -0.371572 
vn -0.913545 0.125689 -0.38683 
vn -0.913545 0.0845653 -0.397848 
vn -0.913545 0.0425156 -0.404508 
vn -0.866025 6.93889e-17 -0.5 
vn -0.951057 0.309017 0 
vn -0.951057 0.307324 -0.0323011 
vn -0.951057 0.302264 -0.0642482 
vn -0.951057 0.293893 -0.0954915 
vn -0.951057 0.282301 -0.125689 
vn -0.951057 0.267617 -0.154508 
vn -0.951057 0.25 -0.181636 
vn -0.951057 0.229644 -0.206773 
vn -0.951057 0.206773 -0.229644 
vn -0.951057 0.181636 -0.25 
vn -0.951057 0.154508 -0.267617 
vn -0.951057 0.125689 -0.282301 
vn -0.951057 0.0954915 -0.293893 
vn -0.951057 0.0642482 -0.302264 
vn -0.951057 0.0323011 -0.307324 
vn -0.913545 5.6446e-17 -0.406737 
vn -0.978148 0.207912 0 
vn -0.978148 0.206773 -0.0217327 
vn -0.978148 0.203368 -0.0432273 
vn -0.978148 0.197736 -0.0642482 
vn -0.978148 0.189937 -0.0845653 
vn -0.978148 0.180057 -0.103956 
vn -0.978148 0.168204 -0.122207 
vn -0.978148 0.154508 -0.13912 
vn -0.978148 0.13912 -0.154508 
vn -0.978148 0.122207 -0.168204 
vn -0.978148 0.103956 -0.180057 
vn -0.978148 0.0845653 -0.189937 
vn -0.978148 0.0642482 -0.197736 
vn -0.978148 0.0432273 -0.203368 
vn -0.978148 0.0217327 -0.206773 
vn -0.951057 4.28847e-17 -0.309017 
vn -0.994522 0.104528 0 
vn -0.994522 0.103956 -0.0109262 
vn -0.994522 0.102244 -0.0217327 
vn -0.994522 0.0994125 -0.0323011 
vn -0.994522 0.0954915 -0.0425156 
vn -0.994522 0.0905243 -0.0522642 
vn -0.994522 0.0845653 -0.0614403 
vn -0.994522 0.0776798 -0.0699432 
vn -0.994522 0.0699432 -0.0776798 
vn -0.994522 0.0614403 -0.0845653 
vn -0.994522 0.0522642 -0.0905243 
vn -0.994522 0.0425156 -0.0954915 
vn -0.994522 0.0323011 -0.0994125 
vn -0.994522 0.0217327 -0.102244 
vn -0.994522 0.0109262 -0.103956 
vn -0.978148 2.88535e-17 -0.207912 
vn -1 0 0 
vn -0.994522 1.45062e-17 -0.104528 
vn 6.12323e-17 0 -1 
vn -0.104528 0 -0.994522 
vn -0.207912 0 -0.978148 
vn -0.309017 0 -0.951057 
vn -0.406737 0 -0.913545 
vn -0.5 0 -0.866025 
vn -0.587785 0 -0.809017 
vn -0.669131 0 -0.743145 
vn -0.743145 0 -0.669131 
vn -0.809017 0 -0.587785 
vn -0.866025 0 -0.5 
vn -0.913545 0 -0.406737 
vn -0.951057 0 -0.309017 
vn -0.978148 0 -0.207912 
vn -0.994522 0 -0.104528 
vn -1 0 -1.22465e-16 
vn -1.87538e-16 0 -1 
vn 1.83697e-16 0 1 
vn -0.104528 0 0.994522 
vn -0.207912 0 0.978148 
vn -0.309017 0 0.951057 
vn -0.406737 0 0.913545 
vn -0.5 0 0.866025 
vn -0.587785 0 0.809017 
vn -0.669131 0 0.743145 
vn -0.743145 0 0.669131 
vn -0.809017 0 0.587785 
vn -0.866025 0 0.5 
vn -0.913545 0 0.406737 
vn -0.951057 0 0.309017 
vn -0.978148 0 0.207912 
vn -0.994522 0 0.104528 
vn -1 0 2.44929e-16 
vn -0.994522 0.104528 -9.32552e-17 
vn -0.978148 0.207912 -9.17198e-17 
vn -0.951057 0.309017 -8.91795e-17 
vn -0.913545 0.406737 -8.56621e-17 
vn -0.866025 0.5 -8.12062e-17 
vn -0.809017 0.587785 -7.58606e-17 
vn -0.743145 0.669131 -6.96838e-17 
vn -0.669131 0.743145 -6.27436e-17 
vn -0.587785 0.809017 -5.51159e-17 
vn -0.5 0.866025 -4.68844e-17 
vn -0.406737 0.913545 -3.81392e-17 
vn -0.309017 0.951057 -2.89762e-17 
vn -0.207912 0.978148 -1.94956e-17 
vn -0.104528 0.994522 -9.80151e-18 
vn -6.12323e-17 1 -5.74169e-33 
vn -1.87538e-16 0 -1 
vn -1.8651e-16 0.104528 -0.994522 
vn -1.8344e-16 0.207912 -0.978148 
vn -1.78359e-16 0.309017 -0.951057 
vn -1.71324e-16 0.406737 -0.913545 
vn -1.62412e-16 0.5 -0.866025 
vn -1.51721e-16 0.587785 -0.809017 
vn -1.39368e-16 0.669131 -0.743145 
vn -1.25487e-16 0.743145 -0.669131 
vn -1.10232e-16 0.809017 -0.587785 
vn -9.37688e-17 0.866025 -0.5 
vn -7.62784e-17 0.913545 -0.406737 
vn -5.79523e-17 0.951057 -0.309017 
vn -3.89913e-17 0.978148 -0.207912 
vn -1.9603e-17 0.994522 -0.104528 
vn -1.36409e-31 1 -7.27366e-16 
vn -6.12323e-17 0 -1 
vn 0.104528 0 -0.994522 
vn 0.207912 0 -0.978148 
vn 0.309017 0 -0.951057 
vn 0.406737 0 -0.913545 
vn 0.5 0 -0.866025 
vn 0.587785 0 -0.809017 
vn 0.669131 0 -0.743145 
vn 0.743145 0 -0.669131 
vn 0.809017 0 -0.587785 
vn 0.866025 0 -0.5 
vn 0.913545 0 -0.406737 
vn 0.951057 0 -0.309017 
vn 0.978148 0 -0.207912 
vn 0.994522 0 -0.104528 
vn 1 0 -1.22465e-16 
vn -0.104528 -1.82691e-16 0.994522 
vn 0 -1.83697e-16 1 
vn 0 0.104528 0.994522 
vn -0.104528 0.103956 0.989074 
vn 0 0.207912 0.978148 
vn -0.104528 0.206773 0.972789 
vn 0 0.309017 0.951057 
vn -0.104528 0.307324 0.945847 
vn 0 0.406737 0.913545 
vn -0.104528 0.404508 0.908541 
vn 0 0.5 0.866025 
vn -0.104528 0.497261 0.861281 
vn 0 0.587785 0.809017 
vn -0.104528 0.584565 0.804585 
vn 0 0.669131 0.743145 
vn -0.104528 0.665465 0.739074 
vn 0 0.743145 0.669131 
vn -0.104528 0.739074 0.665465 
vn 0 0.809017 0.587785 
vn -0.104528 0.804585 0.584565 
vn 0 0.866025 0.5 
vn -0.104528 0.861281 0.497261 
vn 0 0.913545 0.406737 
vn -0.104528 0.908541 0.404508 
vn 0 0.951057 0.309017 
vn -0.104528 0.945847 0.307324 
vn 0 0.978148 0.207912 
vn -0.104528 0.972789 0.206773 
vn 0 0.994522 0.104528 
vn -0.104528 0.989074 0.103956 
vn 0 1 1.38778e-16 
vn -0.207912 -1.79683e-16 0.978148 
vn -0.207912 0.102244 0.972789 
vn -0.207912 0.203368 0.956773 
vn -0.207912 0.302264 0.930274 
vn -0.207912 0.397848 0.893582 
vn -0.207912 0.489074 0.847101 
vn -0.207912 0.574941 0.791338 
vn -0.207912 0.654508 0.726905 
vn -0.207912 0.726905 0.654508 
vn -0.207912 0.791338 0.574941 
vn -0.207912 0.847101 0.489074 
vn -0.207912 0.893582 0.397848 
vn -0.207912 0.930274 0.302264 
vn -0.207912 0.956773 0.203368 
vn -0.207912 0.972789 0.102244 
vn -0.104528 0.994522 1.38018e-16 
vn -0.309017 -1.74706e-16 0.951057 
vn -0.309017 0.0994125 0.945847 
vn -0.309017 0.197736 0.930274 
vn -0.309017 0.293893 0.904508 
vn -0.309017 0.38683 0.868833 
vn -0.309017 0.475528 0.823639 
vn -0.309017 0.559017 0.769421 
vn -0.309017 0.636381 0.706773 
vn -0.309017 0.706773 0.636381 
vn -0.309017 0.769421 0.559017 
vn -0.309017 0.823639 0.475528 
vn -0.309017 0.868833 0.38683 
vn -0.309017 0.904508 0.293893 
vn -0.309017 0.930274 0.197736 
vn -0.309017 0.945847 0.0994125 
vn -0.207912 0.978148 1.35745e-16 
vn -0.406737 -1.67816e-16 0.913545 
vn -0.406737 0.0954915 0.908541 
vn -0.406737 0.189937 0.893582 
vn -0.406737 0.282301 0.868833 
vn -0.406737 0.371572 0.834565 
vn -0.406737 0.456773 0.791154 
vn -0.406737 0.536969 0.739074 
vn -0.406737 0.611281 0.678897 
vn -0.406737 0.678897 0.611281 
vn -0.406737 0.739074 0.536969 
vn -0.406737 0.791154 0.456773 
vn -0.406737 0.834565 0.371572 
vn -0.406737 0.868833 0.282301 
vn -0.406737 0.893582 0.189937 
vn -0.406737 0.908541 0.0954915 
vn -0.309017 0.951057 1.31986e-16 
vn -0.5 -1.59086e-16 0.866025 
vn -0.5 0.0905243 0.861281 
vn -0.5 0.180057 0.847101 
vn -0.5 0.267617 0.823639 
vn -0.5 0.352244 0.791154 
vn -0.5 0.433013 0.75 
vn -0.5 0.509037 0.700629 
vn -0.5 0.579484 0.643582 
vn -0.5 0.643582 0.579484 
vn -0.5 0.700629 0.509037 
vn -0.5 0.75 0.433013 
vn -0.5 0.791154 0.352244 
vn -0.5 0.823639 0.267617 
vn -0.5 0.847101 0.180057 
vn -0.5 0.861281 0.0905243 
vn -0.406737 0.913545 1.2678e-16 
vn -0.587785 -1.48614e-16 0.809017 
vn -0.587785 0.0845653 0.804585 
vn -0.587785 0.168204 0.791338 
vn -0.587785 0.25 0.769421 
vn -0.587785 0.329057 0.739074 
vn -0.587785 0.404508 0.700629 
vn -0.587785 0.475528 0.654508 
vn -0.587785 0.541338 0.601217 
vn -0.587785 0.601217 0.541338 
vn -0.587785 0.654508 0.475528 
vn -0.587785 0.700629 0.404508 
vn -0.587785 0.739074 0.329057 
vn -0.587785 0.769421 0.25 
vn -0.587785 0.791338 0.168204 
vn -0.587785 0.804585 0.0845653 
vn -0.5 0.866025 1.20185e-16 
vn -0.669131 -1.36513e-16 0.743145 
vn -0.669131 0.0776798 0.739074 
vn -0.669131 0.154508 0.726905 
vn -0.669131 0.229644 0.706773 
vn -0.669131 0.302264 0.678897 
vn -0.669131 0.371572 0.643582 
vn -0.669131 0.43681 0.601217 
vn -0.669131 0.497261 0.552264 
vn -0.669131 0.552264 0.497261 
vn -0.669131 0.601217 0.43681 
vn -0.669131 0.643582 0.371572 
vn -0.669131 0.678897 0.302264 
vn -0.669131 0.706773 0.229644 
vn -0.669131 0.726905 0.154508 
vn -0.669131 0.739074 0.0776798 
vn -0.587785 0.809017 1.12274e-16 
vn -0.743145 -1.22917e-16 0.669131 
vn -0.743145 0.0699432 0.665465 
vn -0.743145 0.13912 0.654508 
vn -0.743145 0.206773 0.636381 
vn -0.743145 0.27216 0.611281 
vn -0.743145 0.334565 0.579484 
vn -0.743145 0.393305 0.541338 
vn -0.743145 0.447736 0.497261 
vn -0.743145 0.497261 0.447736 
vn -0.743145 0.541338 0.393305 
vn -0.743145 0.579484 0.334565 
vn -0.743145 0.611281 0.27216 
vn -0.743145 0.636381 0.206773 
vn -0.743145 0.654508 0.13912 
vn -0.743145 0.665465 0.0699432 
vn -0.669131 0.743145 1.03132e-16 
vn -0.809017 -1.07974e-16 0.587785 
vn -0.809017 0.0614403 0.584565 
vn -0.809017 0.122207 0.574941 
vn -0.809017 0.181636 0.559017 
vn -0.809017 0.239074 0.536969 
vn -0.809017 0.293893 0.509037 
vn -0.809017 0.345492 0.475528 
vn -0.809017 0.393305 0.43681 
vn -0.809017 0.43681 0.393305 
vn -0.809017 0.475528 0.345492 
vn -0.809017 0.509037 0.293893 
vn -0.809017 0.536969 0.239074 
vn -0.809017 0.559017 0.181636 
vn -0.809017 0.574941 0.122207 
vn -0.809017 0.584565 0.0614403 
vn -0.743145 0.669131 9.28605e-17 
vn -0.866025 -9.18485e-17 0.5 
vn -0.866025 0.0522642 0.497261 
vn -0.866025 0.103956 0.489074 
vn -0.866025 0.154508 0.475528 
vn -0.866025 0.203368 0.456773 
vn -0.866025 0.25 0.433013 
vn -0.866025 0.293893 0.404508 
vn -0.866025 0.334565 0.371572 
vn -0.866025 0.371572 0.334565 
vn -0.866025 0.404508 0.293893 
vn -0.866025 0.433013 0.25 
vn -0.866025 0.456773 0.203368 
vn -0.866025 0.475528 0.154508 
vn -0.866025 0.489074 0.103956 
vn -0.866025 0.497261 0.0522642 
vn -0.809017 0.587785 8.15716e-17 
vn -0.913545 -7.47163e-17 0.406737 
vn -0.913545 0.0425156 0.404508 
vn -0.913545 0.0845653 0.397848 
vn -0.913545 0.125689 0.38683 
vn -0.913545 0.165435 0.371572 
vn -0.913545 0.203368 0.352244 
vn -0.913545 0.239074 0.329057 
vn -0.913545 0.27216 0.302264 
vn -0.913545 0.302264 0.27216 
vn -0.913545 0.329057 0.239074 
vn -0.913545 0.352244 0.203368 
vn -0.913545 0.371572 0.165435 
vn -0.913545 0.38683 0.125689 
vn -0.913545 0.397848 0.0845653 
vn -0.913545 0.404508 0.0425156 
vn -0.866025 0.5 6.93889e-17 
vn -0.951057 -5.67655e-17 0.309017 
vn -0.951057 0.0323011 0.307324 
vn -0.951057 0.0642482 0.302264 
vn -0.951057 0.0954915 0.293893 
vn -0.951057 0.125689 0.282301 
vn -0.951057 0.154508 0.267617 
vn -0.951057 0.181636 0.25 
vn -0.951057 0.206773 0.229644 
vn -0.951057 0.229644 0.206773 
vn -0.951057 0.25 0.181636 
vn -0.951057 0.267617 0.154508 
vn -0.951057 0.282301 0.125689 
vn -0.951057 0.293893 0.0954915 
vn -0.951057 0.302264 0.0642482 
vn -0.951057 0.307324 0.0323011 
vn -0.913545 0.406737 5.6446e-17 
vn -0.978148 -3.81928e-17 0.207912 
vn -0.978148 0.0217327 0.206773 
vn -0.978148 0.0432273 0.203368 
vn -0.978148 0.0642482 0.197736 
vn -0.978148 0.0845653 0.189937 
vn -0.978148 0.103956 0.180057 
vn -0.978148 0.122207 0.168204 
vn -0.978148 0.13912 0.154508 
vn -0.978148 0.154508 0.13912 
vn -0.978148 0.168204 0.122207 
vn -0.978148 0.180057 0.103956 
vn -0.978148 0.189937 0.0845653 
vn -0.978148 0.197736 0.0642482 
vn -0.978148 0.203368 0.0432273 
vn -0.978148 0.206773 0.0217327 
vn -0.951057 0.309017 4.28847e-17 
vn -0.994522 -1.92016e-17 0.104528 
vn -0.994522 0.0109262 0.103956 
vn -0.994522 0.0217327 0.102244 
vn -0.994522 0.0323011 0.0994125 
vn -0.994522 0.0425156 0.0954915 
vn -0.994522 0.0522642 0.0905243 
vn -0.994522 0.0614403 0.0845653 
vn -0.994522 0.0699432 0.0776798 
vn -0.994522 0.0776798 0.0699432 
vn -0.994522 0.0845653 0.0614403 
vn -0.994522 0.0905243 0.0522642 
vn -0.994522 0.0954915 0.0425156 
vn -0.994522 0.0994125 0.0323011 
vn -0.994522 0.102244 0.0217327 
vn -0.994522 0.103956 0.0109262 
vn -0.978148 0.207912 2.88535e-17 
vn -1 0 0 
vn -0.994522 0.104528 1.45062e-17 
vn 9.37688e-17 0 1 
vn 1 0 9.37688e-17 
vn 0 1 0 
vn -9.71625e-17 0.994522 -0.104528 
vn 0.104528 0.994522 3.10679e-16 
vn 0.103956 0.989074 -0.104528 
vn 0.207912 0.978148 2.74811e-16 
vn 0.206773 0.972789 -0.104528 
vn 0.309017 0.951057 2.39733e-16 
vn 0.307324 0.945847 -0.104528 
vn 0.406737 0.913545 2.0583e-16 
vn 0.404508 0.908541 -0.104528 
vn 0.5 0.866025 1.73472e-16 
vn 0.497261 0.861281 -0.104528 
vn 0.587785 0.809017 1.43016e-16 
vn 0.584565 0.804585 -0.104528 
vn 0.669131 0.743145 1.14793e-16 
vn 0.665465 0.739074 -0.104528 
vn 0.743145 0.669131 8.91145e-17 
vn 0.739074 0.665465 -0.104528 
vn 0.809017 0.587785 6.62605e-17 
vn 0.804585 0.584565 -0.104528 
vn 0.866025 0.5 4.64818e-17 
vn 0.861281 0.497261 -0.104528 
vn 0.913545 0.406737 2.99949e-17 
vn 0.908541 0.404508 -0.104528 
vn 0.951057 0.309017 1.69807e-17 
vn 0.945847 0.307324 -0.104528 
vn 0.978148 0.207912 7.58157e-18 
vn 0.972789 0.206773 -0.104528 
vn 0.994522 0.104528 1.9006e-18 
vn 0.989074 0.103956 -0.104528 
vn 1 1.38778e-16 1.97215e-31 
vn -1.32028e-16 0.978148 -0.207912 
vn 0.102244 0.972789 -0.207912 
vn 0.203368 0.956773 -0.207912 
vn 0.302264 0.930274 -0.207912 
vn 0.397848 0.893582 -0.207912 
vn 0.489074 0.847101 -0.207912 
vn 0.574941 0.791338 -0.207912 
vn 0.654508 0.726905 -0.207912 
vn 0.726905 0.654508 -0.207912 
vn 0.791338 0.574941 -0.207912 
vn 0.847101 0.489074 -0.207912 
vn 0.893582 0.397848 -0.207912 
vn 0.930274 0.302264 -0.207912 
vn 0.956773 0.203368 -0.207912 
vn 0.972789 0.102244 -0.207912 
vn 0.994522 1.38018e-16 -0.104528 
vn -1.65447e-16 0.951057 -0.309017 
vn 0.0994125 0.945847 -0.309017 
vn 0.197736 0.930274 -0.309017 
vn 0.293893 0.904508 -0.309017 
vn 0.38683 0.868833 -0.309017 
vn 0.475528 0.823639 -0.309017 
vn 0.559017 0.769421 -0.309017 
vn 0.636381 0.706773 -0.309017 
vn 0.706773 0.636381 -0.309017 
vn 0.769421 0.559017 -0.309017 
vn 0.823639 0.475528 -0.309017 
vn 0.868833 0.38683 -0.309017 
vn 0.904508 0.293893 -0.309017 
vn 0.930274 0.197736 -0.309017 
vn 0.945847 0.0994125 -0.309017 
vn 0.978148 1.35745e-16 -0.207912 
vn -1.97054e-16 0.913545 -0.406737 
vn 0.0954915 0.908541 -0.406737 
vn 0.189937 0.893582 -0.406737 
vn 0.282301 0.868833 -0.406737 
vn 0.371572 0.834565 -0.406737 
vn 0.456773 0.791154 -0.406737 
vn 0.536969 0.739074 -0.406737 
vn 0.611281 0.678897 -0.406737 
vn 0.678897 0.611281 -0.406737 
vn 0.739074 0.536969 -0.406737 
vn 0.791154 0.456773 -0.406737 
vn 0.834565 0.371572 -0.406737 
vn 0.868833 0.282301 -0.406737 
vn 0.893582 0.189937 -0.406737 
vn 0.908541 0.0954915 -0.406737 
vn 0.951057 1.31986e-16 -0.309017 
vn -2.26501e-16 0.866025 -0.5 
vn 0.0905243 0.861281 -0.5 
vn 0.180057 0.847101 -0.5 
vn 0.267617 0.823639 -0.5 
vn 0.352244 0.791154 -0.5 
vn 0.433013 0.75 -0.5 
vn 0.509037 0.700629 -0.5 
vn 0.579484 0.643582 -0.5 
vn 0.643582 0.579484 -0.5 
vn 0.700629 0.509037 -0.5 
vn 0.75 0.433013 -0.5 
vn 0.791154 0.352244 -0.5 
vn 0.823639 0.267617 -0.5 
vn 0.847101 0.180057 -0.5 
vn 0.861281 0.0905243 -0.5 
vn 0.913545 4.73725e-16 -0.406737 
vn -2.53467e-16 0.809017 -0.587785 
vn 0.0845653 0.804585 -0.587785 
vn 0.168204 0.791338 -0.587785 
vn 0.25 0.769421 -0.587785 
vn 0.329057 0.739074 -0.587785 
vn 0.404508 0.700629 -0.587785 
vn 0.475528 0.654508 -0.587785 
vn 0.541338 0.601217 -0.587785 
vn 0.601217 0.541338 -0.587785 
vn 0.654508 0.475528 -0.587785 
vn 0.700629 0.404508 -0.587785 
vn 0.739074 0.329057 -0.587785 
vn 0.769421 0.25 -0.587785 
vn 0.791338 0.168204 -0.587785 
vn 0.804585 0.0845653 -0.587785 
vn 0.866025 4.6713e-16 -0.5 
vn -2.77656e-16 0.743145 -0.669131 
vn 0.0776798 0.739074 -0.669131 
vn 0.154508 0.726905 -0.669131 
vn 0.229644 0.706773 -0.669131 
vn 0.302264 0.678897 -0.669131 
vn 0.371572 0.643582 -0.669131 
vn 0.43681 0.601217 -0.669131 
vn 0.497261 0.552264 -0.669131 
vn 0.552264 0.497261 -0.669131 
vn 0.601217 0.43681 -0.669131 
vn 0.643582 0.371572 -0.669131 
vn 0.678897 0.302264 -0.669131 
vn 0.706773 0.229644 -0.669131 
vn 0.726905 0.154508 -0.669131 
vn 0.739074 0.0776798 -0.669131 
vn 0.809017 1.12274e-16 -0.587785 
vn -2.98803e-16 0.669131 -0.743145 
vn 0.0699432 0.665465 -0.743145 
vn 0.13912 0.654508 -0.743145 
vn 0.206773 0.636381 -0.743145 
vn 0.27216 0.611281 -0.743145 
vn 0.334565 0.579484 -0.743145 
vn 0.393305 0.541338 -0.743145 
vn 0.447736 0.497261 -0.743145 
vn 0.497261 0.447736 -0.743145 
vn 0.541338 0.393305 -0.743145 
vn 0.579484 0.334565 -0.743145 
vn 0.611281 0.27216 -0.743145 
vn 0.636381 0.206773 -0.743145 
vn 0.654508 0.13912 -0.743145 
vn 0.665465 0.0699432 -0.743145 
vn 0.743145 1.03132e-16 -0.669131 
vn -3.16676e-16 0.587785 -0.809017 
vn 0.0614403 0.584565 -0.809017 
vn 0.122207 0.574941 -0.809017 
vn 0.181636 0.559017 -0.809017 
vn 0.239074 0.536969 -0.809017 
vn 0.293893 0.509037 -0.809017 
vn 0.345492 0.475528 -0.809017 
vn 0.393305 0.43681 -0.809017 
vn 0.43681 0.393305 -0.809017 
vn 0.475528 0.345492 -0.809017 
vn 0.509037 0.293893 -0.809017 
vn 0.536969 0.239074 -0.809017 
vn 0.559017 0.181636 -0.809017 
vn 0.574941 0.122207 -0.809017 
vn 0.584565 0.0614403 -0.809017 
vn 0.669131 9.28605e-17 -0.743145 
vn -3.31079e-16 0.5 -0.866025 
vn 0.0522642 0.497261 -0.866025 
vn 0.103956 0.489074 -0.866025 
vn 0.154508 0.475528 -0.866025 
vn 0.203368 0.456773 -0.866025 
vn 0.25 0.433013 -0.866025 
vn 0.293893 0.404508 -0.866025 
vn 0.334565 0.371572 -0.866025 
vn 0.371572 0.334565 -0.866025 
vn 0.404508 0.293893 -0.866025 
vn 0.433013 0.25 -0.866025 
vn 0.456773 0.203368 -0.866025 
vn 0.475528 0.154508 -0.866025 
vn 0.489074 0.103956 -0.866025 
vn 0.497261 0.0522642 -0.866025 
vn 0.587785 8.15716e-17 -0.809017 
vn -3.41855e-16 0.406737 -0.913545 
vn 0.0425156 0.404508 -0.913545 
vn 0.0845653 0.397848 -0.913545 
vn 0.125689 0.38683 -0.913545 
vn 0.165435 0.371572 -0.913545 
vn 0.203368 0.352244 -0.913545 
vn 0.239074 0.329057 -0.913545 
vn 0.27216 0.302264 -0.913545 
vn 0.302264 0.27216 -0.913545 
vn 0.329057 0.239074 -0.913545 
vn 0.352244 0.203368 -0.913545 
vn 0.371572 0.165435 -0.913545 
vn 0.38683 0.125689 -0.913545 
vn 0.397848 0.0845653 -0.913545 
vn 0.404508 0.0425156 -0.913545 
vn 0.5 6.93889e-17 -0.866025 
vn -3.48886e-16 0.309017 -0.951057 
vn 0.0323011 0.307324 -0.951057 
vn 0.0642482 0.302264 -0.951057 
vn 0.0954915 0.293893 -0.951057 
vn 0.125689 0.282301 -0.951057 
vn 0.154508 0.267617 -0.951057 
vn 0.181636 0.25 -0.951057 
vn 0.206773 0.229644 -0.951057 
vn 0.229644 0.206773 -0.951057 
vn 0.25 0.181636 -0.951057 
vn 0.267617 0.154508 -0.951057 
vn 0.282301 0.125689 -0.951057 
vn 0.293893 0.0954915 -0.951057 
vn 0.302264 0.0642482 -0.951057 
vn 0.307324 0.0323011 -0.951057 
vn 0.406737 5.6446e-17 -0.913545 
vn -3.52094e-16 0.207912 -0.978148 
vn 0.0217327 0.206773 -0.978148 
vn 0.0432273 0.203368 -0.978148 
vn 0.0642482 0.197736 -0.978148 
vn 0.0845653 0.189937 -0.978148 
vn 0.103956 0.180057 -0.978148 
vn 0.122207 0.168204 -0.978148 
vn 0.13912 0.154508 -0.978148 
vn 0.154508 0.13912 -0.978148 
vn 0.168204 0.122207 -0.978148 
vn 0.180057 0.103956 -0.978148 
vn 0.189937 0.0845653 -0.978148 
vn 0.197736 0.0642482 -0.978148 
vn 0.203368 0.0432273 -0.978148 
vn 0.206773 0.0217327 -0.978148 
vn 0.309017 4.28847e-17 -0.951057 
vn -3.51445e-16 0.104528 -0.994522 
vn 0.0109262 0.103956 -0.994522 
vn 0.0217327 0.102244 -0.994522 
vn 0.0323011 0.0994125 -0.994522 
vn 0.0425156 0.0954915 -0.994522 
vn 0.0522642 0.0905243 -0.994522 
vn 0.0614403 0.0845653 -0.994522 
vn 0.0699432 0.0776798 -0.994522 
vn 0.0776798 0.0699432 -0.994522 
vn 0.0845653 0.0614403 -0.994522 
vn 0.0905243 0.0522642 -0.994522 
vn 0.0954915 0.0425156 -0.994522 
vn 0.0994125 0.0323011 -0.994522 
vn 0.102244 0.0217327 -0.994522 
vn 0.103956 0.0109262 -0.994522 
vn 0.207912 2.88535e-17 -0.978148 
vn -3.46945e-16 0 -1 
vn 0.104528 1.45062e-17 -0.994522 
vn 9.37688e-17 0 1 
vn 9.32552e-17 0.104528 0.994522 
vn 9.17198e-17 0.207912 0.978148 
vn 8.91795e-17 0.309017 0.951057 
vn 8.56621e-17 0.406737 0.913545 
vn 8.12062e-17 0.5 0.866025 
vn 7.58606e-17 0.587785 0.809017 
vn 6.96838e-17 0.669131 0.743145 
vn 6.27436e-17 0.743145 0.669131 
vn 5.51159e-17 0.809017 0.587785 
vn 4.68844e-17 0.866025 0.5 
vn 3.81392e-17 0.913545 0.406737 
vn 2.89762e-17 0.951057 0.309017 
vn 1.94956e-17 0.978148 0.207912 
vn 9.80151e-18 0.994522 0.104528 
vn 5.74169e-33 1 6.12323e-17 
vn 1 0 9.37688e-17 
vn 0.994522 0.104528 9.32552e-17 
vn 0.978148 0.207912 9.17198e-17 
vn 0.951057 0.309017 8.91795e-17 
vn 0.913545 0.406737 8.56621e-17 
vn 0.866025 0.5 8.12062e-17 
vn 0.809017 0.587785 7.58606e-17 
vn 0.743145 0.669131 6.96838e-17 
vn 0.669131 0.743145 6.27436e-17 
vn 0.587785 0.809017 5.51159e-17 
vn 0.5 0.866025 4.68844e-17 
vn 0.406737 0.913545 3.81392e-17 
vn 0.309017 0.951057 2.89762e-17 
vn 0.207912 0.978148 1.94956e-17 
vn 0.104528 0.994522 9.80151e-18 
vn -3.82857e-16 1 -3.59e-32 
vn -1.83697e-16 0 1 
vn 0.104528 0 0.994522 
vn 0.207912 0 0.978148 
vn 0.309017 0 0.951057 
vn 0.406737 0 0.913545 
vn 0.5 0 0.866025 
vn 0.587785 0 0.809017 
vn 0.669131 0 0.743145 
vn 0.743145 0 0.669131 
vn 0.809017 0 0.587785 
vn 0.866025 0 0.5 
vn 0.913545 0 0.406737 
vn 0.951057 0 0.309017 
vn 0.978148 0 0.207912 
vn 0.994522 0 0.104528 
vn 1 0 2.44929e-16 
vn -1.82691e-16 0.104528 0.994522 
vn -1.83697e-16 0 1 
vn 0.104528 0 0.994522 
vn 0.103956 0.104528 0.989074 
vn 0.207912 0 0.978148 
vn 0.206773 0.104528 0.972789 
vn 0.309017 0 0.951057 
vn 0.307324 0.104528 0.945847 
vn 0.406737 0 0.913545 
vn 0.404508 0.104528 0.908541 
vn 0.5 0 0.866025 
vn 0.497261 0.104528 0.861281 
vn 0.587785 0 0.809017 
vn 0.584565 0.104528 0.804585 
vn 0.669131 0 0.743145 
vn 0.665465 0.104528 0.739074 
vn 0.743145 0 0.669131 
vn 0.739074 0.104528 0.665465 
vn 0.809017 0 0.587785 
vn 0.804585 0.104528 0.584565 
vn 0.866025 0 0.5 
vn 0.861281 0.104528 0.497261 
vn 0.913545 0 0.406737 
vn 0.908541 0.104528 0.404508 
vn 0.951057 0 0.309017 
vn 0.945847 0.104528 0.307324 
vn 0.978148 0 0.207912 
vn 0.972789 0.104528 0.206773 
vn 0.994522 0 0.104528 
vn 0.989074 0.104528 0.103956 
vn 1 0 4.85723e-16 
vn -1.79683e-16 0.207912 0.978148 
vn 0.102244 0.207912 0.972789 
vn 0.203368 0.207912 0.956773 
vn 0.302264 0.207912 0.930274 
vn 0.397848 0.207912 0.893582 
vn 0.489074 0.207912 0.847101 
vn 0.574941 0.207912 0.791338 
vn 0.654508 0.207912 0.726905 
vn 0.726905 0.207912 0.654508 
vn 0.791338 0.207912 0.574941 
vn 0.847101 0.207912 0.489074 
vn 0.893582 0.207912 0.397848 
vn 0.930274 0.207912 0.302264 
vn 0.956773 0.207912 0.203368 
vn 0.972789 0.207912 0.102244 
vn 0.994522 0.104528 4.84962e-16 
vn -1.74706e-16 0.309017 0.951057 
vn 0.0994125 0.309017 0.945847 
vn 0.197736 0.309017 0.930274 
vn 0.293893 0.309017 0.904508 
vn 0.38683 0.309017 0.868833 
vn 0.475528 0.309017 0.823639 
vn 0.559017 0.309017 0.769421 
vn 0.636381 0.309017 0.706773 
vn 0.706773 0.309017 0.636381 
vn 0.769421 0.309017 0.559017 
vn 0.823639 0.309017 0.475528 
vn 0.868833 0.309017 0.38683 
vn 0.904508 0.309017 0.293893 
vn 0.930274 0.309017 0.197736 
vn 0.945847 0.309017 0.0994125 
vn 0.978148 0.207912 4.8269e-16 
vn -1.67816e-16 0.406737 0.913545 
vn 0.0954915 0.406737 0.908541 
vn 0.189937 0.406737 0.893582 
vn 0.282301 0.406737 0.868833 
vn 0.371572 0.406737 0.834565 
vn 0.456773 0.406737 0.791154 
vn 0.536969 0.406737 0.739074 
vn 0.611281 0.406737 0.678897 
vn 0.678897 0.406737 0.611281 
vn 0.739074 0.406737 0.536969 
vn 0.791154 0.406737 0.456773 
vn 0.834565 0.406737 0.371572 
vn 0.868833 0.406737 0.282301 
vn 0.893582 0.406737 0.189937 
vn 0.908541 0.406737 0.0954915 
vn 0.951057 0.309017 4.7893e-16 
vn -1.59086e-16 0.5 0.866025 
vn 0.0905243 0.5 0.861281 
vn 0.180057 0.5 0.847101 
vn 0.267617 0.5 0.823639 
vn 0.352244 0.5 0.791154 
vn 0.433013 0.5 0.75 
vn 0.509037 0.5 0.700629 
vn 0.579484 0.5 0.643582 
vn 0.643582 0.5 0.579484 
vn 0.700629 0.5 0.509037 
vn 0.75 0.5 0.433013 
vn 0.791154 0.5 0.352244 
vn 0.823639 0.5 0.267617 
vn 0.847101 0.5 0.180057 
vn 0.861281 0.5 0.0905243 
vn 0.913545 0.406737 1.2678e-16 
vn -1.48614e-16 0.587785 0.809017 
vn 0.0845653 0.587785 0.804585 
vn 0.168204 0.587785 0.791338 
vn 0.25 0.587785 0.769421 
vn 0.329057 0.587785 0.739074 
vn 0.404508 0.587785 0.700629 
vn 0.475528 0.587785 0.654508 
vn 0.541338 0.587785 0.601217 
vn 0.601217 0.587785 0.541338 
vn 0.654508 0.587785 0.475528 
vn 0.700629 0.587785 0.404508 
vn 0.739074 0.587785 0.329057 
vn 0.769421 0.587785 0.25 
vn 0.791338 0.587785 0.168204 
vn 0.804585 0.587785 0.0845653 
vn 0.866025 0.5 1.20185e-16 
vn -1.36513e-16 0.669131 0.743145 
vn 0.0776798 0.669131 0.739074 
vn 0.154508 0.669131 0.726905 
vn 0.229644 0.669131 0.706773 
vn 0.302264 0.669131 0.678897 
vn 0.371572 0.669131 0.643582 
vn 0.43681 0.669131 0.601217 
vn 0.497261 0.669131 0.552264 
vn 0.552264 0.669131 0.497261 
vn 0.601217 0.669131 0.43681 
vn 0.643582 0.669131 0.371572 
vn 0.678897 0.669131 0.302264 
vn 0.706773 0.669131 0.229644 
vn 0.726905 0.669131 0.154508 
vn 0.739074 0.669131 0.0776798 
vn 0.809017 0.587785 1.12274e-16 
vn -1.22917e-16 0.743145 0.669131 
vn 0.0699432 0.743145 0.665465 
vn 0.13912 0.743145 0.654508 
vn 0.206773 0.743145 0.636381 
vn 0.27216 0.743145 0.611281 
vn 0.334565 0.743145 0.579484 
vn 0.393305 0.743145 0.541338 
vn 0.447736 0.743145 0.497261 
vn 0.497261 0.743145 0.447736 
vn 0.541338 0.743145 0.393305 
vn 0.579484 0.743145 0.334565 
vn 0.611281 0.743145 0.27216 
vn 0.636381 0.743145 0.206773 
vn 0.654508 0.743145 0.13912 
vn 0.665465 0.743145 0.0699432 
vn 0.743145 0.669131 1.03132e-16 
vn -1.07974e-16 0.809017 0.587785 
vn 0.0614403 0.809017 0.584565 
vn 0.122207 0.809017 0.574941 
vn 0.181636 0.809017 0.559017 
vn 0.239074 0.809017 0.536969 
vn 0.293893 0.809017 0.509037 
vn 0.345492 0.809017 0.475528 
vn 0.393305 0.809017 0.43681 
vn 0.43681 0.809017 0.393305 
vn 0.475528 0.809017 0.345492 
vn 0.509037 0.809017 0.293893 
vn 0.536969 0.809017 0.239074 
vn 0.559017 0.809017 0.181636 
vn 0.574941 0.809017 0.122207 
vn 0.584565 0.809017 0.0614403 
vn 0.669131 0.743145 9.28605e-17 
vn -9.18485e-17 0.866025 0.5 
vn 0.0522642 0.866025 0.497261 
vn 0.103956 0.866025 0.489074 
vn 0.154508 0.866025 0.475528 
vn 0.203368 0.866025 0.456773 
vn 0.25 0.866025 0.433013 
vn 0.293893 0.866025 0.404508 
vn 0.334565 0.866025 0.371572 
vn 0.371572 0.866025 0.334565 
vn 0.404508 0.866025 0.293893 
vn 0.433013 0.866025 0.25 
vn 0.456773 0.866025 0.203368 
vn 0.475528 0.866025 0.154508 
vn 0.489074 0.866025 0.103956 
vn 0.497261 0.866025 0.0522642 
vn 0.587785 0.809017 8.15716e-17 
vn -7.47163e-17 0.913545 0.406737 
vn 0.0425156 0.913545 0.404508 
vn 0.0845653 0.913545 0.397848 
vn 0.125689 0.913545 0.38683 
vn 0.165435 0.913545 0.371572 
vn 0.203368 0.913545 0.352244 
vn 0.239074 0.913545 0.329057 
vn 0.27216 0.913545 0.302264 
vn 0.302264 0.913545 0.27216 
vn 0.329057 0.913545 0.239074 
vn 0.352244 0.913545 0.203368 
vn 0.371572 0.913545 0.165435 
vn 0.38683 0.913545 0.125689 
vn 0.397848 0.913545 0.0845653 
vn 0.404508 0.913545 0.0425156 
vn 0.5 0.866025 6.93889e-17 
vn -5.67655e-17 0.951057 0.309017 
vn 0.0323011 0.951057 0.307324 
vn 0.0642482 0.951057 0.302264 
vn 0.0954915 0.951057 0.293893 
vn 0.125689 0.951057 0.282301 
vn 0.154508 0.951057 0.267617 
vn 0.181636 0.951057 0.25 
vn 0.206773 0.951057 0.229644 
vn 0.229644 0.951057 0.206773 
vn 0.25 0.951057 0.181636 
vn 0.267617 0.951057 0.154508 
vn 0.282301 0.951057 0.125689 
vn 0.293893 0.951057 0.0954915 
vn 0.302264 0.951057 0.0642482 
vn 0.307324 0.951057 0.0323011 
vn 0.406737 0.913545 5.6446e-17 
vn -3.81928e-17 0.978148 0.207912 
vn 0.0217327 0.978148 0.206773 
vn 0.0432273 0.978148 0.203368 
vn 0.0642482 0.978148 0.197736 
vn 0.0845653 0.978148 0.189937 
vn 0.103956 0.978148 0.180057 
vn 0.122207 0.978148 0.168204 
vn 0.13912 0.978148 0.154508 
vn 0.154508 0.978148 0.13912 
vn 0.168204 0.978148 0.122207 
vn 0.180057 0.978148 0.103956 
vn 0.189937 0.978148 0.0845653 
vn 0.197736 0.978148 0.0642482 
vn 0.203368 0.978148 0.0432273 
vn 0.206773 0.978148 0.0217327 
vn 0.309017 0.951057 4.28847e-17 
vn -1.92016e-17 0.994522 0.104528 
vn 0.0109262 0.994522 0.103956 
vn 0.0217327 0.994522 0.102244 
vn 0.0323011 0.994522 0.0994125 
vn 0.0425156 0.994522 0.0954915 
vn 0.0522642 0.994522 0.0905243 
vn 0.0614403 0.994522 0.0845653 
vn 0.0699432 0.994522 0.0776798 
vn 0.0776798 0.994522 0.0699432 
vn 0.0845653 0.994522 0.0614403 
vn 0.0905243 0.994522 0.0522642 
vn 0.0954915 0.994522 0.0425156 
vn 0.0994125 0.994522 0.0323011 
vn 0.102244 0.994522 0.0217327 
vn 0.103956 0.994522 0.0109262 
vn 0.207912 0.978148 2.88535e-17 
vn 0 1 0 
vn 0.104528 0.994522 1.45062e-17 
vn 0 -1 0 
vn -9.37688e-17 0 -1 
vn -1 0 -9.37688e-17 
vn 1.87538e-16 0 1 
vn 1 0 9.37688e-17 
vn 0.994522 0 0.104528 
vn 0.978148 0 0.207912 
vn 0.951057 0 0.309017 
vn 0.913545 0 0.406737 
vn 0.866025 0 0.5 
vn 0.809017 0 0.587785 
vn 0.743145 0 0.669131 
vn 0.669131 0 0.743145 
vn 0.587785 0 0.809017 
vn 0.5 0 0.866025 
vn 0.406737 0 0.913545 
vn 0.309017 0 0.951057 
vn 0.207912 0 0.978148 
vn 0.104528 0 0.994522 
vn -6.12323e-17 0 1 
vn 0.994522 -0.104528 0 
vn 0.994522 -0.103956 0.0109262 
vn 0.978148 -0.206773 0.0217327 
vn 0.994522 -0.102244 0.0217327 
vn 0.978148 -0.203368 0.0432273 
vn 0.994522 -0.0994125 0.0323011 
vn 0.978148 -0.197736 0.0642482 
vn 0.994522 -0.0954915 0.0425156 
vn 0.978148 -0.189937 0.0845653 
vn 0.994522 -0.0905243 0.0522642 
vn 0.978148 -0.180057 0.103956 
vn 0.994522 -0.0845653 0.0614403 
vn 0.978148 -0.168204 0.122207 
vn 0.994522 -0.0776798 0.0699432 
vn 0.978148 -0.154508 0.13912 
vn 0.994522 -0.0699432 0.0776798 
vn 0.978148 -0.13912 0.154508 
vn 0.994522 -0.0614403 0.0845653 
vn 0.978148 -0.122207 0.168204 
vn 0.994522 -0.0522642 0.0905243 
vn 0.978148 -0.103956 0.180057 
vn 0.994522 -0.0425156 0.0954915 
vn 0.978148 -0.0845653 0.189937 
vn 0.994522 -0.0323011 0.0994125 
vn 0.978148 -0.0642482 0.197736 
vn 0.994522 -0.0217327 0.102244 
vn 0.978148 -0.0432273 0.203368 
vn 0.994522 -0.0109262 0.103956 
vn 0.978148 -0.0217327 0.206773 
vn 0.994522 -1.45062e-17 0.104528 
vn 0.978148 -2.88535e-17 0.207912 
vn 0.978148 -0.207912 0 
vn 0.951057 -0.307324 0.0323011 
vn 0.951057 -0.302264 0.0642482 
vn 0.951057 -0.293893 0.0954915 
vn 0.951057 -0.282301 0.125689 
vn 0.951057 -0.267617 0.154508 
vn 0.951057 -0.25 0.181636 
vn 0.951057 -0.229644 0.206773 
vn 0.951057 -0.206773 0.229644 
vn 0.951057 -0.181636 0.25 
vn 0.951057 -0.154508 0.267617 
vn 0.951057 -0.125689 0.282301 
vn 0.951057 -0.0954915 0.293893 
vn 0.951057 -0.0642482 0.302264 
vn 0.951057 -0.0323011 0.307324 
vn 0.951057 -4.28847e-17 0.309017 
vn 0.951057 -0.309017 0 
vn 0.913545 -0.404508 0.0425156 
vn 0.913545 -0.397848 0.0845653 
vn 0.913545 -0.38683 0.125689 
vn 0.913545 -0.371572 0.165435 
vn 0.913545 -0.352244 0.203368 
vn 0.913545 -0.329057 0.239074 
vn 0.913545 -0.302264 0.27216 
vn 0.913545 -0.27216 0.302264 
vn 0.913545 -0.239074 0.329057 
vn 0.913545 -0.203368 0.352244 
vn 0.913545 -0.165435 0.371572 
vn 0.913545 -0.125689 0.38683 
vn 0.913545 -0.0845653 0.397848 
vn 0.913545 -0.0425156 0.404508 
vn 0.913545 -5.6446e-17 0.406737 
vn 0.913545 -0.406737 0 
vn 0.866025 -0.497261 0.0522642 
vn 0.866025 -0.489074 0.103956 
vn 0.866025 -0.475528 0.154508 
vn 0.866025 -0.456773 0.203368 
vn 0.866025 -0.433013 0.25 
vn 0.866025 -0.404508 0.293893 
vn 0.866025 -0.371572 0.334565 
vn 0.866025 -0.334565 0.371572 
vn 0.866025 -0.293893 0.404508 
vn 0.866025 -0.25 0.433013 
vn 0.866025 -0.203368 0.456773 
vn 0.866025 -0.154508 0.475528 
vn 0.866025 -0.103956 0.489074 
vn 0.866025 -0.0522642 0.497261 
vn 0.866025 -6.93889e-17 0.5 
vn 0.866025 -0.5 0 
vn 0.809017 -0.584565 0.0614403 
vn 0.809017 -0.574941 0.122207 
vn 0.809017 -0.559017 0.181636 
vn 0.809017 -0.536969 0.239074 
vn 0.809017 -0.509037 0.293893 
vn 0.809017 -0.475528 0.345492 
vn 0.809017 -0.43681 0.393305 
vn 0.809017 -0.393305 0.43681 
vn 0.809017 -0.345492 0.475528 
vn 0.809017 -0.293893 0.509037 
vn 0.809017 -0.239074 0.536969 
vn 0.809017 -0.181636 0.559017 
vn 0.809017 -0.122207 0.574941 
vn 0.809017 -0.0614403 0.584565 
vn 0.809017 -8.15716e-17 0.587785 
vn 0.809017 -0.587785 0 
vn 0.743145 -0.665465 0.0699432 
vn 0.743145 -0.654508 0.13912 
vn 0.743145 -0.636381 0.206773 
vn 0.743145 -0.611281 0.27216 
vn 0.743145 -0.579484 0.334565 
vn 0.743145 -0.541338 0.393305 
vn 0.743145 -0.497261 0.447736 
vn 0.743145 -0.447736 0.497261 
vn 0.743145 -0.393305 0.541338 
vn 0.743145 -0.334565 0.579484 
vn 0.743145 -0.27216 0.611281 
vn 0.743145 -0.206773 0.636381 
vn 0.743145 -0.13912 0.654508 
vn 0.743145 -0.0699432 0.665465 
vn 0.743145 -9.28605e-17 0.669131 
vn 0.743145 -0.669131 0 
vn 0.669131 -0.739074 0.0776798 
vn 0.669131 -0.726905 0.154508 
vn 0.669131 -0.706773 0.229644 
vn 0.669131 -0.678897 0.302264 
vn 0.669131 -0.643582 0.371572 
vn 0.669131 -0.601217 0.43681 
vn 0.669131 -0.552264 0.497261 
vn 0.669131 -0.497261 0.552264 
vn 0.669131 -0.43681 0.601217 
vn 0.669131 -0.371572 0.643582 
vn 0.669131 -0.302264 0.678897 
vn 0.669131 -0.229644 0.706773 
vn 0.669131 -0.154508 0.726905 
vn 0.669131 -0.0776798 0.739074 
vn 0.669131 -1.03132e-16 0.743145 
vn 0.669131 -0.743145 0 
vn 0.587785 -0.804585 0.0845653 
vn 0.587785 -0.791338 0.168204 
vn 0.587785 -0.769421 0.25 
vn 0.587785 -0.739074 0.329057 
vn 0.587785 -0.700629 0.404508 
vn 0.587785 -0.654508 0.475528 
vn 0.587785 -0.601217 0.541338 
vn 0.587785 -0.541338 0.601217 
vn 0.587785 -0.475528 0.654508 
vn 0.587785 -0.404508 0.700629 
vn 0.587785 -0.329057 0.739074 
vn 0.587785 -0.25 0.769421 
vn 0.587785 -0.168204 0.791338 
vn 0.587785 -0.0845653 0.804585 
vn 0.587785 -1.12274e-16 0.809017 
vn 0.587785 -0.809017 0 
vn 0.5 -0.861281 0.0905243 
vn 0.5 -0.847101 0.180057 
vn 0.5 -0.823639 0.267617 
vn 0.5 -0.791154 0.352244 
vn 0.5 -0.75 0.433013 
vn 0.5 -0.700629 0.509037 
vn 0.5 -0.643582 0.579484 
vn 0.5 -0.579484 0.643582 
vn 0.5 -0.509037 0.700629 
vn 0.5 -0.433013 0.75 
vn 0.5 -0.352244 0.791154 
vn 0.5 -0.267617 0.823639 
vn 0.5 -0.180057 0.847101 
vn 0.5 -0.0905243 0.861281 
vn 0.5 -1.20185e-16 0.866025 
vn 0.5 -0.866025 0 
vn 0.406737 -0.908541 0.0954915 
vn 0.406737 -0.893582 0.189937 
vn 0.406737 -0.868833 0.282301 
vn 0.406737 -0.834565 0.371572 
vn 0.406737 -0.791154 0.456773 
vn 0.406737 -0.739074 0.536969 
vn 0.406737 -0.678897 0.611281 
vn 0.406737 -0.611281 0.678897 
vn 0.406737 -0.536969 0.739074 
vn 0.406737 -0.456773 0.791154 
vn 0.406737 -0.371572 0.834565 
vn 0.406737 -0.282301 0.868833 
vn 0.406737 -0.189937 0.893582 
vn 0.406737 -0.0954915 0.908541 
vn 0.406737 -1.2678e-16 0.913545 
vn 0.406737 -0.913545 0 
vn 0.309017 -0.945847 0.0994125 
vn 0.309017 -0.930274 0.197736 
vn 0.309017 -0.904508 0.293893 
vn 0.309017 -0.868833 0.38683 
vn 0.309017 -0.823639 0.475528 
vn 0.309017 -0.769421 0.559017 
vn 0.309017 -0.706773 0.636381 
vn 0.309017 -0.636381 0.706773 
vn 0.309017 -0.559017 0.769421 
vn 0.309017 -0.475528 0.823639 
vn 0.309017 -0.38683 0.868833 
vn 0.309017 -0.293893 0.904508 
vn 0.309017 -0.197736 0.930274 
vn 0.309017 -0.0994125 0.945847 
vn 0.309017 -1.31986e-16 0.951057 
vn 0.309017 -0.951057 0 
vn 0.207912 -0.972789 0.102244 
vn 0.207912 -0.956773 0.203368 
vn 0.207912 -0.930274 0.302264 
vn 0.207912 -0.893582 0.397848 
vn 0.207912 -0.847101 0.489074 
vn 0.207912 -0.791338 0.574941 
vn 0.207912 -0.726905 0.654508 
vn 0.207912 -0.654508 0.726905 
vn 0.207912 -0.574941 0.791338 
vn 0.207912 -0.489074 0.847101 
vn 0.207912 -0.397848 0.893582 
vn 0.207912 -0.302264 0.930274 
vn 0.207912 -0.203368 0.956773 
vn 0.207912 -0.102244 0.972789 
vn 0.207912 -1.35745e-16 0.978148 
vn 0.207912 -0.978148 0 
vn 0.104528 -0.989074 0.103956 
vn 0.104528 -0.972789 0.206773 
vn 0.104528 -0.945847 0.307324 
vn 0.104528 -0.908541 0.404508 
vn 0.104528 -0.861281 0.497261 
vn 0.104528 -0.804585 0.584565 
vn 0.104528 -0.739074 0.665465 
vn 0.104528 -0.665465 0.739074 
vn 0.104528 -0.584565 0.804585 
vn 0.104528 -0.497261 0.861281 
vn 0.104528 -0.404508 0.908541 
vn 0.104528 -0.307324 0.945847 
vn 0.104528 -0.206773 0.972789 
vn 0.104528 -0.103956 0.989074 
vn 0.104528 -1.38018e-16 0.994522 
vn 0.104528 -0.994522 0 
vn 0 -0.994522 0.104528 
vn 0 -0.978148 0.207912 
vn 0 -0.951057 0.309017 
vn 0 -0.913545 0.406737 
vn 0 -0.866025 0.5 
vn 0 -0.809017 0.587785 
vn 0 -0.743145 0.669131 
vn 0 -0.669131 0.743145 
vn 0 -0.587785 0.809017 
vn 0 -0.5 0.866025 
vn 0 -0.406737 0.913545 
vn 0 -0.309017 0.951057 
vn 0 -0.207912 0.978148 
vn 0 -0.104528 0.994522 
vn 0 -1.38778e-16 1 
vn 0 -1 0 
vn 1 0 0 
vn 0.994522 0 -0.104528 
vn 0.978148 0 -0.207912 
vn 0.951057 0 -0.309017 
vn 0.913545 0 -0.406737 
vn 0.866025 0 -0.5 
vn 0.809017 0 -0.587785 
vn 0.743145 0 -0.669131 
vn 0.669131 0 -0.743145 
vn 0.587785 0 -0.809017 
vn 0.5 0 -0.866025 
vn 0.406737 0 -0.913545 
vn 0.309017 0 -0.951057 
vn 0.207912 0 -0.978148 
vn 0.104528 0 -0.994522 
vn -1.83697e-16 0 -1 
vn 0.994522 1.92016e-17 -0.104528 
vn 0.994522 -0.0109262 -0.103956 
vn 0.978148 -0.0217327 -0.206773 
vn 0.994522 -0.0217327 -0.102244 
vn 0.978148 -0.0432273 -0.203368 
vn 0.994522 -0.0323011 -0.0994125 
vn 0.978148 -0.0642482 -0.197736 
vn 0.994522 -0.0425156 -0.0954915 
vn 0.978148 -0.0845653 -0.189937 
vn 0.994522 -0.0522642 -0.0905243 
vn 0.978148 -0.103956 -0.180057 
vn 0.994522 -0.0614403 -0.0845653 
vn 0.978148 -0.122207 -0.168204 
vn 0.994522 -0.0699432 -0.0776798 
vn 0.978148 -0.13912 -0.154508 
vn 0.994522 -0.0776798 -0.0699432 
vn 0.978148 -0.154508 -0.13912 
vn 0.994522 -0.0845653 -0.0614403 
vn 0.978148 -0.168204 -0.122207 
vn 0.994522 -0.0905243 -0.0522642 
vn 0.978148 -0.180057 -0.103956 
vn 0.994522 -0.0954915 -0.0425156 
vn 0.978148 -0.189937 -0.0845653 
vn 0.994522 -0.0994125 -0.0323011 
vn 0.978148 -0.197736 -0.0642482 
vn 0.994522 -0.102244 -0.0217327 
vn 0.978148 -0.203368 -0.0432273 
vn 0.994522 -0.103956 -0.0109262 
vn 0.978148 -0.206773 -0.0217327 
vn 0.994522 -0.104528 -1.45062e-17 
vn 0.978148 -0.207912 -2.88535e-17 
vn 0.978148 3.81928e-17 -0.207912 
vn 0.951057 -0.0323011 -0.307324 
vn 0.951057 -0.0642482 -0.302264 
vn 0.951057 -0.0954915 -0.293893 
vn 0.951057 -0.125689 -0.282301 
vn 0.951057 -0.154508 -0.267617 
vn 0.951057 -0.181636 -0.25 
vn 0.951057 -0.206773 -0.229644 
vn 0.951057 -0.229644 -0.206773 
vn 0.951057 -0.25 -0.181636 
vn 0.951057 -0.267617 -0.154508 
vn 0.951057 -0.282301 -0.125689 
vn 0.951057 -0.293893 -0.0954915 
vn 0.951057 -0.302264 -0.0642482 
vn 0.951057 -0.307324 -0.0323011 
vn 0.951057 -0.309017 -4.28847e-17 
vn 0.951057 5.67655e-17 -0.309017 
vn 0.913545 -0.0425156 -0.404508 
vn 0.913545 -0.0845653 -0.397848 
vn 0.913545 -0.125689 -0.38683 
vn 0.913545 -0.165435 -0.371572 
vn 0.913545 -0.203368 -0.352244 
vn 0.913545 -0.239074 -0.329057 
vn 0.913545 -0.27216 -0.302264 
vn 0.913545 -0.302264 -0.27216 
vn 0.913545 -0.329057 -0.239074 
vn 0.913545 -0.352244 -0.203368 
vn 0.913545 -0.371572 -0.165435 
vn 0.913545 -0.38683 -0.125689 
vn 0.913545 -0.397848 -0.0845653 
vn 0.913545 -0.404508 -0.0425156 
vn 0.913545 -0.406737 -5.6446e-17 
vn 0.913545 7.47163e-17 -0.406737 
vn 0.866025 -0.0522642 -0.497261 
vn 0.866025 -0.103956 -0.489074 
vn 0.866025 -0.154508 -0.475528 
vn 0.866025 -0.203368 -0.456773 
vn 0.866025 -0.25 -0.433013 
vn 0.866025 -0.293893 -0.404508 
vn 0.866025 -0.334565 -0.371572 
vn 0.866025 -0.371572 -0.334565 
vn 0.866025 -0.404508 -0.293893 
vn 0.866025 -0.433013 -0.25 
vn 0.866025 -0.456773 -0.203368 
vn 0.866025 -0.475528 -0.154508 
vn 0.866025 -0.489074 -0.103956 
vn 0.866025 -0.497261 -0.0522642 
vn 0.866025 -0.5 -6.93889e-17 
vn 0.866025 9.18485e-17 -0.5 
vn 0.809017 -0.0614403 -0.584565 
vn 0.809017 -0.122207 -0.574941 
vn 0.809017 -0.181636 -0.559017 
vn 0.809017 -0.239074 -0.536969 
vn 0.809017 -0.293893 -0.509037 
vn 0.809017 -0.345492 -0.475528 
vn 0.809017 -0.393305 -0.43681 
vn 0.809017 -0.43681 -0.393305 
vn 0.809017 -0.475528 -0.345492 
vn 0.809017 -0.509037 -0.293893 
vn 0.809017 -0.536969 -0.239074 
vn 0.809017 -0.559017 -0.181636 
vn 0.809017 -0.574941 -0.122207 
vn 0.809017 -0.584565 -0.0614403 
vn 0.809017 -0.587785 -8.15716e-17 
vn 0.809017 1.07974e-16 -0.587785 
vn 0.743145 -0.0699432 -0.665465 
vn 0.743145 -0.13912 -0.654508 
vn 0.743145 -0.206773 -0.636381 
vn 0.743145 -0.27216 -0.611281 
vn 0.743145 -0.334565 -0.579484 
vn 0.743145 -0.393305 -0.541338 
vn 0.743145 -0.447736 -0.497261 
vn 0.743145 -0.497261 -0.447736 
vn 0.743145 -0.541338 -0.393305 
vn 0.743145 -0.579484 -0.334565 
vn 0.743145 -0.611281 -0.27216 
vn 0.743145 -0.636381 -0.206773 
vn 0.743145 -0.654508 -0.13912 
vn 0.743145 -0.665465 -0.0699432 
vn 0.743145 -0.669131 -9.28605e-17 
vn 0.743145 1.22917e-16 -0.669131 
vn 0.669131 -0.0776798 -0.739074 
vn 0.669131 -0.154508 -0.726905 
vn 0.669131 -0.229644 -0.706773 
vn 0.669131 -0.302264 -0.678897 
vn 0.669131 -0.371572 -0.643582 
vn 0.669131 -0.43681 -0.601217 
vn 0.669131 -0.497261 -0.552264 
vn 0.669131 -0.552264 -0.497261 
vn 0.669131 -0.601217 -0.43681 
vn 0.669131 -0.643582 -0.371572 
vn 0.669131 -0.678897 -0.302264 
vn 0.669131 -0.706773 -0.229644 
vn 0.669131 -0.726905 -0.154508 
vn 0.669131 -0.739074 -0.0776798 
vn 0.669131 -0.743145 -1.03132e-16 
vn 0.669131 1.36513e-16 -0.743145 
vn 0.587785 -0.0845653 -0.804585 
vn 0.587785 -0.168204 -0.791338 
vn 0.587785 -0.25 -0.769421 
vn 0.587785 -0.329057 -0.739074 
vn 0.587785 -0.404508 -0.700629 
vn 0.587785 -0.475528 -0.654508 
vn 0.587785 -0.541338 -0.601217 
vn 0.587785 -0.601217 -0.541338 
vn 0.587785 -0.654508 -0.475528 
vn 0.587785 -0.700629 -0.404508 
vn 0.587785 -0.739074 -0.329057 
vn 0.587785 -0.769421 -0.25 
vn 0.587785 -0.791338 -0.168204 
vn 0.587785 -0.804585 -0.0845653 
vn 0.587785 -0.809017 -1.12274e-16 
vn 0.587785 1.48614e-16 -0.809017 
vn 0.5 -0.0905243 -0.861281 
vn 0.5 -0.180057 -0.847101 
vn 0.5 -0.267617 -0.823639 
vn 0.5 -0.352244 -0.791154 
vn 0.5 -0.433013 -0.75 
vn 0.5 -0.509037 -0.700629 
vn 0.5 -0.579484 -0.643582 
vn 0.5 -0.643582 -0.579484 
vn 0.5 -0.700629 -0.509037 
vn 0.5 -0.75 -0.433013 
vn 0.5 -0.791154 -0.352244 
vn 0.5 -0.823639 -0.267617 
vn 0.5 -0.847101 -0.180057 
vn 0.5 -0.861281 -0.0905243 
vn 0.5 -0.866025 -1.20185e-16 
vn 0.5 1.59086e-16 -0.866025 
vn 0.406737 -0.0954915 -0.908541 
vn 0.406737 -0.189937 -0.893582 
vn 0.406737 -0.282301 -0.868833 
vn 0.406737 -0.371572 -0.834565 
vn 0.406737 -0.456773 -0.791154 
vn 0.406737 -0.536969 -0.739074 
vn 0.406737 -0.611281 -0.678897 
vn 0.406737 -0.678897 -0.611281 
vn 0.406737 -0.739074 -0.536969 
vn 0.406737 -0.791154 -0.456773 
vn 0.406737 -0.834565 -0.371572 
vn 0.406737 -0.868833 -0.282301 
vn 0.406737 -0.893582 -0.189937 
vn 0.406737 -0.908541 -0.0954915 
vn 0.406737 -0.913545 -1.2678e-16 
vn 0.406737 1.67816e-16 -0.913545 
vn 0.309017 -0.0994125 -0.945847 
vn 0.309017 -0.197736 -0.930274 
vn 0.309017 -0.293893 -0.904508 
vn 0.309017 -0.38683 -0.868833 
vn 0.309017 -0.475528 -0.823639 
vn 0.309017 -0.559017 -0.769421 
vn 0.309017 -0.636381 -0.706773 
vn 0.309017 -0.706773 -0.636381 
vn 0.309017 -0.769421 -0.559017 
vn 0.309017 -0.823639 -0.475528 
vn 0.309017 -0.868833 -0.38683 
vn 0.309017 -0.904508 -0.293893 
vn 0.309017 -0.930274 -0.197736 
vn 0.309017 -0.945847 -0.0994125 
vn 0.309017 -0.951057 -1.31986e-16 
vn 0.309017 1.74706e-16 -0.951057 
vn 0.207912 -0.102244 -0.972789 
vn 0.207912 -0.203368 -0.956773 
vn 0.207912 -0.302264 -0.930274 
vn 0.207912 -0.397848 -0.893582 
vn 0.207912 -0.489074 -0.847101 
vn 0.207912 -0.574941 -0.791338 
vn 0.207912 -0.654508 -0.726905 
vn 0.207912 -0.726905 -0.654508 
vn 0.207912 -0.791338 -0.574941 
vn 0.207912 -0.847101 -0.489074 
vn 0.207912 -0.893582 -0.397848 
vn 0.207912 -0.930274 -0.302264 
vn 0.207912 -0.956773 -0.203368 
vn 0.207912 -0.972789 -0.102244 
vn 0.207912 -0.978148 -1.35745e-16 
vn 0.207912 1.79683e-16 -0.978148 
vn 0.104528 -0.103956 -0.989074 
vn 0.104528 -0.206773 -0.972789 
vn 0.104528 -0.307324 -0.945847 
vn 0.104528 -0.404508 -0.908541 
vn 0.104528 -0.497261 -0.861281 
vn 0.104528 -0.584565 -0.804585 
vn 0.104528 -0.665465 -0.739074 
vn 0.104528 -0.739074 -0.665465 
vn 0.104528 -0.804585 -0.584565 
vn 0.104528 -0.861281 -0.497261 
vn 0.104528 -0.908541 -0.404508 
vn 0.104528 -0.945847 -0.307324 
vn 0.104528 -0.972789 -0.206773 
vn 0.104528 -0.989074 -0.103956 
vn 0.104528 -0.994522 -1.38018e-16 
vn 0.104528 1.82691e-16 -0.994522 
vn 0 -0.104528 -0.994522 
vn 0 -0.207912 -0.978148 
vn 0 -0.309017 -0.951057 
vn 0 -0.406737 -0.913545 
vn 0 -0.5 -0.866025 
vn 0 -0.587785 -0.809017 
vn 0 -0.669131 -0.743145 
vn 0 -0.743145 -0.669131 
vn 0 -0.809017 -0.587785 
vn 0 -0.866025 -0.5 
vn 0 -0.913545 -0.406737 
vn 0 -0.951057 -0.309017 
vn 0 -0.978148 -0.207912 
vn 0 -0.994522 -0.104528 
vn 0 -1 -1.38778e-16 
vn 0 1.83697e-16 -1 
vn 1 0 0 
vn 0.104528 -0.994522 9.80151e-18 
vn 6.12323e-17 -1 5.74169e-33 
vn 0.207912 -0.978148 1.94956e-17 
vn 0.104528 -0.994522 9.80151e-18 
vn 0.309017 -0.951057 2.89762e-17 
vn 0.207912 -0.978148 1.94956e-17 
vn 0.406737 -0.913545 3.81392e-17 
vn 0.309017 -0.951057 2.89762e-17 
vn 0.5 -0.866025 4.68844e-17 
vn 0.406737 -0.913545 3.81392e-17 
vn 0.587785 -0.809017 5.51159e-17 
vn 0.5 -0.866025 4.68844e-17 
vn 0.669131 -0.743145 6.27436e-17 
vn 0.587785 -0.809017 5.51159e-17 
vn 0.743145 -0.669131 6.96838e-17 
vn 0.669131 -0.743145 6.27436e-17 
vn 0.809017 -0.587785 7.58606e-17 
vn 0.743145 -0.669131 6.96838e-17 
vn 0.866025 -0.5 8.12062e-17 
vn 0.809017 -0.587785 7.58606e-17 
vn 0.913545 -0.406737 8.56621e-17 
vn 0.866025 -0.5 8.12062e-17 
vn 0.951057 -0.309017 8.91795e-17 
vn 0.913545 -0.406737 8.56621e-17 
vn 0.978148 -0.207912 9.17198e-17 
vn 0.951057 -0.309017 8.91795e-17 
vn 0.994522 -0.104528 9.32552e-17 
vn 0.978148 -0.207912 9.17198e-17 
vn 1 0 9.37688e-17 
vn 0.994522 -0.104528 9.32552e-17 
vn 0 -1 0 
vn 1.9603e-17 -0.994522 0.104528 
vn 3.89913e-17 -0.978148 0.207912 
vn 5.79523e-17 -0.951057 0.309017 
vn 7.62784e-17 -0.913545 0.406737 
vn 9.37688e-17 -0.866025 0.5 
vn 1.10232e-16 -0.809017 0.587785 
vn 1.25487e-16 -0.743145 0.669131 
vn 1.39368e-16 -0.669131 0.743145 
vn 1.51721e-16 -0.587785 0.809017 
vn 1.62412e-16 -0.5 0.866025 
vn 1.71324e-16 -0.406737 0.913545 
vn 1.78359e-16 -0.309017 0.951057 
vn 1.8344e-16 -0.207912 0.978148 
vn 1.8651e-16 -0.104528 0.994522 
vn 1.87538e-16 0 1 
vn -0.994522 0 0.104528 
vn -1 0 1.22465e-16 
vn -0.978148 0 0.207912 
vn -0.994522 0 0.104528 
vn -0.951057 0 0.309017 
vn -0.978148 0 0.207912 
vn -0.913545 0 0.406737 
vn -0.951057 0 0.309017 
vn -0.866025 0 0.5 
vn -0.913545 0 0.406737 
vn -0.809017 0 0.587785 
vn -0.866025 0 0.5 
vn -0.743145 0 0.669131 
vn -0.809017 0 0.587785 
vn -0.669131 0 0.743145 
vn -0.743145 0 0.669131 
vn -0.587785 0 0.809017 
vn -0.669131 0 0.743145 
vn -0.5 0 0.866025 
vn -0.587785 0 0.809017 
vn -0.406737 0 0.913545 
vn -0.5 0 0.866025 
vn -0.309017 0 0.951057 
vn -0.406737 0 0.913545 
vn -0.207912 0 0.978148 
vn -0.309017 0 0.951057 
vn -0.104528 0 0.994522 
vn -0.207912 0 0.978148 
vn 6.12323e-17 0 1 
vn -0.104528 0 0.994522 
vn 3.74655e-16 -0.104528 0.994522 
vn -0.0109262 -0.103956 0.994522 
vn -0.0217327 -0.206773 0.978148 
vn -0.0217327 -0.102244 0.994522 
vn -0.0432273 -0.203368 0.978148 
vn -0.0323011 -0.0994125 0.994522 
vn -0.0642482 -0.197736 0.978148 
vn -0.0425156 -0.0954915 0.994522 
vn -0.0845653 -0.189937 0.978148 
vn -0.0522642 -0.0905243 0.994522 
vn -0.103956 -0.180057 0.978148 
vn -0.0614403 -0.0845653 0.994522 
vn -0.122207 -0.168204 0.978148 
vn -0.0699432 -0.0776798 0.994522 
vn -0.13912 -0.154508 0.978148 
vn -0.0776798 -0.0699432 0.994522 
vn -0.154508 -0.13912 0.978148 
vn -0.0845653 -0.0614403 0.994522 
vn -0.168204 -0.122207 0.978148 
vn -0.0905243 -0.0522642 0.994522 
vn -0.180057 -0.103956 0.978148 
vn -0.0954915 -0.0425156 0.994522 
vn -0.189937 -0.0845653 0.978148 
vn -0.0994125 -0.0323011 0.994522 
vn -0.197736 -0.0642482 0.978148 
vn -0.102244 -0.0217327 0.994522 
vn -0.203368 -0.0432273 0.978148 
vn -0.103956 -0.0109262 0.994522 
vn -0.206773 -0.0217327 0.978148 
vn -0.104528 1.59569e-17 0.994522 
vn -0.207912 3.17389e-17 0.978148 
vn 3.9826e-16 -0.207912 0.978148 
vn -0.0323011 -0.307324 0.951057 
vn -0.0642482 -0.302264 0.951057 
vn -0.0954915 -0.293893 0.951057 
vn -0.125689 -0.282301 0.951057 
vn -0.154508 -0.267617 0.951057 
vn -0.181636 -0.25 0.951057 
vn -0.206773 -0.229644 0.951057 
vn -0.229644 -0.206773 0.951057 
vn -0.25 -0.181636 0.951057 
vn -0.267617 -0.154508 0.951057 
vn -0.282301 -0.125689 0.951057 
vn -0.293893 -0.0954915 0.951057 
vn -0.302264 -0.0642482 0.951057 
vn -0.307324 -0.0323011 0.951057 
vn -0.309017 4.71732e-17 0.951057 
vn 4.17501e-16 -0.309017 0.951057 
vn -0.0425156 -0.404508 0.913545 
vn -0.0845653 -0.397848 0.913545 
vn -0.125689 -0.38683 0.913545 
vn -0.165435 -0.371572 0.913545 
vn -0.203368 -0.352244 0.913545 
vn -0.239074 -0.329057 0.913545 
vn -0.27216 -0.302264 0.913545 
vn -0.302264 -0.27216 0.913545 
vn -0.329057 -0.239074 0.913545 
vn -0.352244 -0.203368 0.913545 
vn -0.371572 -0.165435 0.913545 
vn -0.38683 -0.125689 0.913545 
vn -0.397848 -0.0845653 0.913545 
vn -0.404508 -0.0425156 0.913545 
vn -0.406737 6.20907e-17 0.913545 
vn 4.32169e-16 -0.406737 0.913545 
vn -0.0522642 -0.497261 0.866025 
vn -0.103956 -0.489074 0.866025 
vn -0.154508 -0.475528 0.866025 
vn -0.203368 -0.456773 0.866025 
vn -0.25 -0.433013 0.866025 
vn -0.293893 -0.404508 0.866025 
vn -0.334565 -0.371572 0.866025 
vn -0.371572 -0.334565 0.866025 
vn -0.404508 -0.293893 0.866025 
vn -0.433013 -0.25 0.866025 
vn -0.456773 -0.203368 0.866025 
vn -0.475528 -0.154508 0.866025 
vn -0.489074 -0.103956 0.866025 
vn -0.497261 -0.0522642 0.866025 
vn -0.5 7.63278e-17 0.866025 
vn 4.42101e-16 -0.5 0.866025 
vn -0.0614403 -0.584565 0.809017 
vn -0.122207 -0.574941 0.809017 
vn -0.181636 -0.559017 0.809017 
vn -0.239074 -0.536969 0.809017 
vn -0.293893 -0.509037 0.809017 
vn -0.345492 -0.475528 0.809017 
vn -0.393305 -0.43681 0.809017 
vn -0.43681 -0.393305 0.809017 
vn -0.475528 -0.345492 0.809017 
vn -0.509037 -0.293893 0.809017 
vn -0.536969 -0.239074 0.809017 
vn -0.559017 -0.181636 0.809017 
vn -0.574941 -0.122207 0.809017 
vn -0.584565 -0.0614403 0.809017 
vn -0.587785 8.97287e-17 0.809017 
vn 4.4719e-16 -0.587785 0.809017 
vn -0.0699432 -0.665465 0.743145 
vn -0.13912 -0.654508 0.743145 
vn -0.206773 -0.636381 0.743145 
vn -0.27216 -0.611281 0.743145 
vn -0.334565 -0.579484 0.743145 
vn -0.393305 -0.541338 0.743145 
vn -0.447736 -0.497261 0.743145 
vn -0.497261 -0.447736 0.743145 
vn -0.541338 -0.393305 0.743145 
vn -0.579484 -0.334565 0.743145 
vn -0.611281 -0.27216 0.743145 
vn -0.636381 -0.206773 0.743145 
vn -0.654508 -0.13912 0.743145 
vn -0.665465 -0.0699432 0.743145 
vn -0.669131 1.02147e-16 0.743145 
vn 4.47379e-16 -0.669131 0.743145 
vn -0.0776798 -0.739074 0.669131 
vn -0.154508 -0.726905 0.669131 
vn -0.229644 -0.706773 0.669131 
vn -0.302264 -0.678897 0.669131 
vn -0.371572 -0.643582 0.669131 
vn -0.43681 -0.601217 0.669131 
vn -0.497261 -0.552264 0.669131 
vn -0.552264 -0.497261 0.669131 
vn -0.601217 -0.43681 0.669131 
vn -0.643582 -0.371572 0.669131 
vn -0.678897 -0.302264 0.669131 
vn -0.706773 -0.229644 0.669131 
vn -0.726905 -0.154508 0.669131 
vn -0.739074 -0.0776798 0.669131 
vn -0.743145 1.13445e-16 0.669131 
vn 4.42667e-16 -0.743145 0.669131 
vn -0.0845653 -0.804585 0.587785 
vn -0.168204 -0.791338 0.587785 
vn -0.25 -0.769421 0.587785 
vn -0.329057 -0.739074 0.587785 
vn -0.404508 -0.700629 0.587785 
vn -0.475528 -0.654508 0.587785 
vn -0.541338 -0.601217 0.587785 
vn -0.601217 -0.541338 0.587785 
vn -0.654508 -0.475528 0.587785 
vn -0.700629 -0.404508 0.587785 
vn -0.739074 -0.329057 0.587785 
vn -0.769421 -0.25 0.587785 
vn -0.791338 -0.168204 0.587785 
vn -0.804585 -0.0845653 0.587785 
vn -0.809017 -3.1018e-16 0.587785 
vn 4.33105e-16 -0.809017 0.587785 
vn -0.0905243 -0.861281 0.5 
vn -0.180057 -0.847101 0.5 
vn -0.267617 -0.823639 0.5 
vn -0.352244 -0.791154 0.5 
vn -0.433013 -0.75 0.5 
vn -0.509037 -0.700629 0.5 
vn -0.579484 -0.643582 0.5 
vn -0.643582 -0.579484 0.5 
vn -0.700629 -0.509037 0.5 
vn -0.75 -0.433013 0.5 
vn -0.791154 -0.352244 0.5 
vn -0.823639 -0.267617 0.5 
vn -0.847101 -0.180057 0.5 
vn -0.861281 -0.0905243 0.5 
vn -0.866025 -3.01477e-16 0.5 
vn 4.18797e-16 -0.866025 0.5 
vn -0.0954915 -0.908541 0.406737 
vn -0.189937 -0.893582 0.406737 
vn -0.282301 -0.868833 0.406737 
vn -0.371572 -0.834565 0.406737 
vn -0.456773 -0.791154 0.406737 
vn -0.536969 -0.739074 0.406737 
vn -0.611281 -0.678897 0.406737 
vn -0.678897 -0.611281 0.406737 
vn -0.739074 -0.536969 0.406737 
vn -0.791154 -0.456773 0.406737 
vn -0.834565 -0.371572 0.406737 
vn -0.868833 -0.282301 0.406737 
vn -0.893582 -0.189937 0.406737 
vn -0.908541 -0.0954915 0.406737 
vn -0.913545 -2.94223e-16 0.406737 
vn 3.99901e-16 -0.913545 0.406737 
vn -0.0994125 -0.945847 0.309017 
vn -0.197736 -0.930274 0.309017 
vn -0.293893 -0.904508 0.309017 
vn -0.38683 -0.868833 0.309017 
vn -0.475528 -0.823639 0.309017 
vn -0.559017 -0.769421 0.309017 
vn -0.636381 -0.706773 0.309017 
vn -0.706773 -0.636381 0.309017 
vn -0.769421 -0.559017 0.309017 
vn -0.823639 -0.475528 0.309017 
vn -0.868833 -0.38683 0.309017 
vn -0.904508 -0.293893 0.309017 
vn -0.930274 -0.197736 0.309017 
vn -0.945847 -0.0994125 0.309017 
vn -0.951057 -2.88497e-16 0.309017 
vn 3.76624e-16 -0.951057 0.309017 
vn -0.102244 -0.972789 0.207912 
vn -0.203368 -0.956773 0.207912 
vn -0.302264 -0.930274 0.207912 
vn -0.397848 -0.893582 0.207912 
vn -0.489074 -0.847101 0.207912 
vn -0.574941 -0.791338 0.207912 
vn -0.654508 -0.726905 0.207912 
vn -0.726905 -0.654508 0.207912 
vn -0.791338 -0.574941 0.207912 
vn -0.847101 -0.489074 0.207912 
vn -0.893582 -0.397848 0.207912 
vn -0.930274 -0.302264 0.207912 
vn -0.956773 -0.203368 0.207912 
vn -0.972789 -0.102244 0.207912 
vn -0.978148 -2.84361e-16 0.207912 
vn 3.49221e-16 -0.978148 0.207912 
vn -0.103956 -0.989074 0.104528 
vn -0.206773 -0.972789 0.104528 
vn -0.307324 -0.945847 0.104528 
vn -0.404508 -0.908541 0.104528 
vn -0.497261 -0.861281 0.104528 
vn -0.584565 -0.804585 0.104528 
vn -0.665465 -0.739074 0.104528 
vn -0.739074 -0.665465 0.104528 
vn -0.804585 -0.584565 0.104528 
vn -0.861281 -0.497261 0.104528 
vn -0.908541 -0.404508 0.104528 
vn -0.945847 -0.307324 0.104528 
vn -0.972789 -0.206773 0.104528 
vn -0.989074 -0.103956 0.104528 
vn -0.994522 -2.81861e-16 0.104528 
vn 3.17991e-16 -0.994522 0.104528 
vn -0.104528 -0.994522 -3.10679e-16 
vn -0.207912 -0.978148 -2.74811e-16 
vn -0.309017 -0.951057 -2.39733e-16 
vn -0.406737 -0.913545 -2.0583e-16 
vn -0.5 -0.866025 -1.73472e-16 
vn -0.587785 -0.809017 -1.43016e-16 
vn -0.669131 -0.743145 -1.14793e-16 
vn -0.743145 -0.669131 -8.91145e-17 
vn -0.809017 -0.587785 -6.62605e-17 
vn -0.866025 -0.5 -4.64818e-17 
vn -0.913545 -0.406737 -2.99949e-17 
vn -0.951057 -0.309017 -1.69807e-17 
vn -0.978148 -0.207912 -7.58157e-18 
vn -0.994522 -0.104528 -1.9006e-18 
vn -1 -2.81025e-16 -2.46519e-31 
vn 2.83277e-16 -1 -3.46945e-16 
vn 4.33681e-16 0 1 
vn -9.80151e-18 -0.994522 -0.104528 
vn -5.74169e-33 -1 -6.12323e-17 
vn -1.94956e-17 -0.978148 -0.207912 
vn -9.80151e-18 -0.994522 -0.104528 
vn -2.89762e-17 -0.951057 -0.309017 
vn -1.94956e-17 -0.978148 -0.207912 
vn -3.81392e-17 -0.913545 -0.406737 
vn -2.89762e-17 -0.951057 -0.309017 
vn -4.68844e-17 -0.866025 -0.5 
vn -3.81392e-17 -0.913545 -0.406737 
vn -5.51159e-17 -0.809017 -0.587785 
vn -4.68844e-17 -0.866025 -0.5 
vn -6.27436e-17 -0.743145 -0.669131 
vn -5.51159e-17 -0.809017 -0.587785 
vn -6.96838e-17 -0.669131 -0.743145 
vn -6.27436e-17 -0.743145 -0.669131 
vn -7.58606e-17 -0.587785 -0.809017 
vn -6.96838e-17 -0.669131 -0.743145 
vn -8.12062e-17 -0.5 -0.866025 
vn -7.58606e-17 -0.587785 -0.809017 
vn -8.56621e-17 -0.406737 -0.913545 
vn -8.12062e-17 -0.5 -0.866025 
vn -8.91795e-17 -0.309017 -0.951057 
vn -8.56621e-17 -0.406737 -0.913545 
vn -9.17198e-17 -0.207912 -0.978148 
vn -8.91795e-17 -0.309017 -0.951057 
vn -9.32552e-17 -0.104528 -0.994522 
vn -9.17198e-17 -0.207912 -0.978148 
vn -9.37688e-17 0 -1 
vn -9.32552e-17 -0.104528 -0.994522 
vn -0.104528 -0.994522 -9.80151e-18 
vn -6.12323e-17 -1 -5.74169e-33 
vn -0.207912 -0.978148 -1.94956e-17 
vn -0.104528 -0.994522 -9.80151e-18 
vn -0.309017 -0.951057 -2.89762e-17 
vn -0.207912 -0.978148 -1.94956e-17 
vn -0.406737 -0.913545 -3.81392e-17 
vn -0.309017 -0.951057 -2.89762e-17 
vn -0.5 -0.866025 -4.68844e-17 
vn -0.406737 -0.913545 -3.81392e-17 
vn -0.587785 -0.809017 -5.51159e-17 
vn -0.5 -0.866025 -4.68844e-17 
vn -0.669131 -0.743145 -6.27436e-17 
vn -0.587785 -0.809017 -5.51159e-17 
vn -0.743145 -0.669131 -6.96838e-17 
vn -0.669131 -0.743145 -6.27436e-17 
vn -0.809017 -0.587785 -7.58606e-17 
vn -0.743145 -0.669131 -6.96838e-17 
vn -0.866025 -0.5 -8.12062e-17 
vn -0.809017 -0.587785 -7.58606e-17 
vn -0.913545 -0.406737 -8.56621e-17 
vn -0.866025 -0.5 -8.12062e-17 
vn -0.951057 -0.309017 -8.91795e-17 
vn -0.913545 -0.406737 -8.56621e-17 
vn -0.978148 -0.207912 -9.17198e-17 
vn -0.951057 -0.309017 -8.91795e-17 
vn -0.994522 -0.104528 -9.32552e-17 
vn -0.978148 -0.207912 -9.17198e-17 
vn -1 0 -9.37688e-17 
vn -0.994522 -0.104528 -9.32552e-17 
vn -0.994522 0 -0.104528 
vn -1 0 -2.44929e-16 
vn -0.978148 0 -0.207912 
vn -0.994522 0 -0.104528 
vn -0.951057 0 -0.309017 
vn -0.978148 0 -0.207912 
vn -0.913545 0 -0.406737 
vn -0.951057 0 -0.309017 
vn -0.866025 0 -0.5 
vn -0.913545 0 -0.406737 
vn -0.809017 0 -0.587785 
vn -0.866025 0 -0.5 
vn -0.743145 0 -0.669131 
vn -0.809017 0 -0.587785 
vn -0.669131 0 -0.743145 
vn -0.743145 0 -0.669131 
vn -0.587785 0 -0.809017 
vn -0.669131 0 -0.743145 
vn -0.5 0 -0.866025 
vn -0.587785 0 -0.809017 
vn -0.406737 0 -0.913545 
vn -0.5 0 -0.866025 
vn -0.309017 0 -0.951057 
vn -0.406737 0 -0.913545 
vn -0.207912 0 -0.978148 
vn -0.309017 0 -0.951057 
vn -0.104528 0 -0.994522 
vn -0.207912 0 -0.978148 
vn 1.83697e-16 0 -1 
vn -0.104528 0 -0.994522 
vn 1.92016e-17 -0.994522 -0.104528 
vn -0.0109262 -0.994522 -0.103956 
vn -0.0217327 -0.978148 -0.206773 
vn -0.0217327 -0.994522 -0.102244 
vn -0.0432273 -0.978148 -0.203368 
vn -0.0323011 -0.994522 -0.0994125 
vn -0.0642482 -0.978148 -0.197736 
vn -0.0425156 -0.994522 -0.0954915 
vn -0.0845653 -0.978148 -0.189937 
vn -0.0522642 -0.994522 -0.0905243 
vn -0.103956 -0.978148 -0.180057 
vn -0.0614403 -0.994522 -0.0845653 
vn -0.122207 -0.978148 -0.168204 
vn -0.0699432 -0.994522 -0.0776798 
vn -0.13912 -0.978148 -0.154508 
vn -0.0776798 -0.994522 -0.0699432 
vn -0.154508 -0.978148 -0.13912 
vn -0.0845653 -0.994522 -0.0614403 
vn -0.168204 -0.978148 -0.122207 
vn -0.0905243 -0.994522 -0.0522642 
vn -0.180057 -0.978148 -0.103956 
vn -0.0954915 -0.994522 -0.0425156 
vn -0.189937 -0.978148 -0.0845653 
vn -0.0994125 -0.994522 -0.0323011 
vn -0.197736 -0.978148 -0.0642482 
vn -0.102244 -0.994522 -0.0217327 
vn -0.203368 -0.978148 -0.0432273 
vn -0.103956 -0.994522 -0.0109262 
vn -0.206773 -0.978148 -0.0217327 
vn -0.104528 -0.994522 -1.45062e-17 
vn -0.207912 -0.978148 -2.88535e-17 
vn 3.81928e-17 -0.978148 -0.207912 
vn -0.0323011 -0.951057 -0.307324 
vn -0.0642482 -0.951057 -0.302264 
vn -0.0954915 -0.951057 -0.293893 
vn -0.125689 -0.951057 -0.282301 
vn -0.154508 -0.951057 -0.267617 
vn -0.181636 -0.951057 -0.25 
vn -0.206773 -0.951057 -0.229644 
vn -0.229644 -0.951057 -0.206773 
vn -0.25 -0.951057 -0.181636 
vn -0.267617 -0.951057 -0.154508 
vn -0.282301 -0.951057 -0.125689 
vn -0.293893 -0.951057 -0.0954915 
vn -0.302264 -0.951057 -0.0642482 
vn -0.307324 -0.951057 -0.0323011 
vn -0.309017 -0.951057 -4.28847e-17 
vn 5.67655e-17 -0.951057 -0.309017 
vn -0.0425156 -0.913545 -0.404508 
vn -0.0845653 -0.913545 -0.397848 
vn -0.125689 -0.913545 -0.38683 
vn -0.165435 -0.913545 -0.371572 
vn -0.203368 -0.913545 -0.352244 
vn -0.239074 -0.913545 -0.329057 
vn -0.27216 -0.913545 -0.302264 
vn -0.302264 -0.913545 -0.27216 
vn -0.329057 -0.913545 -0.239074 
vn -0.352244 -0.913545 -0.203368 
vn -0.371572 -0.913545 -0.165435 
vn -0.38683 -0.913545 -0.125689 
vn -0.397848 -0.913545 -0.0845653 
vn -0.404508 -0.913545 -0.0425156 
vn -0.406737 -0.913545 -5.6446e-17 
vn 7.47163e-17 -0.913545 -0.406737 
vn -0.0522642 -0.866025 -0.497261 
vn -0.103956 -0.866025 -0.489074 
vn -0.154508 -0.866025 -0.475528 
vn -0.203368 -0.866025 -0.456773 
vn -0.25 -0.866025 -0.433013 
vn -0.293893 -0.866025 -0.404508 
vn -0.334565 -0.866025 -0.371572 
vn -0.371572 -0.866025 -0.334565 
vn -0.404508 -0.866025 -0.293893 
vn -0.433013 -0.866025 -0.25 
vn -0.456773 -0.866025 -0.203368 
vn -0.475528 -0.866025 -0.154508 
vn -0.489074 -0.866025 -0.103956 
vn -0.497261 -0.866025 -0.0522642 
vn -0.5 -0.866025 -6.93889e-17 
vn 9.18485e-17 -0.866025 -0.5 
vn -0.0614403 -0.809017 -0.584565 
vn -0.122207 -0.809017 -0.574941 
vn -0.181636 -0.809017 -0.559017 
vn -0.239074 -0.809017 -0.536969 
vn -0.293893 -0.809017 -0.509037 
vn -0.345492 -0.809017 -0.475528 
vn -0.393305 -0.809017 -0.43681 
vn -0.43681 -0.809017 -0.393305 
vn -0.475528 -0.809017 -0.345492 
vn -0.509037 -0.809017 -0.293893 
vn -0.536969 -0.809017 -0.239074 
vn -0.559017 -0.809017 -0.181636 
vn -0.574941 -0.809017 -0.122207 
vn -0.584565 -0.809017 -0.0614403 
vn -0.587785 -0.809017 -8.15716e-17 
vn 1.07974e-16 -0.809017 -0.587785 
vn -0.0699432 -0.743145 -0.665465 
vn -0.13912 -0.743145 -0.654508 
vn -0.206773 -0.743145 -0.636381 
vn -0.27216 -0.743145 -0.611281 
vn -0.334565 -0.743145 -0.579484 
vn -0.393305 -0.743145 -0.541338 
vn -0.447736 -0.743145 -0.497261 
vn -0.497261 -0.743145 -0.447736 
vn -0.541338 -0.743145 -0.393305 
vn -0.579484 -0.743145 -0.334565 
vn -0.611281 -0.743145 -0.27216 
vn -0.636381 -0.743145 -0.206773 
vn -0.654508 -0.743145 -0.13912 
vn -0.665465 -0.743145 -0.0699432 
vn -0.669131 -0.743145 -9.28605e-17 
vn 1.22917e-16 -0.743145 -0.669131 
vn -0.0776798 -0.669131 -0.739074 
vn -0.154508 -0.669131 -0.726905 
vn -0.229644 -0.669131 -0.706773 
vn -0.302264 -0.669131 -0.678897 
vn -0.371572 -0.669131 -0.643582 
vn -0.43681 -0.669131 -0.601217 
vn -0.497261 -0.669131 -0.552264 
vn -0.552264 -0.669131 -0.497261 
vn -0.601217 -0.669131 -0.43681 
vn -0.643582 -0.669131 -0.371572 
vn -0.678897 -0.669131 -0.302264 
vn -0.706773 -0.669131 -0.229644 
vn -0.726905 -0.669131 -0.154508 
vn -0.739074 -0.669131 -0.0776798 
vn -0.743145 -0.669131 -1.03132e-16 
vn 1.36513e-16 -0.669131 -0.743145 
vn -0.0845653 -0.587785 -0.804585 
vn -0.168204 -0.587785 -0.791338 
vn -0.25 -0.587785 -0.769421 
vn -0.329057 -0.587785 -0.739074 
vn -0.404508 -0.587785 -0.700629 
vn -0.475528 -0.587785 -0.654508 
vn -0.541338 -0.587785 -0.601217 
vn -0.601217 -0.587785 -0.541338 
vn -0.654508 -0.587785 -0.475528 
vn -0.700629 -0.587785 -0.404508 
vn -0.739074 -0.587785 -0.329057 
vn -0.769421 -0.587785 -0.25 
vn -0.791338 -0.587785 -0.168204 
vn -0.804585 -0.587785 -0.0845653 
vn -0.809017 -0.587785 -1.12274e-16 
vn 1.48614e-16 -0.587785 -0.809017 
vn -0.0905243 -0.5 -0.861281 
vn -0.180057 -0.5 -0.847101 
vn -0.267617 -0.5 -0.823639 
vn -0.352244 -0.5 -0.791154 
vn -0.433013 -0.5 -0.75 
vn -0.509037 -0.5 -0.700629 
vn -0.579484 -0.5 -0.643582 
vn -0.643582 -0.5 -0.579484 
vn -0.700629 -0.5 -0.509037 
vn -0.75 -0.5 -0.433013 
vn -0.791154 -0.5 -0.352244 
vn -0.823639 -0.5 -0.267617 
vn -0.847101 -0.5 -0.180057 
vn -0.861281 -0.5 -0.0905243 
vn -0.866025 -0.5 -1.20185e-16 
vn 1.59086e-16 -0.5 -0.866025 
vn -0.0954915 -0.406737 -0.908541 
vn -0.189937 -0.406737 -0.893582 
vn -0.282301 -0.406737 -0.868833 
vn -0.371572 -0.406737 -0.834565 
vn -0.456773 -0.406737 -0.791154 
vn -0.536969 -0.406737 -0.739074 
vn -0.611281 -0.406737 -0.678897 
vn -0.678897 -0.406737 -0.611281 
vn -0.739074 -0.406737 -0.536969 
vn -0.791154 -0.406737 -0.456773 
vn -0.834565 -0.406737 -0.371572 
vn -0.868833 -0.406737 -0.282301 
vn -0.893582 -0.406737 -0.189937 
vn -0.908541 -0.406737 -0.0954915 
vn -0.913545 -0.406737 -1.2678e-16 
vn 1.67816e-16 -0.406737 -0.913545 
vn -0.0994125 -0.309017 -0.945847 
vn -0.197736 -0.309017 -0.930274 
vn -0.293893 -0.309017 -0.904508 
vn -0.38683 -0.309017 -0.868833 
vn -0.475528 -0.309017 -0.823639 
vn -0.559017 -0.309017 -0.769421 
vn -0.636381 -0.309017 -0.706773 
vn -0.706773 -0.309017 -0.636381 
vn -0.769421 -0.309017 -0.559017 
vn -0.823639 -0.309017 -0.475528 
vn -0.868833 -0.309017 -0.38683 
vn -0.904508 -0.309017 -0.293893 
vn -0.930274 -0.309017 -0.197736 
vn -0.945847 -0.309017 -0.0994125 
vn -0.951057 -0.309017 -1.31986e-16 
vn 1.74706e-16 -0.309017 -0.951057 
vn -0.102244 -0.207912 -0.972789 
vn -0.203368 -0.207912 -0.956773 
vn -0.302264 -0.207912 -0.930274 
vn -0.397848 -0.207912 -0.893582 
vn -0.489074 -0.207912 -0.847101 
vn -0.574941 -0.207912 -0.791338 
vn -0.654508 -0.207912 -0.726905 
vn -0.726905 -0.207912 -0.654508 
vn -0.791338 -0.207912 -0.574941 
vn -0.847101 -0.207912 -0.489074 
vn -0.893582 -0.207912 -0.397848 
vn -0.930274 -0.207912 -0.302264 
vn -0.956773 -0.207912 -0.203368 
vn -0.972789 -0.207912 -0.102244 
vn -0.978148 -0.207912 -1.35745e-16 
vn 1.79683e-16 -0.207912 -0.978148 
vn -0.103956 -0.104528 -0.989074 
vn -0.206773 -0.104528 -0.972789 
vn -0.307324 -0.104528 -0.945847 
vn -0.404508 -0.104528 -0.908541 
vn -0.497261 -0.104528 -0.861281 
vn -0.584565 -0.104528 -0.804585 
vn -0.665465 -0.104528 -0.739074 
vn -0.739074 -0.104528 -0.665465 
vn -0.804585 -0.104528 -0.584565 
vn -0.861281 -0.104528 -0.497261 
vn -0.908541 -0.104528 -0.404508 
vn -0.945847 -0.104528 -0.307324 
vn -0.972789 -0.104528 -0.206773 
vn -0.989074 -0.104528 -0.103956 
vn -0.994522 -0.104528 -1.38018e-16 
vn 1.82691e-16 -0.104528 -0.994522 
vn -0.104528 0 -0.994522 
vn -0.207912 0 -0.978148 
vn -0.309017 0 -0.951057 
vn -0.406737 0 -0.913545 
vn -0.5 0 -0.866025 
vn -0.587785 0 -0.809017 
vn -0.669131 0 -0.743145 
vn -0.743145 0 -0.669131 
vn -0.809017 0 -0.587785 
vn -0.866025 0 -0.5 
vn -0.913545 0 -0.406737 
vn -0.951057 0 -0.309017 
vn -0.978148 0 -0.207912 
vn -0.994522 0 -0.104528 
vn -1 0 -1.38778e-16 
vn 1.83697e-16 0 -1 
vn 0 -1 0 
usemtl 0.917647_0.917647_0.917647_0.000000_0.000000
o mesh0
f 1//1 2//2 3//3 
f 46//4 3//3 4//5 
f 47//6 4//5 5//7 
f 48//8 5//7 6//9 
f 49//10 6//9 7//11 
f 50//12 7//11 8//13 
f 51//14 8//13 9//15 
f 52//16 9//15 10//17 
f 53//18 10//17 11//19 
f 54//20 11//19 12//21 
f 55//22 12//21 13//23 
f 56//24 13//23 14//25 
f 57//26 14//25 15//27 
f 58//28 15//27 16//29 
f 59//30 16//29 17//31 
f 18//32 1//1 46//4 
f 60//33 46//4 47//6 
f 61//34 47//6 48//8 
f 62//35 48//8 49//10 
f 63//36 49//10 50//12 
f 64//37 50//12 51//14 
f 65//38 51//14 52//16 
f 66//39 52//16 53//18 
f 67//40 53//18 54//20 
f 68//41 54//20 55//22 
f 69//42 55//22 56//24 
f 70//43 56//24 57//26 
f 71//44 57//26 58//28 
f 72//45 58//28 59//30 
f 73//46 59//30 19//47 
f 20//48 18//32 60//33 
f 74//49 60//33 61//34 
f 75//50 61//34 62//35 
f 76//51 62//35 63//36 
f 77//52 63//36 64//37 
f 78//53 64//37 65//38 
f 79//54 65//38 66//39 
f 80//55 66//39 67//40 
f 81//56 67//40 68//41 
f 82//57 68//41 69//42 
f 83//58 69//42 70//43 
f 84//59 70//43 71//44 
f 85//60 71//44 72//45 
f 86//61 72//45 73//46 
f 87//62 73//46 21//63 
f 22//64 20//48 74//49 
f 88//65 74//49 75//50 
f 89//66 75//50 76//51 
f 90//67 76//51 77//52 
f 91//68 77//52 78//53 
f 92//69 78//53 79//54 
f 93//70 79//54 80//55 
f 94//71 80//55 81//56 
f 95//72 81//56 82//57 
f 96//73 82//57 83//58 
f 97//74 83//58 84//59 
f 98//75 84//59 85//60 
f 99//76 85//60 86//61 
f 100//77 86//61 87//62 
f 101//78 87//62 23//79 
f 24//80 22//64 88//65 
f 102//81 88//65 89//66 
f 103//82 89//66 90//67 
f 104//83 90//67 91//68 
f 105//84 91//68 92//69 
f 106//85 92//69 93//70 
f 107//86 93//70 94//71 
f 108//87 94//71 95//72 
f 109//88 95//72 96//73 
f 110//89 96//73 97//74 
f 111//90 97//74 98//75 
f 112//91 98//75 99//76 
f 113//92 99//76 100//77 
f 114//93 100//77 101//78 
f 115//94 101//78 25//95 
f 26//96 24//80 102//81 
f 116//97 102//81 103//82 
f 117//98 103//82 104//83 
f 118//99 104//83 105//84 
f 119//100 105//84 106//85 
f 120//101 106//85 107//86 
f 121//102 107//86 108//87 
f 122//103 108//87 109//88 
f 123//104 109//88 110//89 
f 124//105 110//89 111//90 
f 125//106 111//90 112//91 
f 126//107 112//91 113//92 
f 127//108 113//92 114//93 
f 128//109 114//93 115//94 
f 129//110 115//94 27//111 
f 28//112 26//96 116//97 
f 130//113 116//97 117//98 
f 131//114 117//98 118//99 
f 132//115 118//99 119//100 
f 133//116 119//100 120//101 
f 134//117 120//101 121//102 
f 135//118 121//102 122//103 
f 136//119 122//103 123//104 
f 137//120 123//104 124//105 
f 138//121 124//105 125//106 
f 139//122 125//106 126//107 
f 140//123 126//107 127//108 
f 141//124 127//108 128//109 
f 142//125 128//109 129//110 
f 143//126 129//110 29//127 
f 30//128 28//112 130//113 
f 144//129 130//113 131//114 
f 145//130 131//114 132//115 
f 146//131 132//115 133//116 
f 147//132 133//116 134//117 
f 148//133 134//117 135//118 
f 149//134 135//118 136//119 
f 150//135 136//119 137//120 
f 151//136 137//120 138//121 
f 152//137 138//121 139//122 
f 153//138 139//122 140//123 
f 154//139 140//123 141//124 
f 155//140 141//124 142//125 
f 156//141 142//125 143//126 
f 157//142 143//126 31//143 
f 32//144 30//128 144//129 
f 158//145 144//129 145//130 
f 159//146 145//130 146//131 
f 160//147 146//131 147//132 
f 161//148 147//132 148//133 
f 162//149 148//133 149//134 
f 163//150 149//134 150//135 
f 164//151 150//135 151//136 
f 165//152 151//136 152//137 
f 166//153 152//137 153//138 
f 167//154 153//138 154//139 
f 168//155 154//139 155//140 
f 169//156 155//140 156//141 
f 170//157 156//141 157//142 
f 171//158 157//142 33//159 
f 34//160 32//144 158//145 
f 172//161 158//145 159//146 
f 173//162 159//146 160//147 
f 174//163 160//147 161//148 
f 175//164 161//148 162//149 
f 176//165 162//149 163//150 
f 177//166 163//150 164//151 
f 178//167 164//151 165//152 
f 179//168 165//152 166//153 
f 180//169 166//153 167//154 
f 181//170 167//154 168//155 
f 182//171 168//155 169//156 
f 183//172 169//156 170//157 
f 184//173 170//157 171//158 
f 185//174 171//158 35//175 
f 36//176 34//160 172//161 
f 186//177 172//161 173//162 
f 187//178 173//162 174//163 
f 188//179 174//163 175//164 
f 189//180 175//164 176//165 
f 190//181 176//165 177//166 
f 191//182 177//166 178//167 
f 192//183 178//167 179//168 
f 193//184 179//168 180//169 
f 194//185 180//169 181//170 
f 195//186 181//170 182//171 
f 196//187 182//171 183//172 
f 197//188 183//172 184//173 
f 198//189 184//173 185//174 
f 199//190 185//174 37//191 
f 38//192 36//176 186//177 
f 200//193 186//177 187//178 
f 201//194 187//178 188//179 
f 202//195 188//179 189//180 
f 203//196 189//180 190//181 
f 204//197 190//181 191//182 
f 205//198 191//182 192//183 
f 206//199 192//183 193//184 
f 207//200 193//184 194//185 
f 208//201 194//185 195//186 
f 209//202 195//186 196//187 
f 210//203 196//187 197//188 
f 211//204 197//188 198//189 
f 212//205 198//189 199//190 
f 213//206 199//190 39//207 
f 40//208 38//192 200//193 
f 214//209 200//193 201//194 
f 215//210 201//194 202//195 
f 216//211 202//195 203//196 
f 217//212 203//196 204//197 
f 218//213 204//197 205//198 
f 219//214 205//198 206//199 
f 220//215 206//199 207//200 
f 221//216 207//200 208//201 
f 222//217 208//201 209//202 
f 223//218 209//202 210//203 
f 224//219 210//203 211//204 
f 225//220 211//204 212//205 
f 226//221 212//205 213//206 
f 227//222 213//206 41//223 
f 42//224 40//208 214//209 
f 228//225 214//209 215//210 
f 229//226 215//210 216//211 
f 230//227 216//211 217//212 
f 231//228 217//212 218//213 
f 232//229 218//213 219//214 
f 233//230 219//214 220//215 
f 234//231 220//215 221//216 
f 235//232 221//216 222//217 
f 236//233 222//217 223//218 
f 237//234 223//218 224//219 
f 238//235 224//219 225//220 
f 239//236 225//220 226//221 
f 240//237 226//221 227//222 
f 241//238 227//222 43//239 
f 44//240 241//238 45//241 
f 44//240 240//237 241//238 
f 44//240 239//236 240//237 
f 44//240 238//235 239//236 
f 44//240 237//234 238//235 
f 44//240 236//233 237//234 
f 44//240 235//232 236//233 
f 44//240 234//231 235//232 
f 44//240 233//230 234//231 
f 44//240 232//229 233//230 
f 44//240 231//228 232//229 
f 44//240 230//227 231//228 
f 44//240 229//226 230//227 
f 44//240 228//225 229//226 
f 44//240 42//224 228//225 
f 43//239 45//241 241//238 
f 227//222 241//238 240//237 
f 226//221 240//237 239//236 
f 225//220 239//236 238//235 
f 224//219 238//235 237//234 
f 223//218 237//234 236//233 
f 222//217 236//233 235//232 
f 221//216 235//232 234//231 
f 220//215 234//231 233//230 
f 219//214 233//230 232//229 
f 218//213 232//229 231//228 
f 217//212 231//228 230//227 
f 216//211 230//227 229//226 
f 215//210 229//226 228//225 
f 214//209 228//225 42//224 
f 41//223 43//239 227//222 
f 213//206 227//222 226//221 
f 212//205 226//221 225//220 
f 211//204 225//220 224//219 
f 210//203 224//219 223//218 
f 209//202 223//218 222//217 
f 208//201 222//217 221//216 
f 207//200 221//216 220//215 
f 206//199 220//215 219//214 
f 205//198 219//214 218//213 
f 204//197 218//213 217//212 
f 203//196 217//212 216//211 
f 202//195 216//211 215//210 
f 201//194 215//210 214//209 
f 200//193 214//209 40//208 
f 39//207 41//223 213//206 
f 199//190 213//206 212//205 
f 198//189 212//205 211//204 
f 197//188 211//204 210//203 
f 196//187 210//203 209//202 
f 195//186 209//202 208//201 
f 194//185 208//201 207//200 
f 193//184 207//200 206//199 
f 192//183 206//199 205//198 
f 191//182 205//198 204//197 
f 190//181 204//197 203//196 
f 189//180 203//196 202//195 
f 188//179 202//195 201//194 
f 187//178 201//194 200//193 
f 186//177 200//193 38//192 
f 37//191 39//207 199//190 
f 185//174 199//190 198//189 
f 184//173 198//189 197//188 
f 183//172 197//188 196//187 
f 182//171 196//187 195//186 
f 181//170 195//186 194//185 
f 180//169 194//185 193//184 
f 179//168 193//184 192//183 
f 178//167 192//183 191//182 
f 177//166 191//182 190//181 
f 176//165 190//181 189//180 
f 175//164 189//180 188//179 
f 174//163 188//179 187//178 
f 173//162 187//178 186//177 
f 172//161 186//177 36//176 
f 35//175 37//191 185//174 
f 171//158 185//174 184//173 
f 170//157 184//173 183//172 
f 169//156 183//172 182//171 
f 168//155 182//171 181//170 
f 167//154 181//170 180//169 
f 166//153 180//169 179//168 
f 165//152 179//168 178//167 
f 164//151 178//167 177//166 
f 163//150 177//166 176//165 
f 162//149 176//165 175//164 
f 161//148 175//164 174//163 
f 160//147 174//163 173//162 
f 159//146 173//162 172//161 
f 158//145 172//161 34//160 
f 33//159 35//175 171//158 
f 157//142 171//158 170//157 
f 156//141 170//157 169//156 
f 155//140 169//156 168//155 
f 154//139 168//155 167//154 
f 153//138 167//154 166//153 
f 152//137 166//153 165//152 
f 151//136 165//152 164//151 
f 150//135 164//151 163//150 
f 149//134 163//150 162//149 
f 148//133 162//149 161//148 
f 147//132 161//148 160//147 
f 146//131 160//147 159//146 
f 145//130 159//146 158//145 
f 144//129 158//145 32//144 
f 31//143 33//159 157//142 
f 143//126 157//142 156//141 
f 142//125 156//141 155//140 
f 141//124 155//140 154//139 
f 140//123 154//139 153//138 
f 139//122 153//138 152//137 
f 138//121 152//137 151//136 
f 137//120 151//136 150//135 
f 136//119 150//135 149//134 
f 135//118 149//134 148//133 
f 134//117 148//133 147//132 
f 133//116 147//132 146//131 
f 132//115 146//131 145//130 
f 131//114 145//130 144//129 
f 130//113 144//129 30//128 
f 29//127 31//143 143//126 
f 129//110 143//126 142//125 
f 128//109 142//125 141//124 
f 127//108 141//124 140//123 
f 126//107 140//123 139//122 
f 125//106 139//122 138//121 
f 124//105 138//121 137//120 
f 123//104 137//120 136//119 
f 122//103 136//119 135//118 
f 121//102 135//118 134//117 
f 120//101 134//117 133//116 
f 119//100 133//116 132//115 
f 118//99 132//115 131//114 
f 117//98 131//114 130//113 
f 116//97 130//113 28//112 
f 27//111 29//127 129//110 
f 115//94 129//110 128//109 
f 114//93 128//109 127//108 
f 113//92 127//108 126//107 
f 112//91 126//107 125//106 
f 111//90 125//106 124//105 
f 110//89 124//105 123//104 
f 109//88 123//104 122//103 
f 108//87 122//103 121//102 
f 107//86 121//102 120//101 
f 106//85 120//101 119//100 
f 105//84 119//100 118//99 
f 104//83 118//99 117//98 
f 103//82 117//98 116//97 
f 102//81 116//97 26//96 
f 25//95 27//111 115//94 
f 101//78 115//94 114//93 
f 100//77 114//93 113//92 
f 99//76 113//92 112//91 
f 98//75 112//91 111//90 
f 97//74 111//90 110//89 
f 96//73 110//89 109//88 
f 95//72 109//88 108//87 
f 94//71 108//87 107//86 
f 93//70 107//86 106//85 
f 92//69 106//85 105//84 
f 91//68 105//84 104//83 
f 90//67 104//83 103//82 
f 89//66 103//82 102//81 
f 88//65 102//81 24//80 
f 23//79 25//95 101//78 
f 87//62 101//78 100//77 
f 86//61 100//77 99//76 
f 85//60 99//76 98//75 
f 84//59 98//75 97//74 
f 83//58 97//74 96//73 
f 82//57 96//73 95//72 
f 81//56 95//72 94//71 
f 80//55 94//71 93//70 
f 79//54 93//70 92//69 
f 78//53 92//69 91//68 
f 77//52 91//68 90//67 
f 76//51 90//67 89//66 
f 75//50 89//66 88//65 
f 74//49 88//65 22//64 
f 21//63 23//79 87//62 
f 73//46 87//62 86//61 
f 72//45 86//61 85//60 
f 71//44 85//60 84//59 
f 70//43 84//59 83//58 
f 69//42 83//58 82//57 
f 68//41 82//57 81//56 
f 67//40 81//56 80//55 
f 66//39 80//55 79//54 
f 65//38 79//54 78//53 
f 64//37 78//53 77//52 
f 63//36 77//52 76//51 
f 62//35 76//51 75//50 
f 61//34 75//50 74//49 
f 60//33 74//49 20//48 
f 19//47 21//63 73//46 
f 59//30 73//46 72//45 
f 58//28 72//45 71//44 
f 57//26 71//44 70//43 
f 56//24 70//43 69//42 
f 55//22 69//42 68//41 
f 54//20 68//41 67//40 
f 53//18 67//40 66//39 
f 52//16 66//39 65//38 
f 51//14 65//38 64//37 
f 50//12 64//37 63//36 
f 49//10 63//36 62//35 
f 48//8 62//35 61//34 
f 47//6 61//34 60//33 
f 46//4 60//33 18//32 
f 17//31 19//47 59//30 
f 16//29 59//30 58//28 
f 15//27 58//28 57//26 
f 14//25 57//26 56//24 
f 13//23 56//24 55//22 
f 12//21 55//22 54//20 
f 11//19 54//20 53//18 
f 10//17 53//18 52//16 
f 9//15 52//16 51//14 
f 8//13 51//14 50//12 
f 7//11 50//12 49//10 
f 6//9 49//10 48//8 
f 5//7 48//8 47//6 
f 4//5 47//6 46//4 
f 3//3 46//4 1//1 
o mesh1
f 17//242 242//242 243//243 
f 19//243 243//243 244//244 
f 21//244 244//244 245//245 
f 23//245 245//245 246//246 
f 25//246 246//246 247//247 
f 27//247 247//247 248//248 
f 29//248 248//248 249//249 
f 31//249 249//249 250//250 
f 33//250 250//250 251//251 
f 35//251 251//251 252//252 
f 37//252 252//252 253//253 
f 39//253 253//253 254//254 
f 41//254 254//254 255//255 
f 43//255 255//255 256//256 
f 45//256 256//256 257//257 
f 257//257 44//257 45//256 
f 256//256 45//256 43//255 
f 255//255 43//255 41//254 
f 254//254 41//254 39//253 
f 253//253 39//253 37//252 
f 252//252 37//252 35//251 
f 251//251 35//251 33//250 
f 250//250 33//250 31//249 
f 249//249 31//249 29//248 
f 248//248 29//248 27//247 
f 247//247 27//247 25//246 
f 246//246 25//246 23//245 
f 245//245 23//245 21//244 
f 244//244 21//244 19//243 
f 243//243 19//243 17//242 
o mesh2
f 242//258 17//258 258//258 
f 258//258 259//258 242//258 
o mesh3
f 260//257 261//257 44//257 
f 44//257 257//257 260//257 
o mesh4
f 262//259 263//259 264//260 
f 265//260 264//260 266//261 
f 267//261 266//261 268//262 
f 269//262 268//262 270//263 
f 271//263 270//263 272//264 
f 273//264 272//264 274//265 
f 275//265 274//265 276//266 
f 277//266 276//266 278//267 
f 279//267 278//267 280//268 
f 281//268 280//268 282//269 
f 283//269 282//269 284//270 
f 285//270 284//270 286//271 
f 287//271 286//271 288//272 
f 289//272 288//272 290//273 
f 291//273 290//273 261//274 
f 261//274 260//274 291//273 
f 290//273 291//273 289//272 
f 288//272 289//272 287//271 
f 286//271 287//271 285//270 
f 284//270 285//270 283//269 
f 282//269 283//269 281//268 
f 280//268 281//268 279//267 
f 278//267 279//267 277//266 
f 276//266 277//266 275//265 
f 274//265 275//265 273//264 
f 272//264 273//264 271//263 
f 270//263 271//263 269//262 
f 268//262 269//262 267//261 
f 266//261 267//261 265//260 
f 264//260 265//260 262//259 
o mesh5
f 44//274 261//274 292//275 
f 42//275 292//275 293//276 
f 40//276 293//276 294//277 
f 38//277 294//277 295//278 
f 36//278 295//278 296//279 
f 34//279 296//279 297//280 
f 32//280 297//280 298//281 
f 30//281 298//281 299//282 
f 28//282 299//282 300//283 
f 26//283 300//283 301//284 
f 24//284 301//284 302//285 
f 22//285 302//285 303//286 
f 20//286 303//286 304//287 
f 18//287 304//287 305//288 
f 1//288 305//288 306//289 
f 306//289 2//289 1//288 
f 305//288 1//288 18//287 
f 304//287 18//287 20//286 
f 303//286 20//286 22//285 
f 302//285 22//285 24//284 
f 301//284 24//284 26//283 
f 300//283 26//283 28//282 
f 299//282 28//282 30//281 
f 298//281 30//281 32//280 
f 297//280 32//280 34//279 
f 296//279 34//279 36//278 
f 295//278 36//278 38//277 
f 294//277 38//277 40//276 
f 293//276 40//276 42//275 
f 292//275 42//275 44//274 
o mesh6
f 258//290 17//290 16//291 
f 307//291 16//291 15//292 
f 308//292 15//292 14//293 
f 309//293 14//293 13//294 
f 310//294 13//294 12//295 
f 311//295 12//295 11//296 
f 312//296 11//296 10//297 
f 313//297 10//297 9//298 
f 314//298 9//298 8//299 
f 315//299 8//299 7//300 
f 316//300 7//300 6//301 
f 317//301 6//301 5//302 
f 318//302 5//302 4//303 
f 319//303 4//303 3//304 
f 320//304 3//304 2//305 
f 2//305 321//305 320//304 
f 3//304 320//304 319//303 
f 4//303 319//303 318//302 
f 5//302 318//302 317//301 
f 6//301 317//301 316//300 
f 7//300 316//300 315//299 
f 8//299 315//299 314//298 
f 9//298 314//298 313//297 
f 10//297 313//297 312//296 
f 11//296 312//296 311//295 
f 12//295 311//295 310//294 
f 13//294 310//294 309//293 
f 14//293 309//293 308//292 
f 15//292 308//292 307//291 
f 16//291 307//291 258//290 
o mesh7
f 259//306 258//306 322//307 
f 323//307 322//307 324//308 
f 325//308 324//308 326//309 
f 327//309 326//309 328//310 
f 329//310 328//310 330//311 
f 331//311 330//311 332//312 
f 333//312 332//312 334//313 
f 335//313 334//313 336//314 
f 337//314 336//314 338//315 
f 339//315 338//315 340//316 
f 341//316 340//316 342//317 
f 343//317 342//317 344//318 
f 345//318 344//318 346//319 
f 347//319 346//319 348//320 
f 349//320 348//320 350//321 
f 350//321 351//321 349//320 
f 348//320 349//320 347//319 
f 346//319 347//319 345//318 
f 344//318 345//318 343//317 
f 342//317 343//317 341//316 
f 340//316 341//316 339//315 
f 338//315 339//315 337//314 
f 336//314 337//314 335//313 
f 334//313 335//313 333//312 
f 332//312 333//312 331//311 
f 330//311 331//311 329//310 
f 328//310 329//310 327//309 
f 326//309 327//309 325//308 
f 324//308 325//308 323//307 
f 322//307 323//307 259//306 
o mesh8
f 264//322 263//323 352//324 
f 366//325 352//324 353//326 
f 367//327 353//326 354//328 
f 368//329 354//328 355//330 
f 369//331 355//330 356//332 
f 370//333 356//332 357//334 
f 371//335 357//334 358//336 
f 372//337 358//336 359//338 
f 373//339 359//338 360//340 
f 374//341 360//340 361//342 
f 375//343 361//342 362//344 
f 376//345 362//344 363//346 
f 377//347 363//346 364//348 
f 378//349 364//348 365//350 
f 379//351 365//350 306//352 
f 266//353 264//322 366//325 
f 380//354 366//325 367//327 
f 381//355 367//327 368//329 
f 382//356 368//329 369//331 
f 383//357 369//331 370//333 
f 384//358 370//333 371//335 
f 385//359 371//335 372//337 
f 386//360 372//337 373//339 
f 387//361 373//339 374//341 
f 388//362 374//341 375//343 
f 389//363 375//343 376//345 
f 390//364 376//345 377//347 
f 391//365 377//347 378//349 
f 392//366 378//349 379//351 
f 393//367 379//351 305//368 
f 268//369 266//353 380//354 
f 394//370 380//354 381//355 
f 395//371 381//355 382//356 
f 396//372 382//356 383//357 
f 397//373 383//357 384//358 
f 398//374 384//358 385//359 
f 399//375 385//359 386//360 
f 400//376 386//360 387//361 
f 401//377 387//361 388//362 
f 402//378 388//362 389//363 
f 403//379 389//363 390//364 
f 404//380 390//364 391//365 
f 405//381 391//365 392//366 
f 406//382 392//366 393//367 
f 407//383 393//367 304//384 
f 270//385 268//369 394//370 
f 408//386 394//370 395//371 
f 409//387 395//371 396//372 
f 410//388 396//372 397//373 
f 411//389 397//373 398//374 
f 412//390 398//374 399//375 
f 413//391 399//375 400//376 
f 414//392 400//376 401//377 
f 415//393 401//377 402//378 
f 416//394 402//378 403//379 
f 417//395 403//379 404//380 
f 418//396 404//380 405//381 
f 419//397 405//381 406//382 
f 420//398 406//382 407//383 
f 421//399 407//383 303//400 
f 272//401 270//385 408//386 
f 422//402 408//386 409//387 
f 423//403 409//387 410//388 
f 424//404 410//388 411//389 
f 425//405 411//389 412//390 
f 426//406 412//390 413//391 
f 427//407 413//391 414//392 
f 428//408 414//392 415//393 
f 429//409 415//393 416//394 
f 430//410 416//394 417//395 
f 431//411 417//395 418//396 
f 432//412 418//396 419//397 
f 433//413 419//397 420//398 
f 434//414 420//398 421//399 
f 435//415 421//399 302//416 
f 274//417 272//401 422//402 
f 436//418 422//402 423//403 
f 437//419 423//403 424//404 
f 438//420 424//404 425//405 
f 439//421 425//405 426//406 
f 440//422 426//406 427//407 
f 441//423 427//407 428//408 
f 442//424 428//408 429//409 
f 443//425 429//409 430//410 
f 444//426 430//410 431//411 
f 445//427 431//411 432//412 
f 446//428 432//412 433//413 
f 447//429 433//413 434//414 
f 448//430 434//414 435//415 
f 449//431 435//415 301//432 
f 276//433 274//417 436//418 
f 450//434 436//418 437//419 
f 451//435 437//419 438//420 
f 452//436 438//420 439//421 
f 453//437 439//421 440//422 
f 454//438 440//422 441//423 
f 455//439 441//423 442//424 
f 456//440 442//424 443//425 
f 457//441 443//425 444//426 
f 458//442 444//426 445//427 
f 459//443 445//427 446//428 
f 460//444 446//428 447//429 
f 461//445 447//429 448//430 
f 462//446 448//430 449//431 
f 463//447 449//431 300//448 
f 278//449 276//433 450//434 
f 464//450 450//434 451//435 
f 465//451 451//435 452//436 
f 466//452 452//436 453//437 
f 467//453 453//437 454//438 
f 468//454 454//438 455//439 
f 469//455 455//439 456//440 
f 470//456 456//440 457//441 
f 471//457 457//441 458//442 
f 472//458 458//442 459//443 
f 473//459 459//443 460//444 
f 474//460 460//444 461//445 
f 475//461 461//445 462//446 
f 476//462 462//446 463//447 
f 477//463 463//447 299//464 
f 280//465 278//449 464//450 
f 478//466 464//450 465//451 
f 479//467 465//451 466//452 
f 480//468 466//452 467//453 
f 481//469 467//453 468//454 
f 482//470 468//454 469//455 
f 483//471 469//455 470//456 
f 484//472 470//456 471//457 
f 485//473 471//457 472//458 
f 486//474 472//458 473//459 
f 487//475 473//459 474//460 
f 488//476 474//460 475//461 
f 489//477 475//461 476//462 
f 490//478 476//462 477//463 
f 491//479 477//463 298//480 
f 282//481 280//465 478//466 
f 492//482 478//466 479//467 
f 493//483 479//467 480//468 
f 494//484 480//468 481//469 
f 495//485 481//469 482//470 
f 496//486 482//470 483//471 
f 497//487 483//471 484//472 
f 498//488 484//472 485//473 
f 499//489 485//473 486//474 
f 500//490 486//474 487//475 
f 501//491 487//475 488//476 
f 502//492 488//476 489//477 
f 503//493 489//477 490//478 
f 504//494 490//478 491//479 
f 505//495 491//479 297//496 
f 284//497 282//481 492//482 
f 506//498 492//482 493//483 
f 507//499 493//483 494//484 
f 508//500 494//484 495//485 
f 509//501 495//485 496//486 
f 510//502 496//486 497//487 
f 511//503 497//487 498//488 
f 512//504 498//488 499//489 
f 513//505 499//489 500//490 
f 514//506 500//490 501//491 
f 515//507 501//491 502//492 
f 516//508 502//492 503//493 
f 517//509 503//493 504//494 
f 518//510 504//494 505//495 
f 519//511 505//495 296//512 
f 286//513 284//497 506//498 
f 520//514 506//498 507//499 
f 521//515 507//499 508//500 
f 522//516 508//500 509//501 
f 523//517 509//501 510//502 
f 524//518 510//502 511//503 
f 525//519 511//503 512//504 
f 526//520 512//504 513//505 
f 527//521 513//505 514//506 
f 528//522 514//506 515//507 
f 529//523 515//507 516//508 
f 530//524 516//508 517//509 
f 531//525 517//509 518//510 
f 532//526 518//510 519//511 
f 533//527 519//511 295//528 
f 288//529 286//513 520//514 
f 534//530 520//514 521//515 
f 535//531 521//515 522//516 
f 536//532 522//516 523//517 
f 537//533 523//517 524//518 
f 538//534 524//518 525//519 
f 539//535 525//519 526//520 
f 540//536 526//520 527//521 
f 541//537 527//521 528//522 
f 542//538 528//522 529//523 
f 543//539 529//523 530//524 
f 544//540 530//524 531//525 
f 545//541 531//525 532//526 
f 546//542 532//526 533//527 
f 547//543 533//527 294//544 
f 290//545 288//529 534//530 
f 548//546 534//530 535//531 
f 549//547 535//531 536//532 
f 550//548 536//532 537//533 
f 551//549 537//533 538//534 
f 552//550 538//534 539//535 
f 553//551 539//535 540//536 
f 554//552 540//536 541//537 
f 555//553 541//537 542//538 
f 556//554 542//538 543//539 
f 557//555 543//539 544//540 
f 558//556 544//540 545//541 
f 559//557 545//541 546//542 
f 560//558 546//542 547//543 
f 561//559 547//543 293//560 
f 261//561 561//559 292//562 
f 261//561 560//558 561//559 
f 261//561 559//557 560//558 
f 261//561 558//556 559//557 
f 261//561 557//555 558//556 
f 261//561 556//554 557//555 
f 261//561 555//553 556//554 
f 261//561 554//552 555//553 
f 261//561 553//551 554//552 
f 261//561 552//550 553//551 
f 261//561 551//549 552//550 
f 261//561 550//548 551//549 
f 261//561 549//547 550//548 
f 261//561 548//546 549//547 
f 261//561 290//545 548//546 
f 293//560 292//562 561//559 
f 547//543 561//559 560//558 
f 546//542 560//558 559//557 
f 545//541 559//557 558//556 
f 544//540 558//556 557//555 
f 543//539 557//555 556//554 
f 542//538 556//554 555//553 
f 541//537 555//553 554//552 
f 540//536 554//552 553//551 
f 539//535 553//551 552//550 
f 538//534 552//550 551//549 
f 537//533 551//549 550//548 
f 536//532 550//548 549//547 
f 535//531 549//547 548//546 
f 534//530 548//546 290//545 
f 294//544 293//560 547//543 
f 533//527 547//543 546//542 
f 532//526 546//542 545//541 
f 531//525 545//541 544//540 
f 530//524 544//540 543//539 
f 529//523 543//539 542//538 
f 528//522 542//538 541//537 
f 527//521 541//537 540//536 
f 526//520 540//536 539//535 
f 525//519 539//535 538//534 
f 524//518 538//534 537//533 
f 523//517 537//533 536//532 
f 522//516 536//532 535//531 
f 521//515 535//531 534//530 
f 520//514 534//530 288//529 
f 295//528 294//544 533//527 
f 519//511 533//527 532//526 
f 518//510 532//526 531//525 
f 517//509 531//525 530//524 
f 516//508 530//524 529//523 
f 515//507 529//523 528//522 
f 514//506 528//522 527//521 
f 513//505 527//521 526//520 
f 512//504 526//520 525//519 
f 511//503 525//519 524//518 
f 510//502 524//518 523//517 
f 509//501 523//517 522//516 
f 508//500 522//516 521//515 
f 507//499 521//515 520//514 
f 506//498 520//514 286//513 
f 296//512 295//528 519//511 
f 505//495 519//511 518//510 
f 504//494 518//510 517//509 
f 503//493 517//509 516//508 
f 502//492 516//508 515//507 
f 501//491 515//507 514//506 
f 500//490 514//506 513//505 
f 499//489 513//505 512//504 
f 498//488 512//504 511//503 
f 497//487 511//503 510//502 
f 496//486 510//502 509//501 
f 495//485 509//501 508//500 
f 494//484 508//500 507//499 
f 493//483 507//499 506//498 
f 492//482 506//498 284//497 
f 297//496 296//512 505//495 
f 491//479 505//495 504//494 
f 490//478 504//494 503//493 
f 489//477 503//493 502//492 
f 488//476 502//492 501//491 
f 487//475 501//491 500//490 
f 486//474 500//490 499//489 
f 485//473 499//489 498//488 
f 484//472 498//488 497//487 
f 483//471 497//487 496//486 
f 482//470 496//486 495//485 
f 481//469 495//485 494//484 
f 480//468 494//484 493//483 
f 479//467 493//483 492//482 
f 478//466 492//482 282//481 
f 298//480 297//496 491//479 
f 477//463 491//479 490//478 
f 476//462 490//478 489//477 
f 475//461 489//477 488//476 
f 474//460 488//476 487//475 
f 473//459 487//475 486//474 
f 472//458 486//474 485//473 
f 471//457 485//473 484//472 
f 470//456 484//472 483//471 
f 469//455 483//471 482//470 
f 468//454 482//470 481//469 
f 467//453 481//469 480//468 
f 466//452 480//468 479//467 
f 465//451 479//467 478//466 
f 464//450 478//466 280//465 
f 299//464 298//480 477//463 
f 463//447 477//463 476//462 
f 462//446 476//462 475//461 
f 461//445 475//461 474//460 
f 460//444 474//460 473//459 
f 459//443 473//459 472//458 
f 458//442 472//458 471//457 
f 457//441 471//457 470//456 
f 456//440 470//456 469//455 
f 455//439 469//455 468//454 
f 454//438 468//454 467//453 
f 453//437 467//453 466//452 
f 452//436 466//452 465//451 
f 451//435 465//451 464//450 
f 450//434 464//450 278//449 
f 300//448 299//464 463//447 
f 449//431 463//447 462//446 
f 448//430 462//446 461//445 
f 447//429 461//445 460//444 
f 446//428 460//444 459//443 
f 445//427 459//443 458//442 
f 444//426 458//442 457//441 
f 443//425 457//441 456//440 
f 442//424 456//440 455//439 
f 441//423 455//439 454//438 
f 440//422 454//438 453//437 
f 439//421 453//437 452//436 
f 438//420 452//436 451//435 
f 437//419 451//435 450//434 
f 436//418 450//434 276//433 
f 301//432 300//448 449//431 
f 435//415 449//431 448//430 
f 434//414 448//430 447//429 
f 433//413 447//429 446//428 
f 432//412 446//428 445//427 
f 431//411 445//427 444//426 
f 430//410 444//426 443//425 
f 429//409 443//425 442//424 
f 428//408 442//424 441//423 
f 427//407 441//423 440//422 
f 426//406 440//422 439//421 
f 425//405 439//421 438//420 
f 424//404 438//420 437//419 
f 423//403 437//419 436//418 
f 422//402 436//418 274//417 
f 302//416 301//432 435//415 
f 421//399 435//415 434//414 
f 420//398 434//414 433//413 
f 419//397 433//413 432//412 
f 418//396 432//412 431//411 
f 417//395 431//411 430//410 
f 416//394 430//410 429//409 
f 415//393 429//409 428//408 
f 414//392 428//408 427//407 
f 413//391 427//407 426//406 
f 412//390 426//406 425//405 
f 411//389 425//405 424//404 
f 410//388 424//404 423//403 
f 409//387 423//403 422//402 
f 408//386 422//402 272//401 
f 303//400 302//416 421//399 
f 407//383 421//399 420//398 
f 406//382 420//398 419//397 
f 405//381 419//397 418//396 
f 404//380 418//396 417//395 
f 403//379 417//395 416//394 
f 402//378 416//394 415//393 
f 401//377 415//393 414//392 
f 400//376 414//392 413//391 
f 399//375 413//391 412//390 
f 398//374 412//390 411//389 
f 397//373 411//389 410//388 
f 396//372 410//388 409//387 
f 395//371 409//387 408//386 
f 394//370 408//386 270//385 
f 304//384 303//400 407//383 
f 393//367 407//383 406//382 
f 392//366 406//382 405//381 
f 391//365 405//381 404//380 
f 390//364 404//380 403//379 
f 389//363 403//379 402//378 
f 388//362 402//378 401//377 
f 387//361 401//377 400//376 
f 386//360 400//376 399//375 
f 385//359 399//375 398//374 
f 384//358 398//374 397//373 
f 383//357 397//373 396//372 
f 382//356 396//372 395//371 
f 381//355 395//371 394//370 
f 380//354 394//370 268//369 
f 305//368 304//384 393//367 
f 379//351 393//367 392//366 
f 378//349 392//366 391//365 
f 377//347 391//365 390//364 
f 376//345 390//364 389//363 
f 375//343 389//363 388//362 
f 374//341 388//362 387//361 
f 373//339 387//361 386//360 
f 372//337 386//360 385//359 
f 371//335 385//359 384//358 
f 370//333 384//358 383//357 
f 369//331 383//357 382//356 
f 368//329 382//356 381//355 
f 367//327 381//355 380//354 
f 366//325 380//354 266//353 
f 306//352 305//368 379//351 
f 365//350 379//351 378//349 
f 364//348 378//349 377//347 
f 363//346 377//347 376//345 
f 362//344 376//345 375//343 
f 361//342 375//343 374//341 
f 360//340 374//341 373//339 
f 359//338 373//339 372//337 
f 358//336 372//337 371//335 
f 357//334 371//335 370//333 
f 356//332 370//333 369//331 
f 355//330 369//331 368//329 
f 354//328 368//329 367//327 
f 353//326 367//327 366//325 
f 352//324 366//325 264//322 
o mesh9
f 263//563 262//563 562//563 
f 562//563 563//563 263//563 
o mesh10
f 351//564 350//564 564//564 
f 564//564 565//564 351//564 
o mesh11
f 566//565 321//565 2//565 
f 2//565 306//565 566//565 
o mesh12
f 320//566 321//565 567//567 
f 581//568 567//567 568//569 
f 582//570 568//569 569//571 
f 583//572 569//571 570//573 
f 584//574 570//573 571//575 
f 585//576 571//575 572//577 
f 586//578 572//577 573//579 
f 587//580 573//579 574//581 
f 588//582 574//581 575//583 
f 589//584 575//583 576//585 
f 590//586 576//585 577//587 
f 591//588 577//587 578//589 
f 592//590 578//589 579//591 
f 593//592 579//591 580//593 
f 594//594 580//593 350//595 
f 319//596 320//566 581//568 
f 595//597 581//568 582//570 
f 596//598 582//570 583//572 
f 597//599 583//572 584//574 
f 598//600 584//574 585//576 
f 599//601 585//576 586//578 
f 600//602 586//578 587//580 
f 601//603 587//580 588//582 
f 602//604 588//582 589//584 
f 603//605 589//584 590//586 
f 604//606 590//586 591//588 
f 605//607 591//588 592//590 
f 606//608 592//590 593//592 
f 607//609 593//592 594//594 
f 608//610 594//594 348//611 
f 318//612 319//596 595//597 
f 609//613 595//597 596//598 
f 610//614 596//598 597//599 
f 611//615 597//599 598//600 
f 612//616 598//600 599//601 
f 613//617 599//601 600//602 
f 614//618 600//602 601//603 
f 615//619 601//603 602//604 
f 616//620 602//604 603//605 
f 617//621 603//605 604//606 
f 618//622 604//606 605//607 
f 619//623 605//607 606//608 
f 620//624 606//608 607//609 
f 621//625 607//609 608//610 
f 622//626 608//610 346//627 
f 317//628 318//612 609//613 
f 623//629 609//613 610//614 
f 624//630 610//614 611//615 
f 625//631 611//615 612//616 
f 626//632 612//616 613//617 
f 627//633 613//617 614//618 
f 628//634 614//618 615//619 
f 629//635 615//619 616//620 
f 630//636 616//620 617//621 
f 631//637 617//621 618//622 
f 632//638 618//622 619//623 
f 633//639 619//623 620//624 
f 634//640 620//624 621//625 
f 635//641 621//625 622//626 
f 636//642 622//626 344//643 
f 316//644 317//628 623//629 
f 637//645 623//629 624//630 
f 638//646 624//630 625//631 
f 639//647 625//631 626//632 
f 640//648 626//632 627//633 
f 641//649 627//633 628//634 
f 642//650 628//634 629//635 
f 643//651 629//635 630//636 
f 644//652 630//636 631//637 
f 645//653 631//637 632//638 
f 646//654 632//638 633//639 
f 647//655 633//639 634//640 
f 648//656 634//640 635//641 
f 649//657 635//641 636//642 
f 650//658 636//642 342//659 
f 315//660 316//644 637//645 
f 651//661 637//645 638//646 
f 652//662 638//646 639//647 
f 653//663 639//647 640//648 
f 654//664 640//648 641//649 
f 655//665 641//649 642//650 
f 656//666 642//650 643//651 
f 657//667 643//651 644//652 
f 658//668 644//652 645//653 
f 659//669 645//653 646//654 
f 660//670 646//654 647//655 
f 661//671 647//655 648//656 
f 662//672 648//656 649//657 
f 663//673 649//657 650//658 
f 664//674 650//658 340//675 
f 314//676 315//660 651//661 
f 665//677 651//661 652//662 
f 666//678 652//662 653//663 
f 667//679 653//663 654//664 
f 668//680 654//664 655//665 
f 669//681 655//665 656//666 
f 670//682 656//666 657//667 
f 671//683 657//667 658//668 
f 672//684 658//668 659//669 
f 673//685 659//669 660//670 
f 674//686 660//670 661//671 
f 675//687 661//671 662//672 
f 676//688 662//672 663//673 
f 677//689 663//673 664//674 
f 678//690 664//674 338//691 
f 313//692 314//676 665//677 
f 679//693 665//677 666//678 
f 680//694 666//678 667//679 
f 681//695 667//679 668//680 
f 682//696 668//680 669//681 
f 683//697 669//681 670//682 
f 684//698 670//682 671//683 
f 685//699 671//683 672//684 
f 686//700 672//684 673//685 
f 687//701 673//685 674//686 
f 688//702 674//686 675//687 
f 689//703 675//687 676//688 
f 690//704 676//688 677//689 
f 691//705 677//689 678//690 
f 692//706 678//690 336//707 
f 312//708 313//692 679//693 
f 693//709 679//693 680//694 
f 694//710 680//694 681//695 
f 695//711 681//695 682//696 
f 696//712 682//696 683//697 
f 697//713 683//697 684//698 
f 698//714 684//698 685//699 
f 699//715 685//699 686//700 
f 700//716 686//700 687//701 
f 701//717 687//701 688//702 
f 702//718 688//702 689//703 
f 703//719 689//703 690//704 
f 704//720 690//704 691//705 
f 705//721 691//705 692//706 
f 706//722 692//706 334//723 
f 311//724 312//708 693//709 
f 707//725 693//709 694//710 
f 708//726 694//710 695//711 
f 709//727 695//711 696//712 
f 710//728 696//712 697//713 
f 711//729 697//713 698//714 
f 712//730 698//714 699//715 
f 713//731 699//715 700//716 
f 714//732 700//716 701//717 
f 715//733 701//717 702//718 
f 716//734 702//718 703//719 
f 717//735 703//719 704//720 
f 718//736 704//720 705//721 
f 719//737 705//721 706//722 
f 720//738 706//722 332//739 
f 310//740 311//724 707//725 
f 721//741 707//725 708//726 
f 722//742 708//726 709//727 
f 723//743 709//727 710//728 
f 724//744 710//728 711//729 
f 725//745 711//729 712//730 
f 726//746 712//730 713//731 
f 727//747 713//731 714//732 
f 728//748 714//732 715//733 
f 729//749 715//733 716//734 
f 730//750 716//734 717//735 
f 731//751 717//735 718//736 
f 732//752 718//736 719//737 
f 733//753 719//737 720//738 
f 734//754 720//738 330//755 
f 309//756 310//740 721//741 
f 735//757 721//741 722//742 
f 736//758 722//742 723//743 
f 737//759 723//743 724//744 
f 738//760 724//744 725//745 
f 739//761 725//745 726//746 
f 740//762 726//746 727//747 
f 741//763 727//747 728//748 
f 742//764 728//748 729//749 
f 743//765 729//749 730//750 
f 744//766 730//750 731//751 
f 745//767 731//751 732//752 
f 746//768 732//752 733//753 
f 747//769 733//753 734//754 
f 748//770 734//754 328//771 
f 308//772 309//756 735//757 
f 749//773 735//757 736//758 
f 750//774 736//758 737//759 
f 751//775 737//759 738//760 
f 752//776 738//760 739//761 
f 753//777 739//761 740//762 
f 754//778 740//762 741//763 
f 755//779 741//763 742//764 
f 756//780 742//764 743//765 
f 757//781 743//765 744//766 
f 758//782 744//766 745//767 
f 759//783 745//767 746//768 
f 760//784 746//768 747//769 
f 761//785 747//769 748//770 
f 762//786 748//770 326//787 
f 307//788 308//772 749//773 
f 763//789 749//773 750//774 
f 764//790 750//774 751//775 
f 765//791 751//775 752//776 
f 766//792 752//776 753//777 
f 767//793 753//777 754//778 
f 768//794 754//778 755//779 
f 769//795 755//779 756//780 
f 770//796 756//780 757//781 
f 771//797 757//781 758//782 
f 772//798 758//782 759//783 
f 773//799 759//783 760//784 
f 774//800 760//784 761//785 
f 775//801 761//785 762//786 
f 776//802 762//786 324//803 
f 258//804 776//802 322//805 
f 258//804 775//801 776//802 
f 258//804 774//800 775//801 
f 258//804 773//799 774//800 
f 258//804 772//798 773//799 
f 258//804 771//797 772//798 
f 258//804 770//796 771//797 
f 258//804 769//795 770//796 
f 258//804 768//794 769//795 
f 258//804 767//793 768//794 
f 258//804 766//792 767//793 
f 258//804 765//791 766//792 
f 258//804 764//790 765//791 
f 258//804 763//789 764//790 
f 258//804 307//788 763//789 
f 324//803 322//805 776//802 
f 762//786 776//802 775//801 
f 761//785 775//801 774//800 
f 760//784 774//800 773//799 
f 759//783 773//799 772//798 
f 758//782 772//798 771//797 
f 757//781 771//797 770//796 
f 756//780 770//796 769//795 
f 755//779 769//795 768//794 
f 754//778 768//794 767//793 
f 753//777 767//793 766//792 
f 752//776 766//792 765//791 
f 751//775 765//791 764//790 
f 750//774 764//790 763//789 
f 749//773 763//789 307//788 
f 326//787 324//803 762//786 
f 748//770 762//786 761//785 
f 747//769 761//785 760//784 
f 746//768 760//784 759//783 
f 745//767 759//783 758//782 
f 744//766 758//782 757//781 
f 743//765 757//781 756//780 
f 742//764 756//780 755//779 
f 741//763 755//779 754//778 
f 740//762 754//778 753//777 
f 739//761 753//777 752//776 
f 738//760 752//776 751//775 
f 737//759 751//775 750//774 
f 736//758 750//774 749//773 
f 735//757 749//773 308//772 
f 328//771 326//787 748//770 
f 734//754 748//770 747//769 
f 733//753 747//769 746//768 
f 732//752 746//768 745//767 
f 731//751 745//767 744//766 
f 730//750 744//766 743//765 
f 729//749 743//765 742//764 
f 728//748 742//764 741//763 
f 727//747 741//763 740//762 
f 726//746 740//762 739//761 
f 725//745 739//761 738//760 
f 724//744 738//760 737//759 
f 723//743 737//759 736//758 
f 722//742 736//758 735//757 
f 721//741 735//757 309//756 
f 330//755 328//771 734//754 
f 720//738 734//754 733//753 
f 719//737 733//753 732//752 
f 718//736 732//752 731//751 
f 717//735 731//751 730//750 
f 716//734 730//750 729//749 
f 715//733 729//749 728//748 
f 714//732 728//748 727//747 
f 713//731 727//747 726//746 
f 712//730 726//746 725//745 
f 711//729 725//745 724//744 
f 710//728 724//744 723//743 
f 709//727 723//743 722//742 
f 708//726 722//742 721//741 
f 707//725 721//741 310//740 
f 332//739 330//755 720//738 
f 706//722 720//738 719//737 
f 705//721 719//737 718//736 
f 704//720 718//736 717//735 
f 703//719 717//735 716//734 
f 702//718 716//734 715//733 
f 701//717 715//733 714//732 
f 700//716 714//732 713//731 
f 699//715 713//731 712//730 
f 698//714 712//730 711//729 
f 697//713 711//729 710//728 
f 696//712 710//728 709//727 
f 695//711 709//727 708//726 
f 694//710 708//726 707//725 
f 693//709 707//725 311//724 
f 334//723 332//739 706//722 
f 692//706 706//722 705//721 
f 691//705 705//721 704//720 
f 690//704 704//720 703//719 
f 689//703 703//719 702//718 
f 688//702 702//718 701//717 
f 687//701 701//717 700//716 
f 686//700 700//716 699//715 
f 685//699 699//715 698//714 
f 684//698 698//714 697//713 
f 683//697 697//713 696//712 
f 682//696 696//712 695//711 
f 681//695 695//711 694//710 
f 680//694 694//710 693//709 
f 679//693 693//709 312//708 
f 336//707 334//723 692//706 
f 678//690 692//706 691//705 
f 677//689 691//705 690//704 
f 676//688 690//704 689//703 
f 675//687 689//703 688//702 
f 674//686 688//702 687//701 
f 673//685 687//701 686//700 
f 672//684 686//700 685//699 
f 671//683 685//699 684//698 
f 670//682 684//698 683//697 
f 669//681 683//697 682//696 
f 668//680 682//696 681//695 
f 667//679 681//695 680//694 
f 666//678 680//694 679//693 
f 665//677 679//693 313//692 
f 338//691 336//707 678//690 
f 664//674 678//690 677//689 
f 663//673 677//689 676//688 
f 662//672 676//688 675//687 
f 661//671 675//687 674//686 
f 660//670 674//686 673//685 
f 659//669 673//685 672//684 
f 658//668 672//684 671//683 
f 657//667 671//683 670//682 
f 656//666 670//682 669//681 
f 655//665 669//681 668//680 
f 654//664 668//680 667//679 
f 653//663 667//679 666//678 
f 652//662 666//678 665//677 
f 651//661 665//677 314//676 
f 340//675 338//691 664//674 
f 650//658 664//674 663//673 
f 649//657 663//673 662//672 
f 648//656 662//672 661//671 
f 647//655 661//671 660//670 
f 646//654 660//670 659//669 
f 645//653 659//669 658//668 
f 644//652 658//668 657//667 
f 643//651 657//667 656//666 
f 642//650 656//666 655//665 
f 641//649 655//665 654//664 
f 640//648 654//664 653//663 
f 639//647 653//663 652//662 
f 638//646 652//662 651//661 
f 637//645 651//661 315//660 
f 342//659 340//675 650//658 
f 636//642 650//658 649//657 
f 635//641 649//657 648//656 
f 634//640 648//656 647//655 
f 633//639 647//655 646//654 
f 632//638 646//654 645//653 
f 631//637 645//653 644//652 
f 630//636 644//652 643//651 
f 629//635 643//651 642//650 
f 628//634 642//650 641//649 
f 627//633 641//649 640//648 
f 626//632 640//648 639//647 
f 625//631 639//647 638//646 
f 624//630 638//646 637//645 
f 623//629 637//645 316//644 
f 344//643 342//659 636//642 
f 622//626 636//642 635//641 
f 621//625 635//641 634//640 
f 620//624 634//640 633//639 
f 619//623 633//639 632//638 
f 618//622 632//638 631//637 
f 617//621 631//637 630//636 
f 616//620 630//636 629//635 
f 615//619 629//635 628//634 
f 614//618 628//634 627//633 
f 613//617 627//633 626//632 
f 612//616 626//632 625//631 
f 611//615 625//631 624//630 
f 610//614 624//630 623//629 
f 609//613 623//629 317//628 
f 346//627 344//643 622//626 
f 608//610 622//626 621//625 
f 607//609 621//625 620//624 
f 606//608 620//624 619//623 
f 605//607 619//623 618//622 
f 604//606 618//622 617//621 
f 603//605 617//621 616//620 
f 602//604 616//620 615//619 
f 601//603 615//619 614//618 
f 600//602 614//618 613//617 
f 599//601 613//617 612//616 
f 598//600 612//616 611//615 
f 597//599 611//615 610//614 
f 596//598 610//614 609//613 
f 595//597 609//613 318//612 
f 348//611 346//627 608//610 
f 594//594 608//610 607//609 
f 593//592 607//609 606//608 
f 592//590 606//608 605//607 
f 591//588 605//607 604//606 
f 590//586 604//606 603//605 
f 589//584 603//605 602//604 
f 588//582 602//604 601//603 
f 587//580 601//603 600//602 
f 586//578 600//602 599//601 
f 585//576 599//601 598//600 
f 584//574 598//600 597//599 
f 583//572 597//599 596//598 
f 582//570 596//598 595//597 
f 581//568 595//597 319//596 
f 350//595 348//611 594//594 
f 580//593 594//594 593//592 
f 579//591 593//592 592//590 
f 578//589 592//590 591//588 
f 577//587 591//588 590//586 
f 576//585 590//586 589//584 
f 575//583 589//584 588//582 
f 574//581 588//582 587//580 
f 573//579 587//580 586//578 
f 572//577 586//578 585//576 
f 571//575 585//576 584//574 
f 570//573 584//574 583//572 
f 569//571 583//572 582//570 
f 568//569 582//570 581//568 
f 567//567 581//568 320//566 
o mesh13
f 263//806 563//806 777//807 
f 352//807 777//807 778//808 
f 353//808 778//808 779//809 
f 354//809 779//809 780//810 
f 355//810 780//810 781//811 
f 356//811 781//811 782//812 
f 357//812 782//812 783//813 
f 358//813 783//813 784//814 
f 359//814 784//814 785//815 
f 360//815 785//815 786//816 
f 361//816 786//816 787//817 
f 362//817 787//817 788//818 
f 363//818 788//818 789//819 
f 364//819 789//819 790//820 
f 365//820 790//820 566//821 
f 566//821 306//821 365//820 
f 790//820 365//820 364//819 
f 789//819 364//819 363//818 
f 788//818 363//818 362//817 
f 787//817 362//817 361//816 
f 786//816 361//816 360//815 
f 785//815 360//815 359//814 
f 784//814 359//814 358//813 
f 783//813 358//813 357//812 
f 782//812 357//812 356//811 
f 781//811 356//811 355//810 
f 780//810 355//810 354//809 
f 779//809 354//809 353//808 
f 778//808 353//808 352//807 
f 777//807 352//807 263//806 
o mesh14
f 564//822 350//822 580//823 
f 791//823 580//823 579//824 
f 792//824 579//824 578//825 
f 793//825 578//825 577//826 
f 794//826 577//826 576//827 
f 795//827 576//827 575//828 
f 796//828 575//828 574//829 
f 797//829 574//829 573//830 
f 798//830 573//830 572//831 
f 799//831 572//831 571//832 
f 800//832 571//832 570//833 
f 801//833 570//833 569//834 
f 802//834 569//834 568//835 
f 803//835 568//835 567//836 
f 804//836 567//836 321//837 
f 321//837 566//837 804//836 
f 567//836 804//836 803//835 
f 568//835 803//835 802//834 
f 569//834 802//834 801//833 
f 570//833 801//833 800//832 
f 571//832 800//832 799//831 
f 572//831 799//831 798//830 
f 573//830 798//830 797//829 
f 574//829 797//829 796//828 
f 575//828 796//828 795//827 
f 576//827 795//827 794//826 
f 577//826 794//826 793//825 
f 578//825 793//825 792//824 
f 579//824 792//824 791//823 
f 580//823 791//823 564//822 
o mesh15
f 563//838 562//838 805//839 
f 806//839 805//839 807//840 
f 808//840 807//840 809//841 
f 810//841 809//841 811//842 
f 812//842 811//842 813//843 
f 814//843 813//843 815//844 
f 816//844 815//844 817//845 
f 818//845 817//845 819//846 
f 820//846 819//846 821//847 
f 822//847 821//847 823//848 
f 824//848 823//848 825//849 
f 826//849 825//849 827//850 
f 828//850 827//850 829//851 
f 830//851 829//851 831//852 
f 832//852 831//852 565//853 
f 565//853 564//853 832//852 
f 831//852 832//852 830//851 
f 829//851 830//851 828//850 
f 827//850 828//850 826//849 
f 825//849 826//849 824//848 
f 823//848 824//848 822//847 
f 821//847 822//847 820//846 
f 819//846 820//846 818//845 
f 817//845 818//845 816//844 
f 815//844 816//844 814//843 
f 813//843 814//843 812//842 
f 811//842 812//842 810//841 
f 809//841 810//841 808//840 
f 807//840 808//840 806//839 
f 805//839 806//839 563//838 
o mesh16
f 777//854 563//855 806//856 
f 833//857 806//856 808//858 
f 834//859 808//858 810//860 
f 835//861 810//860 812//862 
f 836//863 812//862 814//864 
f 837//865 814//864 816//866 
f 838//867 816//866 818//868 
f 839//869 818//868 820//870 
f 840//871 820//870 822//872 
f 841//873 822//872 824//874 
f 842//875 824//874 826//876 
f 843//877 826//876 828//878 
f 844//879 828//878 830//880 
f 845//881 830//880 832//882 
f 846//883 832//882 564//884 
f 778//885 777//854 833//857 
f 847//886 833//857 834//859 
f 848//887 834//859 835//861 
f 849//888 835//861 836//863 
f 850//889 836//863 837//865 
f 851//890 837//865 838//867 
f 852//891 838//867 839//869 
f 853//892 839//869 840//871 
f 854//893 840//871 841//873 
f 855//894 841//873 842//875 
f 856//895 842//875 843//877 
f 857//896 843//877 844//879 
f 858//897 844//879 845//881 
f 859//898 845//881 846//883 
f 860//899 846//883 791//900 
f 779//901 778//885 847//886 
f 861//902 847//886 848//887 
f 862//903 848//887 849//888 
f 863//904 849//888 850//889 
f 864//905 850//889 851//890 
f 865//906 851//890 852//891 
f 866//907 852//891 853//892 
f 867//908 853//892 854//893 
f 868//909 854//893 855//894 
f 869//910 855//894 856//895 
f 870//911 856//895 857//896 
f 871//912 857//896 858//897 
f 872//913 858//897 859//898 
f 873//914 859//898 860//899 
f 874//915 860//899 792//916 
f 780//917 779//901 861//902 
f 875//918 861//902 862//903 
f 876//919 862//903 863//904 
f 877//920 863//904 864//905 
f 878//921 864//905 865//906 
f 879//922 865//906 866//907 
f 880//923 866//907 867//908 
f 881//924 867//908 868//909 
f 882//925 868//909 869//910 
f 883//926 869//910 870//911 
f 884//927 870//911 871//912 
f 885//928 871//912 872//913 
f 886//929 872//913 873//914 
f 887//930 873//914 874//915 
f 888//931 874//915 793//932 
f 781//933 780//917 875//918 
f 889//934 875//918 876//919 
f 890//935 876//919 877//920 
f 891//936 877//920 878//921 
f 892//937 878//921 879//922 
f 893//938 879//922 880//923 
f 894//939 880//923 881//924 
f 895//940 881//924 882//925 
f 896//941 882//925 883//926 
f 897//942 883//926 884//927 
f 898//943 884//927 885//928 
f 899//944 885//928 886//929 
f 900//945 886//929 887//930 
f 901//946 887//930 888//931 
f 902//947 888//931 794//948 
f 782//949 781//933 889//934 
f 903//950 889//934 890//935 
f 904//951 890//935 891//936 
f 905//952 891//936 892//937 
f 906//953 892//937 893//938 
f 907//954 893//938 894//939 
f 908//955 894//939 895//940 
f 909//956 895//940 896//941 
f 910//957 896//941 897//942 
f 911//958 897//942 898//943 
f 912//959 898//943 899//944 
f 913//960 899//944 900//945 
f 914//961 900//945 901//946 
f 915//962 901//946 902//947 
f 916//963 902//947 795//964 
f 783//965 782//949 903//950 
f 917//966 903//950 904//951 
f 918//967 904//951 905//952 
f 919//968 905//952 906//953 
f 920//969 906//953 907//954 
f 921//970 907//954 908//955 
f 922//971 908//955 909//956 
f 923//972 909//956 910//957 
f 924//973 910//957 911//958 
f 925//974 911//958 912//959 
f 926//975 912//959 913//960 
f 927//976 913//960 914//961 
f 928//977 914//961 915//962 
f 929//978 915//962 916//963 
f 930//979 916//963 796//980 
f 784//981 783//965 917//966 
f 931//982 917//966 918//967 
f 932//983 918//967 919//968 
f 933//984 919//968 920//969 
f 934//985 920//969 921//970 
f 935//986 921//970 922//971 
f 936//987 922//971 923//972 
f 937//988 923//972 924//973 
f 938//989 924//973 925//974 
f 939//990 925//974 926//975 
f 940//991 926//975 927//976 
f 941//992 927//976 928//977 
f 942//993 928//977 929//978 
f 943//994 929//978 930//979 
f 944//995 930//979 797//996 
f 785//997 784//981 931//982 
f 945//998 931//982 932//983 
f 946//999 932//983 933//984 
f 947//1000 933//984 934//985 
f 948//1001 934//985 935//986 
f 949//1002 935//986 936//987 
f 950//1003 936//987 937//988 
f 951//1004 937//988 938//989 
f 952//1005 938//989 939//990 
f 953//1006 939//990 940//991 
f 954//1007 940//991 941//992 
f 955//1008 941//992 942//993 
f 956//1009 942//993 943//994 
f 957//1010 943//994 944//995 
f 958//1011 944//995 798//1012 
f 786//1013 785//997 945//998 
f 959//1014 945//998 946//999 
f 960//1015 946//999 947//1000 
f 961//1016 947//1000 948//1001 
f 962//1017 948//1001 949//1002 
f 963//1018 949//1002 950//1003 
f 964//1019 950//1003 951//1004 
f 965//1020 951//1004 952//1005 
f 966//1021 952//1005 953//1006 
f 967//1022 953//1006 954//1007 
f 968//1023 954//1007 955//1008 
f 969//1024 955//1008 956//1009 
f 970//1025 956//1009 957//1010 
f 971//1026 957//1010 958//1011 
f 972//1027 958//1011 799//1028 
f 787//1029 786//1013 959//1014 
f 973//1030 959//1014 960//1015 
f 974//1031 960//1015 961//1016 
f 975//1032 961//1016 962//1017 
f 976//1033 962//1017 963//1018 
f 977//1034 963//1018 964//1019 
f 978//1035 964//1019 965//1020 
f 979//1036 965//1020 966//1021 
f 980//1037 966//1021 967//1022 
f 981//1038 967//1022 968//1023 
f 982//1039 968//1023 969//1024 
f 983//1040 969//1024 970//1025 
f 984//1041 970//1025 971//1026 
f 985//1042 971//1026 972//1027 
f 986//1043 972//1027 800//1044 
f 788//1045 787//1029 973//1030 
f 987//1046 973//1030 974//1031 
f 988//1047 974//1031 975//1032 
f 989//1048 975//1032 976//1033 
f 990//1049 976//1033 977//1034 
f 991//1050 977//1034 978//1035 
f 992//1051 978//1035 979//1036 
f 993//1052 979//1036 980//1037 
f 994//1053 980//1037 981//1038 
f 995//1054 981//1038 982//1039 
f 996//1055 982//1039 983//1040 
f 997//1056 983//1040 984//1041 
f 998//1057 984//1041 985//1042 
f 999//1058 985//1042 986//1043 
f 1000//1059 986//1043 801//1060 
f 789//1061 788//1045 987//1046 
f 1001//1062 987//1046 988//1047 
f 1002//1063 988//1047 989//1048 
f 1003//1064 989//1048 990//1049 
f 1004//1065 990//1049 991//1050 
f 1005//1066 991//1050 992//1051 
f 1006//1067 992//1051 993//1052 
f 1007//1068 993//1052 994//1053 
f 1008//1069 994//1053 995//1054 
f 1009//1070 995//1054 996//1055 
f 1010//1071 996//1055 997//1056 
f 1011//1072 997//1056 998//1057 
f 1012//1073 998//1057 999//1058 
f 1013//1074 999//1058 1000//1059 
f 1014//1075 1000//1059 802//1076 
f 790//1077 789//1061 1001//1062 
f 1015//1078 1001//1062 1002//1063 
f 1016//1079 1002//1063 1003//1064 
f 1017//1080 1003//1064 1004//1065 
f 1018//1081 1004//1065 1005//1066 
f 1019//1082 1005//1066 1006//1067 
f 1020//1083 1006//1067 1007//1068 
f 1021//1084 1007//1068 1008//1069 
f 1022//1085 1008//1069 1009//1070 
f 1023//1086 1009//1070 1010//1071 
f 1024//1087 1010//1071 1011//1072 
f 1025//1088 1011//1072 1012//1073 
f 1026//1089 1012//1073 1013//1074 
f 1027//1090 1013//1074 1014//1075 
f 1028//1091 1014//1075 803//1092 
f 566//1093 1028//1091 804//1094 
f 566//1093 1027//1090 1028//1091 
f 566//1093 1026//1089 1027//1090 
f 566//1093 1025//1088 1026//1089 
f 566//1093 1024//1087 1025//1088 
f 566//1093 1023//1086 1024//1087 
f 566//1093 1022//1085 1023//1086 
f 566//1093 1021//1084 1022//1085 
f 566//1093 1020//1083 1021//1084 
f 566//1093 1019//1082 1020//1083 
f 566//1093 1018//1081 1019//1082 
f 566//1093 1017//1080 1018//1081 
f 566//1093 1016//1079 1017//1080 
f 566//1093 1015//1078 1016//1079 
f 566//1093 790//1077 1015//1078 
f 803//1092 804//1094 1028//1091 
f 1014//1075 1028//1091 1027//1090 
f 1013//1074 1027//1090 1026//1089 
f 1012//1073 1026//1089 1025//1088 
f 1011//1072 1025//1088 1024//1087 
f 1010//1071 1024//1087 1023//1086 
f 1009//1070 1023//1086 1022//1085 
f 1008//1069 1022//1085 1021//1084 
f 1007//1068 1021//1084 1020//1083 
f 1006//1067 1020//1083 1019//1082 
f 1005//1066 1019//1082 1018//1081 
f 1004//1065 1018//1081 1017//1080 
f 1003//1064 1017//1080 1016//1079 
f 1002//1063 1016//1079 1015//1078 
f 1001//1062 1015//1078 790//1077 
f 802//1076 803//1092 1014//1075 
f 1000//1059 1014//1075 1013//1074 
f 999//1058 1013//1074 1012//1073 
f 998//1057 1012//1073 1011//1072 
f 997//1056 1011//1072 1010//1071 
f 996//1055 1010//1071 1009//1070 
f 995//1054 1009//1070 1008//1069 
f 994//1053 1008//1069 1007//1068 
f 993//1052 1007//1068 1006//1067 
f 992//1051 1006//1067 1005//1066 
f 991//1050 1005//1066 1004//1065 
f 990//1049 1004//1065 1003//1064 
f 989//1048 1003//1064 1002//1063 
f 988//1047 1002//1063 1001//1062 
f 987//1046 1001//1062 789//1061 
f 801//1060 802//1076 1000//1059 
f 986//1043 1000//1059 999//1058 
f 985//1042 999//1058 998//1057 
f 984//1041 998//1057 997//1056 
f 983//1040 997//1056 996//1055 
f 982//1039 996//1055 995//1054 
f 981//1038 995//1054 994//1053 
f 980//1037 994//1053 993//1052 
f 979//1036 993//1052 992//1051 
f 978//1035 992//1051 991//1050 
f 977//1034 991//1050 990//1049 
f 976//1033 990//1049 989//1048 
f 975//1032 989//1048 988//1047 
f 974//1031 988//1047 987//1046 
f 973//1030 987//1046 788//1045 
f 800//1044 801//1060 986//1043 
f 972//1027 986//1043 985//1042 
f 971//1026 985//1042 984//1041 
f 970//1025 984//1041 983//1040 
f 969//1024 983//1040 982//1039 
f 968//1023 982//1039 981//1038 
f 967//1022 981//1038 980//1037 
f 966//1021 980//1037 979//1036 
f 965//1020 979//1036 978//1035 
f 964//1019 978//1035 977//1034 
f 963//1018 977//1034 976//1033 
f 962//1017 976//1033 975//1032 
f 961//1016 975//1032 974//1031 
f 960//1015 974//1031 973//1030 
f 959//1014 973//1030 787//1029 
f 799//1028 800//1044 972//1027 
f 958//1011 972//1027 971//1026 
f 957//1010 971//1026 970//1025 
f 956//1009 970//1025 969//1024 
f 955//1008 969//1024 968//1023 
f 954//1007 968//1023 967//1022 
f 953//1006 967//1022 966//1021 
f 952//1005 966//1021 965//1020 
f 951//1004 965//1020 964//1019 
f 950//1003 964//1019 963//1018 
f 949//1002 963//1018 962//1017 
f 948//1001 962//1017 961//1016 
f 947//1000 961//1016 960//1015 
f 946//999 960//1015 959//1014 
f 945//998 959//1014 786//1013 
f 798//1012 799//1028 958//1011 
f 944//995 958//1011 957//1010 
f 943//994 957//1010 956//1009 
f 942//993 956//1009 955//1008 
f 941//992 955//1008 954//1007 
f 940//991 954//1007 953//1006 
f 939//990 953//1006 952//1005 
f 938//989 952//1005 951//1004 
f 937//988 951//1004 950//1003 
f 936//987 950//1003 949//1002 
f 935//986 949//1002 948//1001 
f 934//985 948//1001 947//1000 
f 933//984 947//1000 946//999 
f 932//983 946//999 945//998 
f 931//982 945//998 785//997 
f 797//996 798//1012 944//995 
f 930//979 944//995 943//994 
f 929//978 943//994 942//993 
f 928//977 942//993 941//992 
f 927//976 941//992 940//991 
f 926//975 940//991 939//990 
f 925//974 939//990 938//989 
f 924//973 938//989 937//988 
f 923//972 937//988 936//987 
f 922//971 936//987 935//986 
f 921//970 935//986 934//985 
f 920//969 934//985 933//984 
f 919//968 933//984 932//983 
f 918//967 932//983 931//982 
f 917//966 931//982 784//981 
f 796//980 797//996 930//979 
f 916//963 930//979 929//978 
f 915//962 929//978 928//977 
f 914//961 928//977 927//976 
f 913//960 927//976 926//975 
f 912//959 926//975 925//974 
f 911//958 925//974 924//973 
f 910//957 924//973 923//972 
f 909//956 923//972 922//971 
f 908//955 922//971 921//970 
f 907//954 921//970 920//969 
f 906//953 920//969 919//968 
f 905//952 919//968 918//967 
f 904//951 918//967 917//966 
f 903//950 917//966 783//965 
f 795//964 796//980 916//963 
f 902//947 916//963 915//962 
f 901//946 915//962 914//961 
f 900//945 914//961 913//960 
f 899//944 913//960 912//959 
f 898//943 912//959 911//958 
f 897//942 911//958 910//957 
f 896//941 910//957 909//956 
f 895//940 909//956 908//955 
f 894//939 908//955 907//954 
f 893//938 907//954 906//953 
f 892//937 906//953 905//952 
f 891//936 905//952 904//951 
f 890//935 904//951 903//950 
f 889//934 903//950 782//949 
f 794//948 795//964 902//947 
f 888//931 902//947 901//946 
f 887//930 901//946 900//945 
f 886//929 900//945 899//944 
f 885//928 899//944 898//943 
f 884//927 898//943 897//942 
f 883//926 897//942 896//941 
f 882//925 896//941 895//940 
f 881//924 895//940 894//939 
f 880//923 894//939 893//938 
f 879//922 893//938 892//937 
f 878//921 892//937 891//936 
f 877//920 891//936 890//935 
f 876//919 890//935 889//934 
f 875//918 889//934 781//933 
f 793//932 794//948 888//931 
f 874//915 888//931 887//930 
f 873//914 887//930 886//929 
f 872//913 886//929 885//928 
f 871//912 885//928 884//927 
f 870//911 884//927 883//926 
f 869//910 883//926 882//925 
f 868//909 882//925 881//924 
f 867//908 881//924 880//923 
f 866//907 880//923 879//922 
f 865//906 879//922 878//921 
f 864//905 878//921 877//920 
f 863//904 877//920 876//919 
f 862//903 876//919 875//918 
f 861//902 875//918 780//917 
f 792//916 793//932 874//915 
f 860//899 874//915 873//914 
f 859//898 873//914 872//913 
f 858//897 872//913 871//912 
f 857//896 871//912 870//911 
f 856//895 870//911 869//910 
f 855//894 869//910 868//909 
f 854//893 868//909 867//908 
f 853//892 867//908 866//907 
f 852//891 866//907 865//906 
f 851//890 865//906 864//905 
f 850//889 864//905 863//904 
f 849//888 863//904 862//903 
f 848//887 862//903 861//902 
f 847//886 861//902 779//901 
f 791//900 792//916 860//899 
f 846//883 860//899 859//898 
f 845//881 859//898 858//897 
f 844//879 858//897 857//896 
f 843//877 857//896 856//895 
f 842//875 856//895 855//894 
f 841//873 855//894 854//893 
f 840//871 854//893 853//892 
f 839//869 853//892 852//891 
f 838//867 852//891 851//890 
f 837//865 851//890 850//889 
f 836//863 850//889 849//888 
f 835//861 849//888 848//887 
f 834//859 848//887 847//886 
f 833//857 847//886 778//885 
f 564//884 791//900 846//883 
f 832//882 846//883 845//881 
f 830//880 845//881 844//879 
f 828//878 844//879 843//877 
f 826//876 843//877 842//875 
f 824//874 842//875 841//873 
f 822//872 841//873 840//871 
f 820//870 840//871 839//869 
f 818//868 839//869 838//867 
f 816//866 838//867 837//865 
f 814//864 837//865 836//863 
f 812//862 836//863 835//861 
f 810//860 835//861 834//859 
f 808//858 834//859 833//857 
f 806//856 833//857 777//854 
o mesh17
f 821//1095 819//1095 1029//1095 
f 819//1095 817//1095 1030//1095 
f 1030//1095 1029//1095 819//1095 
f 815//1095 1031//1095 1030//1095 
f 343//1095 1032//1095 1033//1095 
f 343//1095 345//1095 1034//1095 
f 345//1095 347//1095 1035//1095 
f 347//1095 349//1095 1036//1095 
f 351//1095 565//1095 1037//1095 
f 565//1095 831//1095 1038//1095 
f 825//1095 1039//1095 1040//1095 
f 823//1095 1041//1095 1039//1095 
f 821//1095 1042//1095 1041//1095 
f 1030//1095 817//1095 815//1095 
f 1034//1095 1032//1095 343//1095 
f 1036//1095 1035//1095 347//1095 
f 351//1095 1043//1095 1036//1095 
f 1038//1095 1037//1095 565//1095 
f 829//1095 1044//1095 1038//1095 
f 827//1095 1040//1095 1044//1095 
f 1039//1095 825//1095 823//1095 
f 1029//1095 1042//1095 821//1095 
f 809//1095 1045//1095 1046//1095 
f 809//1095 807//1095 1047//1095 
f 805//1095 562//1095 1048//1095 
f 1048//1095 562//1095 262//1095 
f 1035//1095 1034//1095 345//1095 
f 1037//1095 1043//1095 351//1095 
f 1044//1095 829//1095 827//1095 
f 1041//1095 823//1095 821//1095 
f 1047//1095 1045//1095 809//1095 
f 807//1095 805//1095 1049//1095 
f 262//1095 1050//1095 1048//1095 
f 265//1095 1051//1095 1050//1095 
f 269//1095 1052//1095 1053//1095 
f 269//1095 271//1095 1054//1095 
f 277//1095 1055//1095 1056//1095 
f 279//1095 1057//1095 1055//1095 
f 325//1095 1058//1095 1059//1095 
f 327//1095 1060//1095 1058//1095 
f 329//1095 1061//1095 1060//1095 
f 329//1095 331//1095 1062//1095 
f 337//1095 1063//1095 1064//1095 
f 337//1095 339//1095 1065//1095 
f 1036//1095 349//1095 351//1095 
f 1040//1095 827//1095 825//1095 
f 813//1095 1066//1095 1031//1095 
f 811//1095 1046//1095 1066//1095 
f 1049//1095 1047//1095 807//1095 
f 1050//1095 262//1095 265//1095 
f 267//1095 1053//1095 1051//1095 
f 1054//1095 1052//1095 269//1095 
f 1055//1095 277//1095 279//1095 
f 279//1095 281//1095 1067//1095 
f 283//1095 1068//1095 1067//1095 
f 283//1095 285//1095 1069//1095 
f 287//1095 1070//1095 1069//1095 
f 287//1095 289//1095 1071//1095 
f 260//1095 1072//1095 1073//1095 
f 1074//1095 1072//1095 260//1095 
f 1058//1095 325//1095 327//1095 
f 1062//1095 1061//1095 329//1095 
f 331//1095 333//1095 1075//1095 
f 333//1095 335//1095 1064//1095 
f 1065//1095 1063//1095 337//1095 
f 339//1095 341//1095 1033//1095 
f 1038//1095 831//1095 829//1095 
f 1066//1095 813//1095 811//1095 
f 1048//1095 1049//1095 805//1095 
f 1053//1095 267//1095 269//1095 
f 273//1095 1076//1095 1054//1095 
f 273//1095 275//1095 1056//1095 
f 1067//1095 1057//1095 279//1095 
f 1069//1095 1068//1095 283//1095 
f 1071//1095 1070//1095 287//1095 
f 289//1095 291//1095 1073//1095 
f 260//1095 257//1095 1074//1095 
f 257//1095 256//1095 1077//1095 
f 255//1095 1078//1095 1077//1095 
f 254//1095 1079//1095 1078//1095 
f 253//1095 1080//1095 1079//1095 
f 253//1095 252//1095 1081//1095 
f 259//1095 323//1095 1059//1095 
f 1060//1095 327//1095 329//1095 
f 1064//1095 1075//1095 333//1095 
f 1033//1095 1065//1095 339//1095 
f 1031//1095 815//1095 813//1095 
f 1051//1095 265//1095 267//1095 
f 1056//1095 1076//1095 273//1095 
f 1067//1095 281//1095 283//1095 
f 1073//1095 1071//1095 289//1095 
f 1077//1095 1074//1095 257//1095 
f 1078//1095 255//1095 254//1095 
f 1081//1095 1080//1095 253//1095 
f 250//1095 1082//1095 1083//1095 
f 250//1095 249//1095 1084//1095 
f 246//1095 1085//1095 1086//1095 
f 246//1095 245//1095 1087//1095 
f 245//1095 244//1095 1088//1095 
f 244//1095 243//1095 1089//1095 
f 1059//1095 323//1095 325//1095 
f 1064//1095 335//1095 337//1095 
f 1046//1095 811//1095 809//1095 
f 1056//1095 275//1095 277//1095 
f 1073//1095 291//1095 260//1095 
f 1079//1095 254//1095 253//1095 
f 251//1095 1083//1095 1081//1095 
f 1084//1095 1082//1095 250//1095 
f 248//1095 1090//1095 1084//1095 
f 247//1095 1086//1095 1090//1095 
f 1087//1095 1085//1095 246//1095 
f 1089//1095 1088//1095 244//1095 
f 1075//1095 1062//1095 331//1095 
f 1054//1095 271//1095 273//1095 
f 1077//1095 256//1095 255//1095 
f 1083//1095 251//1095 250//1095 
f 1090//1095 248//1095 247//1095 
f 1088//1095 1087//1095 245//1095 
f 242//1095 1091//1095 1089//1095 
f 1092//1095 1091//1095 242//1095 
f 1033//1095 341//1095 343//1095 
f 1081//1095 252//1095 251//1095 
f 1086//1095 247//1095 246//1095 
f 242//1095 259//1095 1092//1095 
f 1069//1095 285//1095 287//1095 
f 1089//1095 243//1095 242//1095 
f 1084//1095 249//1095 248//1095 
f 1059//1095 1092//1095 259//1095 
o mesh18
f 1093//1096 1048//1096 1050//1096 
f 1050//1096 1094//1096 1093//1096 
o mesh19
f 1037//1097 1095//1097 1096//1097 
f 1096//1097 1043//1097 1037//1097 
o mesh20
f 1092//1098 1097//1098 1098//1098 
f 1098//1098 1091//1098 1092//1098 
o mesh21
f 1074//1099 1099//1099 1100//1099 
f 1100//1099 1072//1099 1074//1099 
o mesh22
f 1101//1100 1099//1099 1074//1099 
f 1102//1101 1101//1100 1077//1100 
f 1103//1102 1102//1101 1078//1101 
f 1104//1103 1103//1102 1079//1102 
f 1105//1104 1104//1103 1080//1103 
f 1106//1105 1105//1104 1081//1104 
f 1107//1106 1106//1105 1083//1105 
f 1108//1107 1107//1106 1082//1106 
f 1109//1108 1108//1107 1084//1107 
f 1110//1109 1109//1108 1090//1108 
f 1111//1110 1110//1109 1086//1109 
f 1112//1111 1111//1110 1085//1110 
f 1113//1112 1112//1111 1087//1111 
f 1114//1113 1113//1112 1088//1112 
f 1098//1114 1114//1113 1089//1113 
f 1089//1113 1091//1114 1098//1114 
f 1088//1112 1089//1113 1114//1113 
f 1087//1111 1088//1112 1113//1112 
f 1085//1110 1087//1111 1112//1111 
f 1086//1109 1085//1110 1111//1110 
f 1090//1108 1086//1109 1110//1109 
f 1084//1107 1090//1108 1109//1108 
f 1082//1106 1084//1107 1108//1107 
f 1083//1105 1082//1106 1107//1106 
f 1081//1104 1083//1105 1106//1105 
f 1080//1103 1081//1104 1105//1104 
f 1079//1102 1080//1103 1104//1103 
f 1078//1101 1079//1102 1103//1102 
f 1077//1100 1078//1101 1102//1101 
f 1074//1099 1077//1100 1101//1100 
o mesh23
f 1115//1115 1144//1116 1145//1117 
f 1144//1116 1146//1118 1147//1119 
f 1146//1118 1148//1120 1149//1121 
f 1148//1120 1150//1122 1151//1123 
f 1150//1122 1152//1124 1153//1125 
f 1152//1124 1154//1126 1155//1127 
f 1154//1126 1156//1128 1157//1129 
f 1156//1128 1158//1130 1159//1131 
f 1158//1130 1160//1132 1161//1133 
f 1160//1132 1162//1134 1163//1135 
f 1162//1134 1164//1136 1165//1137 
f 1164//1136 1166//1138 1167//1139 
f 1166//1138 1168//1140 1169//1141 
f 1168//1140 1170//1142 1171//1143 
f 1170//1142 1101//1144 1102//1145 
f 1116//1146 1145//1117 1172//1147 
f 1145//1117 1147//1119 1173//1148 
f 1147//1119 1149//1121 1174//1149 
f 1149//1121 1151//1123 1175//1150 
f 1151//1123 1153//1125 1176//1151 
f 1153//1125 1155//1127 1177//1152 
f 1155//1127 1157//1129 1178//1153 
f 1157//1129 1159//1131 1179//1154 
f 1159//1131 1161//1133 1180//1155 
f 1161//1133 1163//1135 1181//1156 
f 1163//1135 1165//1137 1182//1157 
f 1165//1137 1167//1139 1183//1158 
f 1167//1139 1169//1141 1184//1159 
f 1169//1141 1171//1143 1185//1160 
f 1171//1143 1102//1145 1103//1161 
f 1117//1162 1172//1147 1186//1163 
f 1172//1147 1173//1148 1187//1164 
f 1173//1148 1174//1149 1188//1165 
f 1174//1149 1175//1150 1189//1166 
f 1175//1150 1176//1151 1190//1167 
f 1176//1151 1177//1152 1191//1168 
f 1177//1152 1178//1153 1192//1169 
f 1178//1153 1179//1154 1193//1170 
f 1179//1154 1180//1155 1194//1171 
f 1180//1155 1181//1156 1195//1172 
f 1181//1156 1182//1157 1196//1173 
f 1182//1157 1183//1158 1197//1174 
f 1183//1158 1184//1159 1198//1175 
f 1184//1159 1185//1160 1199//1176 
f 1185//1160 1103//1161 1104//1177 
f 1118//1178 1186//1163 1200//1179 
f 1186//1163 1187//1164 1201//1180 
f 1187//1164 1188//1165 1202//1181 
f 1188//1165 1189//1166 1203//1182 
f 1189//1166 1190//1167 1204//1183 
f 1190//1167 1191//1168 1205//1184 
f 1191//1168 1192//1169 1206//1185 
f 1192//1169 1193//1170 1207//1186 
f 1193//1170 1194//1171 1208//1187 
f 1194//1171 1195//1172 1209//1188 
f 1195//1172 1196//1173 1210//1189 
f 1196//1173 1197//1174 1211//1190 
f 1197//1174 1198//1175 1212//1191 
f 1198//1175 1199//1176 1213//1192 
f 1199//1176 1104//1177 1105//1193 
f 1119//1194 1200//1179 1214//1195 
f 1200//1179 1201//1180 1215//1196 
f 1201//1180 1202//1181 1216//1197 
f 1202//1181 1203//1182 1217//1198 
f 1203//1182 1204//1183 1218//1199 
f 1204//1183 1205//1184 1219//1200 
f 1205//1184 1206//1185 1220//1201 
f 1206//1185 1207//1186 1221//1202 
f 1207//1186 1208//1187 1222//1203 
f 1208//1187 1209//1188 1223//1204 
f 1209//1188 1210//1189 1224//1205 
f 1210//1189 1211//1190 1225//1206 
f 1211//1190 1212//1191 1226//1207 
f 1212//1191 1213//1192 1227//1208 
f 1213//1192 1105//1193 1106//1209 
f 1120//1210 1214//1195 1228//1211 
f 1214//1195 1215//1196 1229//1212 
f 1215//1196 1216//1197 1230//1213 
f 1216//1197 1217//1198 1231//1214 
f 1217//1198 1218//1199 1232//1215 
f 1218//1199 1219//1200 1233//1216 
f 1219//1200 1220//1201 1234//1217 
f 1220//1201 1221//1202 1235//1218 
f 1221//1202 1222//1203 1236//1219 
f 1222//1203 1223//1204 1237//1220 
f 1223//1204 1224//1205 1238//1221 
f 1224//1205 1225//1206 1239//1222 
f 1225//1206 1226//1207 1240//1223 
f 1226//1207 1227//1208 1241//1224 
f 1227//1208 1106//1209 1107//1225 
f 1121//1226 1228//1211 1242//1227 
f 1228//1211 1229//1212 1243//1228 
f 1229//1212 1230//1213 1244//1229 
f 1230//1213 1231//1214 1245//1230 
f 1231//1214 1232//1215 1246//1231 
f 1232//1215 1233//1216 1247//1232 
f 1233//1216 1234//1217 1248//1233 
f 1234//1217 1235//1218 1249//1234 
f 1235//1218 1236//1219 1250//1235 
f 1236//1219 1237//1220 1251//1236 
f 1237//1220 1238//1221 1252//1237 
f 1238//1221 1239//1222 1253//1238 
f 1239//1222 1240//1223 1254//1239 
f 1240//1223 1241//1224 1255//1240 
f 1241//1224 1107//1225 1108//1241 
f 1122//1242 1242//1227 1256//1243 
f 1242//1227 1243//1228 1257//1244 
f 1243//1228 1244//1229 1258//1245 
f 1244//1229 1245//1230 1259//1246 
f 1245//1230 1246//1231 1260//1247 
f 1246//1231 1247//1232 1261//1248 
f 1247//1232 1248//1233 1262//1249 
f 1248//1233 1249//1234 1263//1250 
f 1249//1234 1250//1235 1264//1251 
f 1250//1235 1251//1236 1265//1252 
f 1251//1236 1252//1237 1266//1253 
f 1252//1237 1253//1238 1267//1254 
f 1253//1238 1254//1239 1268//1255 
f 1254//1239 1255//1240 1269//1256 
f 1255//1240 1108//1241 1109//1257 
f 1123//1258 1256//1243 1270//1259 
f 1256//1243 1257//1244 1271//1260 
f 1257//1244 1258//1245 1272//1261 
f 1258//1245 1259//1246 1273//1262 
f 1259//1246 1260//1247 1274//1263 
f 1260//1247 1261//1248 1275//1264 
f 1261//1248 1262//1249 1276//1265 
f 1262//1249 1263//1250 1277//1266 
f 1263//1250 1264//1251 1278//1267 
f 1264//1251 1265//1252 1279//1268 
f 1265//1252 1266//1253 1280//1269 
f 1266//1253 1267//1254 1281//1270 
f 1267//1254 1268//1255 1282//1271 
f 1268//1255 1269//1256 1283//1272 
f 1269//1256 1109//1257 1110//1273 
f 1124//1274 1270//1259 1284//1275 
f 1270//1259 1271//1260 1285//1276 
f 1271//1260 1272//1261 1286//1277 
f 1272//1261 1273//1262 1287//1278 
f 1273//1262 1274//1263 1288//1279 
f 1274//1263 1275//1264 1289//1280 
f 1275//1264 1276//1265 1290//1281 
f 1276//1265 1277//1266 1291//1282 
f 1277//1266 1278//1267 1292//1283 
f 1278//1267 1279//1268 1293//1284 
f 1279//1268 1280//1269 1294//1285 
f 1280//1269 1281//1270 1295//1286 
f 1281//1270 1282//1271 1296//1287 
f 1282//1271 1283//1272 1297//1288 
f 1283//1272 1110//1273 1111//1289 
f 1125//1290 1284//1275 1298//1291 
f 1284//1275 1285//1276 1299//1292 
f 1285//1276 1286//1277 1300//1293 
f 1286//1277 1287//1278 1301//1294 
f 1287//1278 1288//1279 1302//1295 
f 1288//1279 1289//1280 1303//1296 
f 1289//1280 1290//1281 1304//1297 
f 1290//1281 1291//1282 1305//1298 
f 1291//1282 1292//1283 1306//1299 
f 1292//1283 1293//1284 1307//1300 
f 1293//1284 1294//1285 1308//1301 
f 1294//1285 1295//1286 1309//1302 
f 1295//1286 1296//1287 1310//1303 
f 1296//1287 1297//1288 1311//1304 
f 1297//1288 1111//1289 1112//1305 
f 1126//1306 1298//1291 1312//1307 
f 1298//1291 1299//1292 1313//1308 
f 1299//1292 1300//1293 1314//1309 
f 1300//1293 1301//1294 1315//1310 
f 1301//1294 1302//1295 1316//1311 
f 1302//1295 1303//1296 1317//1312 
f 1303//1296 1304//1297 1318//1313 
f 1304//1297 1305//1298 1319//1314 
f 1305//1298 1306//1299 1320//1315 
f 1306//1299 1307//1300 1321//1316 
f 1307//1300 1308//1301 1322//1317 
f 1308//1301 1309//1302 1323//1318 
f 1309//1302 1310//1303 1324//1319 
f 1310//1303 1311//1304 1325//1320 
f 1311//1304 1112//1305 1113//1321 
f 1127//1322 1312//1307 1326//1323 
f 1312//1307 1313//1308 1327//1324 
f 1313//1308 1314//1309 1328//1325 
f 1314//1309 1315//1310 1329//1326 
f 1315//1310 1316//1311 1330//1327 
f 1316//1311 1317//1312 1331//1328 
f 1317//1312 1318//1313 1332//1329 
f 1318//1313 1319//1314 1333//1330 
f 1319//1314 1320//1315 1334//1331 
f 1320//1315 1321//1316 1335//1332 
f 1321//1316 1322//1317 1336//1333 
f 1322//1317 1323//1318 1337//1334 
f 1323//1318 1324//1319 1338//1335 
f 1324//1319 1325//1320 1339//1336 
f 1325//1320 1113//1321 1114//1337 
f 1128//1338 1326//1323 1129//1339 
f 1326//1323 1327//1324 1130//1340 
f 1327//1324 1328//1325 1131//1341 
f 1328//1325 1329//1326 1132//1342 
f 1329//1326 1330//1327 1133//1343 
f 1330//1327 1331//1328 1134//1344 
f 1331//1328 1332//1329 1135//1345 
f 1332//1329 1333//1330 1136//1346 
f 1333//1330 1334//1331 1137//1347 
f 1334//1331 1335//1332 1138//1348 
f 1335//1332 1336//1333 1139//1349 
f 1336//1333 1337//1334 1140//1350 
f 1337//1334 1338//1335 1141//1351 
f 1338//1335 1339//1336 1142//1352 
f 1339//1336 1114//1337 1098//1353 
f 1098//1353 1142//1352 1339//1336 
f 1142//1352 1141//1351 1338//1335 
f 1141//1351 1140//1350 1337//1334 
f 1140//1350 1139//1349 1336//1333 
f 1139//1349 1138//1348 1335//1332 
f 1138//1348 1137//1347 1334//1331 
f 1137//1347 1136//1346 1333//1330 
f 1136//1346 1135//1345 1332//1329 
f 1135//1345 1134//1344 1331//1328 
f 1134//1344 1133//1343 1330//1327 
f 1133//1343 1132//1342 1329//1326 
f 1132//1342 1131//1341 1328//1325 
f 1131//1341 1130//1340 1327//1324 
f 1130//1340 1129//1339 1326//1323 
f 1129//1339 1143//1354 1128//1338 
f 1114//1337 1339//1336 1325//1320 
f 1339//1336 1338//1335 1324//1319 
f 1338//1335 1337//1334 1323//1318 
f 1337//1334 1336//1333 1322//1317 
f 1336//1333 1335//1332 1321//1316 
f 1335//1332 1334//1331 1320//1315 
f 1334//1331 1333//1330 1319//1314 
f 1333//1330 1332//1329 1318//1313 
f 1332//1329 1331//1328 1317//1312 
f 1331//1328 1330//1327 1316//1311 
f 1330//1327 1329//1326 1315//1310 
f 1329//1326 1328//1325 1314//1309 
f 1328//1325 1327//1324 1313//1308 
f 1327//1324 1326//1323 1312//1307 
f 1326//1323 1128//1338 1127//1322 
f 1113//1321 1325//1320 1311//1304 
f 1325//1320 1324//1319 1310//1303 
f 1324//1319 1323//1318 1309//1302 
f 1323//1318 1322//1317 1308//1301 
f 1322//1317 1321//1316 1307//1300 
f 1321//1316 1320//1315 1306//1299 
f 1320//1315 1319//1314 1305//1298 
f 1319//1314 1318//1313 1304//1297 
f 1318//1313 1317//1312 1303//1296 
f 1317//1312 1316//1311 1302//1295 
f 1316//1311 1315//1310 1301//1294 
f 1315//1310 1314//1309 1300//1293 
f 1314//1309 1313//1308 1299//1292 
f 1313//1308 1312//1307 1298//1291 
f 1312//1307 1127//1322 1126//1306 
f 1112//1305 1311//1304 1297//1288 
f 1311//1304 1310//1303 1296//1287 
f 1310//1303 1309//1302 1295//1286 
f 1309//1302 1308//1301 1294//1285 
f 1308//1301 1307//1300 1293//1284 
f 1307//1300 1306//1299 1292//1283 
f 1306//1299 1305//1298 1291//1282 
f 1305//1298 1304//1297 1290//1281 
f 1304//1297 1303//1296 1289//1280 
f 1303//1296 1302//1295 1288//1279 
f 1302//1295 1301//1294 1287//1278 
f 1301//1294 1300//1293 1286//1277 
f 1300//1293 1299//1292 1285//1276 
f 1299//1292 1298//1291 1284//1275 
f 1298//1291 1126//1306 1125//1290 
f 1111//1289 1297//1288 1283//1272 
f 1297//1288 1296//1287 1282//1271 
f 1296//1287 1295//1286 1281//1270 
f 1295//1286 1294//1285 1280//1269 
f 1294//1285 1293//1284 1279//1268 
f 1293//1284 1292//1283 1278//1267 
f 1292//1283 1291//1282 1277//1266 
f 1291//1282 1290//1281 1276//1265 
f 1290//1281 1289//1280 1275//1264 
f 1289//1280 1288//1279 1274//1263 
f 1288//1279 1287//1278 1273//1262 
f 1287//1278 1286//1277 1272//1261 
f 1286//1277 1285//1276 1271//1260 
f 1285//1276 1284//1275 1270//1259 
f 1284//1275 1125//1290 1124//1274 
f 1110//1273 1283//1272 1269//1256 
f 1283//1272 1282//1271 1268//1255 
f 1282//1271 1281//1270 1267//1254 
f 1281//1270 1280//1269 1266//1253 
f 1280//1269 1279//1268 1265//1252 
f 1279//1268 1278//1267 1264//1251 
f 1278//1267 1277//1266 1263//1250 
f 1277//1266 1276//1265 1262//1249 
f 1276//1265 1275//1264 1261//1248 
f 1275//1264 1274//1263 1260//1247 
f 1274//1263 1273//1262 1259//1246 
f 1273//1262 1272//1261 1258//1245 
f 1272//1261 1271//1260 1257//1244 
f 1271//1260 1270//1259 1256//1243 
f 1270//1259 1124//1274 1123//1258 
f 1109//1257 1269//1256 1255//1240 
f 1269//1256 1268//1255 1254//1239 
f 1268//1255 1267//1254 1253//1238 
f 1267//1254 1266//1253 1252//1237 
f 1266//1253 1265//1252 1251//1236 
f 1265//1252 1264//1251 1250//1235 
f 1264//1251 1263//1250 1249//1234 
f 1263//1250 1262//1249 1248//1233 
f 1262//1249 1261//1248 1247//1232 
f 1261//1248 1260//1247 1246//1231 
f 1260//1247 1259//1246 1245//1230 
f 1259//1246 1258//1245 1244//1229 
f 1258//1245 1257//1244 1243//1228 
f 1257//1244 1256//1243 1242//1227 
f 1256//1243 1123//1258 1122//1242 
f 1108//1241 1255//1240 1241//1224 
f 1255//1240 1254//1239 1240//1223 
f 1254//1239 1253//1238 1239//1222 
f 1253//1238 1252//1237 1238//1221 
f 1252//1237 1251//1236 1237//1220 
f 1251//1236 1250//1235 1236//1219 
f 1250//1235 1249//1234 1235//1218 
f 1249//1234 1248//1233 1234//1217 
f 1248//1233 1247//1232 1233//1216 
f 1247//1232 1246//1231 1232//1215 
f 1246//1231 1245//1230 1231//1214 
f 1245//1230 1244//1229 1230//1213 
f 1244//1229 1243//1228 1229//1212 
f 1243//1228 1242//1227 1228//1211 
f 1242//1227 1122//1242 1121//1226 
f 1107//1225 1241//1224 1227//1208 
f 1241//1224 1240//1223 1226//1207 
f 1240//1223 1239//1222 1225//1206 
f 1239//1222 1238//1221 1224//1205 
f 1238//1221 1237//1220 1223//1204 
f 1237//1220 1236//1219 1222//1203 
f 1236//1219 1235//1218 1221//1202 
f 1235//1218 1234//1217 1220//1201 
f 1234//1217 1233//1216 1219//1200 
f 1233//1216 1232//1215 1218//1199 
f 1232//1215 1231//1214 1217//1198 
f 1231//1214 1230//1213 1216//1197 
f 1230//1213 1229//1212 1215//1196 
f 1229//1212 1228//1211 1214//1195 
f 1228//1211 1121//1226 1120//1210 
f 1106//1209 1227//1208 1213//1192 
f 1227//1208 1226//1207 1212//1191 
f 1226//1207 1225//1206 1211//1190 
f 1225//1206 1224//1205 1210//1189 
f 1224//1205 1223//1204 1209//1188 
f 1223//1204 1222//1203 1208//1187 
f 1222//1203 1221//1202 1207//1186 
f 1221//1202 1220//1201 1206//1185 
f 1220//1201 1219//1200 1205//1184 
f 1219//1200 1218//1199 1204//1183 
f 1218//1199 1217//1198 1203//1182 
f 1217//1198 1216//1197 1202//1181 
f 1216//1197 1215//1196 1201//1180 
f 1215//1196 1214//1195 1200//1179 
f 1214//1195 1120//1210 1119//1194 
f 1105//1193 1213//1192 1199//1176 
f 1213//1192 1212//1191 1198//1175 
f 1212//1191 1211//1190 1197//1174 
f 1211//1190 1210//1189 1196//1173 
f 1210//1189 1209//1188 1195//1172 
f 1209//1188 1208//1187 1194//1171 
f 1208//1187 1207//1186 1193//1170 
f 1207//1186 1206//1185 1192//1169 
f 1206//1185 1205//1184 1191//1168 
f 1205//1184 1204//1183 1190//1167 
f 1204//1183 1203//1182 1189//1166 
f 1203//1182 1202//1181 1188//1165 
f 1202//1181 1201//1180 1187//1164 
f 1201//1180 1200//1179 1186//1163 
f 1200//1179 1119//1194 1118//1178 
f 1104//1177 1199//1176 1185//1160 
f 1199//1176 1198//1175 1184//1159 
f 1198//1175 1197//1174 1183//1158 
f 1197//1174 1196//1173 1182//1157 
f 1196//1173 1195//1172 1181//1156 
f 1195//1172 1194//1171 1180//1155 
f 1194//1171 1193//1170 1179//1154 
f 1193//1170 1192//1169 1178//1153 
f 1192//1169 1191//1168 1177//1152 
f 1191//1168 1190//1167 1176//1151 
f 1190//1167 1189//1166 1175//1150 
f 1189//1166 1188//1165 1174//1149 
f 1188//1165 1187//1164 1173//1148 
f 1187//1164 1186//1163 1172//1147 
f 1186//1163 1118//1178 1117//1162 
f 1103//1161 1185//1160 1171//1143 
f 1185//1160 1184//1159 1169//1141 
f 1184//1159 1183//1158 1167//1139 
f 1183//1158 1182//1157 1165//1137 
f 1182//1157 1181//1156 1163//1135 
f 1181//1156 1180//1155 1161//1133 
f 1180//1155 1179//1154 1159//1131 
f 1179//1154 1178//1153 1157//1129 
f 1178//1153 1177//1152 1155//1127 
f 1177//1152 1176//1151 1153//1125 
f 1176//1151 1175//1150 1151//1123 
f 1175//1150 1174//1149 1149//1121 
f 1174//1149 1173//1148 1147//1119 
f 1173//1148 1172//1147 1145//1117 
f 1172//1147 1117//1162 1116//1146 
f 1102//1145 1171//1143 1170//1142 
f 1171//1143 1169//1141 1168//1140 
f 1169//1141 1167//1139 1166//1138 
f 1167//1139 1165//1137 1164//1136 
f 1165//1137 1163//1135 1162//1134 
f 1163//1135 1161//1133 1160//1132 
f 1161//1133 1159//1131 1158//1130 
f 1159//1131 1157//1129 1156//1128 
f 1157//1129 1155//1127 1154//1126 
f 1155//1127 1153//1125 1152//1124 
f 1153//1125 1151//1123 1150//1122 
f 1151//1123 1149//1121 1148//1120 
f 1149//1121 1147//1119 1146//1118 
f 1147//1119 1145//1117 1144//1116 
f 1145//1117 1116//1146 1115//1115 
f 1101//1144 1170//1142 1099//1355 
f 1170//1142 1168//1140 1099//1355 
f 1168//1140 1166//1138 1099//1355 
f 1166//1138 1164//1136 1099//1355 
f 1164//1136 1162//1134 1099//1355 
f 1162//1134 1160//1132 1099//1355 
f 1160//1132 1158//1130 1099//1355 
f 1158//1130 1156//1128 1099//1355 
f 1156//1128 1154//1126 1099//1355 
f 1154//1126 1152//1124 1099//1355 
f 1152//1124 1150//1122 1099//1355 
f 1150//1122 1148//1120 1099//1355 
f 1148//1120 1146//1118 1099//1355 
f 1146//1118 1144//1116 1099//1355 
f 1144//1116 1115//1115 1099//1355 
o mesh24
f 1073//1356 1072//1355 1100//1355 
f 1071//1357 1073//1356 1340//1356 
f 1070//1358 1071//1357 1341//1357 
f 1069//1359 1070//1358 1342//1358 
f 1068//1360 1069//1359 1343//1359 
f 1067//1361 1068//1360 1344//1360 
f 1057//1362 1067//1361 1345//1361 
f 1055//1363 1057//1362 1346//1362 
f 1056//1364 1055//1363 1347//1363 
f 1076//1365 1056//1364 1348//1364 
f 1054//1366 1076//1365 1349//1365 
f 1052//1367 1054//1366 1350//1366 
f 1053//1368 1052//1367 1351//1367 
f 1051//1369 1053//1368 1352//1368 
f 1050//1370 1051//1369 1353//1369 
f 1353//1369 1094//1370 1050//1370 
f 1352//1368 1353//1369 1051//1369 
f 1351//1367 1352//1368 1053//1368 
f 1350//1366 1351//1367 1052//1367 
f 1349//1365 1350//1366 1054//1366 
f 1348//1364 1349//1365 1076//1365 
f 1347//1363 1348//1364 1056//1364 
f 1346//1362 1347//1363 1055//1363 
f 1345//1361 1346//1362 1057//1362 
f 1344//1360 1345//1361 1067//1361 
f 1343//1359 1344//1360 1068//1360 
f 1342//1358 1343//1359 1069//1359 
f 1341//1357 1342//1358 1070//1358 
f 1340//1356 1341//1357 1071//1357 
f 1100//1355 1340//1356 1073//1356 
o mesh25
f 1340//1371 1383//1372 1384//1373 
f 1383//1372 1385//1374 1386//1375 
f 1385//1374 1387//1376 1388//1377 
f 1387//1376 1389//1378 1390//1379 
f 1389//1378 1391//1380 1392//1381 
f 1391//1380 1393//1382 1394//1383 
f 1393//1382 1395//1384 1396//1385 
f 1395//1384 1397//1386 1398//1387 
f 1397//1386 1399//1388 1400//1389 
f 1399//1388 1401//1390 1402//1391 
f 1401//1390 1403//1392 1404//1393 
f 1403//1392 1405//1394 1406//1395 
f 1405//1394 1407//1396 1408//1397 
f 1407//1396 1409//1398 1410//1399 
f 1409//1398 1354//1400 1355//1401 
f 1341//1402 1384//1373 1411//1403 
f 1384//1373 1386//1375 1412//1404 
f 1386//1375 1388//1377 1413//1405 
f 1388//1377 1390//1379 1414//1406 
f 1390//1379 1392//1381 1415//1407 
f 1392//1381 1394//1383 1416//1408 
f 1394//1383 1396//1385 1417//1409 
f 1396//1385 1398//1387 1418//1410 
f 1398//1387 1400//1389 1419//1411 
f 1400//1389 1402//1391 1420//1412 
f 1402//1391 1404//1393 1421//1413 
f 1404//1393 1406//1395 1422//1414 
f 1406//1395 1408//1397 1423//1415 
f 1408//1397 1410//1399 1424//1416 
f 1410//1399 1355//1401 1356//1417 
f 1342//1418 1411//1403 1425//1419 
f 1411//1403 1412//1404 1426//1420 
f 1412//1404 1413//1405 1427//1421 
f 1413//1405 1414//1406 1428//1422 
f 1414//1406 1415//1407 1429//1423 
f 1415//1407 1416//1408 1430//1424 
f 1416//1408 1417//1409 1431//1425 
f 1417//1409 1418//1410 1432//1426 
f 1418//1410 1419//1411 1433//1427 
f 1419//1411 1420//1412 1434//1428 
f 1420//1412 1421//1413 1435//1429 
f 1421//1413 1422//1414 1436//1430 
f 1422//1414 1423//1415 1437//1431 
f 1423//1415 1424//1416 1438//1432 
f 1424//1416 1356//1417 1357//1433 
f 1343//1434 1425//1419 1439//1435 
f 1425//1419 1426//1420 1440//1436 
f 1426//1420 1427//1421 1441//1437 
f 1427//1421 1428//1422 1442//1438 
f 1428//1422 1429//1423 1443//1439 
f 1429//1423 1430//1424 1444//1440 
f 1430//1424 1431//1425 1445//1441 
f 1431//1425 1432//1426 1446//1442 
f 1432//1426 1433//1427 1447//1443 
f 1433//1427 1434//1428 1448//1444 
f 1434//1428 1435//1429 1449//1445 
f 1435//1429 1436//1430 1450//1446 
f 1436//1430 1437//1431 1451//1447 
f 1437//1431 1438//1432 1452//1448 
f 1438//1432 1357//1433 1358//1449 
f 1344//1450 1439//1435 1453//1451 
f 1439//1435 1440//1436 1454//1452 
f 1440//1436 1441//1437 1455//1453 
f 1441//1437 1442//1438 1456//1454 
f 1442//1438 1443//1439 1457//1455 
f 1443//1439 1444//1440 1458//1456 
f 1444//1440 1445//1441 1459//1457 
f 1445//1441 1446//1442 1460//1458 
f 1446//1442 1447//1443 1461//1459 
f 1447//1443 1448//1444 1462//1460 
f 1448//1444 1449//1445 1463//1461 
f 1449//1445 1450//1446 1464//1462 
f 1450//1446 1451//1447 1465//1463 
f 1451//1447 1452//1448 1466//1464 
f 1452//1448 1358//1449 1359//1465 
f 1345//1466 1453//1451 1467//1467 
f 1453//1451 1454//1452 1468//1468 
f 1454//1452 1455//1453 1469//1469 
f 1455//1453 1456//1454 1470//1470 
f 1456//1454 1457//1455 1471//1471 
f 1457//1455 1458//1456 1472//1472 
f 1458//1456 1459//1457 1473//1473 
f 1459//1457 1460//1458 1474//1474 
f 1460//1458 1461//1459 1475//1475 
f 1461//1459 1462//1460 1476//1476 
f 1462//1460 1463//1461 1477//1477 
f 1463//1461 1464//1462 1478//1478 
f 1464//1462 1465//1463 1479//1479 
f 1465//1463 1466//1464 1480//1480 
f 1466//1464 1359//1465 1360//1481 
f 1346//1482 1467//1467 1481//1483 
f 1467//1467 1468//1468 1482//1484 
f 1468//1468 1469//1469 1483//1485 
f 1469//1469 1470//1470 1484//1486 
f 1470//1470 1471//1471 1485//1487 
f 1471//1471 1472//1472 1486//1488 
f 1472//1472 1473//1473 1487//1489 
f 1473//1473 1474//1474 1488//1490 
f 1474//1474 1475//1475 1489//1491 
f 1475//1475 1476//1476 1490//1492 
f 1476//1476 1477//1477 1491//1493 
f 1477//1477 1478//1478 1492//1494 
f 1478//1478 1479//1479 1493//1495 
f 1479//1479 1480//1480 1494//1496 
f 1480//1480 1360//1481 1361//1497 
f 1347//1498 1481//1483 1495//1499 
f 1481//1483 1482//1484 1496//1500 
f 1482//1484 1483//1485 1497//1501 
f 1483//1485 1484//1486 1498//1502 
f 1484//1486 1485//1487 1499//1503 
f 1485//1487 1486//1488 1500//1504 
f 1486//1488 1487//1489 1501//1505 
f 1487//1489 1488//1490 1502//1506 
f 1488//1490 1489//1491 1503//1507 
f 1489//1491 1490//1492 1504//1508 
f 1490//1492 1491//1493 1505//1509 
f 1491//1493 1492//1494 1506//1510 
f 1492//1494 1493//1495 1507//1511 
f 1493//1495 1494//1496 1508//1512 
f 1494//1496 1361//1497 1362//1513 
f 1348//1514 1495//1499 1509//1515 
f 1495//1499 1496//1500 1510//1516 
f 1496//1500 1497//1501 1511//1517 
f 1497//1501 1498//1502 1512//1518 
f 1498//1502 1499//1503 1513//1519 
f 1499//1503 1500//1504 1514//1520 
f 1500//1504 1501//1505 1515//1521 
f 1501//1505 1502//1506 1516//1522 
f 1502//1506 1503//1507 1517//1523 
f 1503//1507 1504//1508 1518//1524 
f 1504//1508 1505//1509 1519//1525 
f 1505//1509 1506//1510 1520//1526 
f 1506//1510 1507//1511 1521//1527 
f 1507//1511 1508//1512 1522//1528 
f 1508//1512 1362//1513 1363//1529 
f 1349//1530 1509//1515 1523//1531 
f 1509//1515 1510//1516 1524//1532 
f 1510//1516 1511//1517 1525//1533 
f 1511//1517 1512//1518 1526//1534 
f 1512//1518 1513//1519 1527//1535 
f 1513//1519 1514//1520 1528//1536 
f 1514//1520 1515//1521 1529//1537 
f 1515//1521 1516//1522 1530//1538 
f 1516//1522 1517//1523 1531//1539 
f 1517//1523 1518//1524 1532//1540 
f 1518//1524 1519//1525 1533//1541 
f 1519//1525 1520//1526 1534//1542 
f 1520//1526 1521//1527 1535//1543 
f 1521//1527 1522//1528 1536//1544 
f 1522//1528 1363//1529 1364//1545 
f 1350//1546 1523//1531 1537//1547 
f 1523//1531 1524//1532 1538//1548 
f 1524//1532 1525//1533 1539//1549 
f 1525//1533 1526//1534 1540//1550 
f 1526//1534 1527//1535 1541//1551 
f 1527//1535 1528//1536 1542//1552 
f 1528//1536 1529//1537 1543//1553 
f 1529//1537 1530//1538 1544//1554 
f 1530//1538 1531//1539 1545//1555 
f 1531//1539 1532//1540 1546//1556 
f 1532//1540 1533//1541 1547//1557 
f 1533//1541 1534//1542 1548//1558 
f 1534//1542 1535//1543 1549//1559 
f 1535//1543 1536//1544 1550//1560 
f 1536//1544 1364//1545 1365//1561 
f 1351//1562 1537//1547 1551//1563 
f 1537//1547 1538//1548 1552//1564 
f 1538//1548 1539//1549 1553//1565 
f 1539//1549 1540//1550 1554//1566 
f 1540//1550 1541//1551 1555//1567 
f 1541//1551 1542//1552 1556//1568 
f 1542//1552 1543//1553 1557//1569 
f 1543//1553 1544//1554 1558//1570 
f 1544//1554 1545//1555 1559//1571 
f 1545//1555 1546//1556 1560//1572 
f 1546//1556 1547//1557 1561//1573 
f 1547//1557 1548//1558 1562//1574 
f 1548//1558 1549//1559 1563//1575 
f 1549//1559 1550//1560 1564//1576 
f 1550//1560 1365//1561 1366//1577 
f 1352//1578 1551//1563 1565//1579 
f 1551//1563 1552//1564 1566//1580 
f 1552//1564 1553//1565 1567//1581 
f 1553//1565 1554//1566 1568//1582 
f 1554//1566 1555//1567 1569//1583 
f 1555//1567 1556//1568 1570//1584 
f 1556//1568 1557//1569 1571//1585 
f 1557//1569 1558//1570 1572//1586 
f 1558//1570 1559//1571 1573//1587 
f 1559//1571 1560//1572 1574//1588 
f 1560//1572 1561//1573 1575//1589 
f 1561//1573 1562//1574 1576//1590 
f 1562//1574 1563//1575 1577//1591 
f 1563//1575 1564//1576 1578//1592 
f 1564//1576 1366//1577 1367//1593 
f 1353//1594 1565//1579 1368//1595 
f 1565//1579 1566//1580 1369//1596 
f 1566//1580 1567//1581 1370//1597 
f 1567//1581 1568//1582 1371//1598 
f 1568//1582 1569//1583 1372//1599 
f 1569//1583 1570//1584 1373//1600 
f 1570//1584 1571//1585 1374//1601 
f 1571//1585 1572//1586 1375//1602 
f 1572//1586 1573//1587 1376//1603 
f 1573//1587 1574//1588 1377//1604 
f 1574//1588 1575//1589 1378//1605 
f 1575//1589 1576//1590 1379//1606 
f 1576//1590 1577//1591 1380//1607 
f 1577//1591 1578//1592 1381//1608 
f 1578//1592 1367//1593 1382//1609 
f 1382//1609 1381//1608 1578//1592 
f 1381//1608 1380//1607 1577//1591 
f 1380//1607 1379//1606 1576//1590 
f 1379//1606 1378//1605 1575//1589 
f 1378//1605 1377//1604 1574//1588 
f 1377//1604 1376//1603 1573//1587 
f 1376//1603 1375//1602 1572//1586 
f 1375//1602 1374//1601 1571//1585 
f 1374//1601 1373//1600 1570//1584 
f 1373//1600 1372//1599 1569//1583 
f 1372//1599 1371//1598 1568//1582 
f 1371//1598 1370//1597 1567//1581 
f 1370//1597 1369//1596 1566//1580 
f 1369//1596 1368//1595 1565//1579 
f 1368//1595 1094//1610 1353//1594 
f 1367//1593 1578//1592 1564//1576 
f 1578//1592 1577//1591 1563//1575 
f 1577//1591 1576//1590 1562//1574 
f 1576//1590 1575//1589 1561//1573 
f 1575//1589 1574//1588 1560//1572 
f 1574//1588 1573//1587 1559//1571 
f 1573//1587 1572//1586 1558//1570 
f 1572//1586 1571//1585 1557//1569 
f 1571//1585 1570//1584 1556//1568 
f 1570//1584 1569//1583 1555//1567 
f 1569//1583 1568//1582 1554//1566 
f 1568//1582 1567//1581 1553//1565 
f 1567//1581 1566//1580 1552//1564 
f 1566//1580 1565//1579 1551//1563 
f 1565//1579 1353//1594 1352//1578 
f 1366//1577 1564//1576 1550//1560 
f 1564//1576 1563//1575 1549//1559 
f 1563//1575 1562//1574 1548//1558 
f 1562//1574 1561//1573 1547//1557 
f 1561//1573 1560//1572 1546//1556 
f 1560//1572 1559//1571 1545//1555 
f 1559//1571 1558//1570 1544//1554 
f 1558//1570 1557//1569 1543//1553 
f 1557//1569 1556//1568 1542//1552 
f 1556//1568 1555//1567 1541//1551 
f 1555//1567 1554//1566 1540//1550 
f 1554//1566 1553//1565 1539//1549 
f 1553//1565 1552//1564 1538//1548 
f 1552//1564 1551//1563 1537//1547 
f 1551//1563 1352//1578 1351//1562 
f 1365//1561 1550//1560 1536//1544 
f 1550//1560 1549//1559 1535//1543 
f 1549//1559 1548//1558 1534//1542 
f 1548//1558 1547//1557 1533//1541 
f 1547//1557 1546//1556 1532//1540 
f 1546//1556 1545//1555 1531//1539 
f 1545//1555 1544//1554 1530//1538 
f 1544//1554 1543//1553 1529//1537 
f 1543//1553 1542//1552 1528//1536 
f 1542//1552 1541//1551 1527//1535 
f 1541//1551 1540//1550 1526//1534 
f 1540//1550 1539//1549 1525//1533 
f 1539//1549 1538//1548 1524//1532 
f 1538//1548 1537//1547 1523//1531 
f 1537//1547 1351//1562 1350//1546 
f 1364//1545 1536//1544 1522//1528 
f 1536//1544 1535//1543 1521//1527 
f 1535//1543 1534//1542 1520//1526 
f 1534//1542 1533//1541 1519//1525 
f 1533//1541 1532//1540 1518//1524 
f 1532//1540 1531//1539 1517//1523 
f 1531//1539 1530//1538 1516//1522 
f 1530//1538 1529//1537 1515//1521 
f 1529//1537 1528//1536 1514//1520 
f 1528//1536 1527//1535 1513//1519 
f 1527//1535 1526//1534 1512//1518 
f 1526//1534 1525//1533 1511//1517 
f 1525//1533 1524//1532 1510//1516 
f 1524//1532 1523//1531 1509//1515 
f 1523//1531 1350//1546 1349//1530 
f 1363//1529 1522//1528 1508//1512 
f 1522//1528 1521//1527 1507//1511 
f 1521//1527 1520//1526 1506//1510 
f 1520//1526 1519//1525 1505//1509 
f 1519//1525 1518//1524 1504//1508 
f 1518//1524 1517//1523 1503//1507 
f 1517//1523 1516//1522 1502//1506 
f 1516//1522 1515//1521 1501//1505 
f 1515//1521 1514//1520 1500//1504 
f 1514//1520 1513//1519 1499//1503 
f 1513//1519 1512//1518 1498//1502 
f 1512//1518 1511//1517 1497//1501 
f 1511//1517 1510//1516 1496//1500 
f 1510//1516 1509//1515 1495//1499 
f 1509//1515 1349//1530 1348//1514 
f 1362//1513 1508//1512 1494//1496 
f 1508//1512 1507//1511 1493//1495 
f 1507//1511 1506//1510 1492//1494 
f 1506//1510 1505//1509 1491//1493 
f 1505//1509 1504//1508 1490//1492 
f 1504//1508 1503//1507 1489//1491 
f 1503//1507 1502//1506 1488//1490 
f 1502//1506 1501//1505 1487//1489 
f 1501//1505 1500//1504 1486//1488 
f 1500//1504 1499//1503 1485//1487 
f 1499//1503 1498//1502 1484//1486 
f 1498//1502 1497//1501 1483//1485 
f 1497//1501 1496//1500 1482//1484 
f 1496//1500 1495//1499 1481//1483 
f 1495//1499 1348//1514 1347//1498 
f 1361//1497 1494//1496 1480//1480 
f 1494//1496 1493//1495 1479//1479 
f 1493//1495 1492//1494 1478//1478 
f 1492//1494 1491//1493 1477//1477 
f 1491//1493 1490//1492 1476//1476 
f 1490//1492 1489//1491 1475//1475 
f 1489//1491 1488//1490 1474//1474 
f 1488//1490 1487//1489 1473//1473 
f 1487//1489 1486//1488 1472//1472 
f 1486//1488 1485//1487 1471//1471 
f 1485//1487 1484//1486 1470//1470 
f 1484//1486 1483//1485 1469//1469 
f 1483//1485 1482//1484 1468//1468 
f 1482//1484 1481//1483 1467//1467 
f 1481//1483 1347//1498 1346//1482 
f 1360//1481 1480//1480 1466//1464 
f 1480//1480 1479//1479 1465//1463 
f 1479//1479 1478//1478 1464//1462 
f 1478//1478 1477//1477 1463//1461 
f 1477//1477 1476//1476 1462//1460 
f 1476//1476 1475//1475 1461//1459 
f 1475//1475 1474//1474 1460//1458 
f 1474//1474 1473//1473 1459//1457 
f 1473//1473 1472//1472 1458//1456 
f 1472//1472 1471//1471 1457//1455 
f 1471//1471 1470//1470 1456//1454 
f 1470//1470 1469//1469 1455//1453 
f 1469//1469 1468//1468 1454//1452 
f 1468//1468 1467//1467 1453//1451 
f 1467//1467 1346//1482 1345//1466 
f 1359//1465 1466//1464 1452//1448 
f 1466//1464 1465//1463 1451//1447 
f 1465//1463 1464//1462 1450//1446 
f 1464//1462 1463//1461 1449//1445 
f 1463//1461 1462//1460 1448//1444 
f 1462//1460 1461//1459 1447//1443 
f 1461//1459 1460//1458 1446//1442 
f 1460//1458 1459//1457 1445//1441 
f 1459//1457 1458//1456 1444//1440 
f 1458//1456 1457//1455 1443//1439 
f 1457//1455 1456//1454 1442//1438 
f 1456//1454 1455//1453 1441//1437 
f 1455//1453 1454//1452 1440//1436 
f 1454//1452 1453//1451 1439//1435 
f 1453//1451 1345//1466 1344//1450 
f 1358//1449 1452//1448 1438//1432 
f 1452//1448 1451//1447 1437//1431 
f 1451//1447 1450//1446 1436//1430 
f 1450//1446 1449//1445 1435//1429 
f 1449//1445 1448//1444 1434//1428 
f 1448//1444 1447//1443 1433//1427 
f 1447//1443 1446//1442 1432//1426 
f 1446//1442 1445//1441 1431//1425 
f 1445//1441 1444//1440 1430//1424 
f 1444//1440 1443//1439 1429//1423 
f 1443//1439 1442//1438 1428//1422 
f 1442//1438 1441//1437 1427//1421 
f 1441//1437 1440//1436 1426//1420 
f 1440//1436 1439//1435 1425//1419 
f 1439//1435 1344//1450 1343//1434 
f 1357//1433 1438//1432 1424//1416 
f 1438//1432 1437//1431 1423//1415 
f 1437//1431 1436//1430 1422//1414 
f 1436//1430 1435//1429 1421//1413 
f 1435//1429 1434//1428 1420//1412 
f 1434//1428 1433//1427 1419//1411 
f 1433//1427 1432//1426 1418//1410 
f 1432//1426 1431//1425 1417//1409 
f 1431//1425 1430//1424 1416//1408 
f 1430//1424 1429//1423 1415//1407 
f 1429//1423 1428//1422 1414//1406 
f 1428//1422 1427//1421 1413//1405 
f 1427//1421 1426//1420 1412//1404 
f 1426//1420 1425//1419 1411//1403 
f 1425//1419 1343//1434 1342//1418 
f 1356//1417 1424//1416 1410//1399 
f 1424//1416 1423//1415 1408//1397 
f 1423//1415 1422//1414 1406//1395 
f 1422//1414 1421//1413 1404//1393 
f 1421//1413 1420//1412 1402//1391 
f 1420//1412 1419//1411 1400//1389 
f 1419//1411 1418//1410 1398//1387 
f 1418//1410 1417//1409 1396//1385 
f 1417//1409 1416//1408 1394//1383 
f 1416//1408 1415//1407 1392//1381 
f 1415//1407 1414//1406 1390//1379 
f 1414//1406 1413//1405 1388//1377 
f 1413//1405 1412//1404 1386//1375 
f 1412//1404 1411//1403 1384//1373 
f 1411//1403 1342//1418 1341//1402 
f 1355//1401 1410//1399 1409//1398 
f 1410//1399 1408//1397 1407//1396 
f 1408//1397 1406//1395 1405//1394 
f 1406//1395 1404//1393 1403//1392 
f 1404//1393 1402//1391 1401//1390 
f 1402//1391 1400//1389 1399//1388 
f 1400//1389 1398//1387 1397//1386 
f 1398//1387 1396//1385 1395//1384 
f 1396//1385 1394//1383 1393//1382 
f 1394//1383 1392//1381 1391//1380 
f 1392//1381 1390//1379 1389//1378 
f 1390//1379 1388//1377 1387//1376 
f 1388//1377 1386//1375 1385//1374 
f 1386//1375 1384//1373 1383//1372 
f 1384//1373 1341//1402 1340//1371 
f 1354//1400 1409//1398 1100//1611 
f 1409//1398 1407//1396 1100//1611 
f 1407//1396 1405//1394 1100//1611 
f 1405//1394 1403//1392 1100//1611 
f 1403//1392 1401//1390 1100//1611 
f 1401//1390 1399//1388 1100//1611 
f 1399//1388 1397//1386 1100//1611 
f 1397//1386 1395//1384 1100//1611 
f 1395//1384 1393//1382 1100//1611 
f 1393//1382 1391//1380 1100//1611 
f 1391//1380 1389//1378 1100//1611 
f 1389//1378 1387//1376 1100//1611 
f 1387//1376 1385//1374 1100//1611 
f 1385//1374 1383//1372 1100//1611 
f 1383//1372 1340//1371 1100//1611 
o mesh26
f 1128//1612 1143//1613 1382//1613 
f 1127//1614 1128//1612 1367//1615 
f 1126//1616 1127//1614 1366//1617 
f 1125//1618 1126//1616 1365//1619 
f 1124//1620 1125//1618 1364//1621 
f 1123//1622 1124//1620 1363//1623 
f 1122//1624 1123//1622 1362//1625 
f 1121//1626 1122//1624 1361//1627 
f 1120//1628 1121//1626 1360//1629 
f 1119//1630 1120//1628 1359//1631 
f 1118//1632 1119//1630 1358//1633 
f 1117//1634 1118//1632 1357//1635 
f 1116//1636 1117//1634 1356//1637 
f 1115//1638 1116//1636 1355//1639 
f 1099//1640 1115//1638 1354//1641 
f 1354//1641 1100//1640 1099//1640 
f 1355//1639 1354//1641 1115//1638 
f 1356//1637 1355//1639 1116//1636 
f 1357//1635 1356//1637 1117//1634 
f 1358//1633 1357//1635 1118//1632 
f 1359//1631 1358//1633 1119//1630 
f 1360//1629 1359//1631 1120//1628 
f 1361//1627 1360//1629 1121//1626 
f 1362//1625 1361//1627 1122//1624 
f 1363//1623 1362//1625 1123//1622 
f 1364//1621 1363//1623 1124//1620 
f 1365//1619 1364//1621 1125//1618 
f 1366//1617 1365//1619 1126//1616 
f 1367//1615 1366//1617 1127//1614 
f 1382//1613 1367//1615 1128//1612 
o mesh27
f 1143//1642 1579//1642 1580//1642 
f 1580//1642 1382//1642 1143//1642 
o mesh28
f 1581//1643 1579//1642 1143//1642 
f 1582//1644 1581//1643 1129//1643 
f 1583//1645 1582//1644 1130//1644 
f 1584//1646 1583//1645 1131//1645 
f 1585//1647 1584//1646 1132//1646 
f 1586//1648 1585//1647 1133//1647 
f 1587//1649 1586//1648 1134//1648 
f 1588//1650 1587//1649 1135//1649 
f 1589//1651 1588//1650 1136//1650 
f 1590//1652 1589//1651 1137//1651 
f 1591//1653 1590//1652 1138//1652 
f 1592//1654 1591//1653 1139//1653 
f 1593//1655 1592//1654 1140//1654 
f 1594//1656 1593//1655 1141//1655 
f 1097//1657 1594//1656 1142//1656 
f 1142//1656 1098//1657 1097//1657 
f 1141//1655 1142//1656 1594//1656 
f 1140//1654 1141//1655 1593//1655 
f 1139//1653 1140//1654 1592//1654 
f 1138//1652 1139//1653 1591//1653 
f 1137//1651 1138//1652 1590//1652 
f 1136//1650 1137//1651 1589//1651 
f 1135//1649 1136//1650 1588//1650 
f 1134//1648 1135//1649 1587//1649 
f 1133//1647 1134//1648 1586//1648 
f 1132//1646 1133//1647 1585//1647 
f 1131//1645 1132//1646 1584//1646 
f 1130//1644 1131//1645 1583//1645 
f 1129//1643 1130//1644 1582//1644 
f 1143//1642 1129//1643 1581//1643 
o mesh29
f 1036//1658 1043//1659 1096//1659 
f 1035//1660 1036//1658 1595//1661 
f 1034//1662 1035//1660 1596//1663 
f 1032//1664 1034//1662 1597//1665 
f 1033//1666 1032//1664 1598//1667 
f 1065//1668 1033//1666 1599//1669 
f 1063//1670 1065//1668 1600//1671 
f 1064//1672 1063//1670 1601//1673 
f 1075//1674 1064//1672 1602//1675 
f 1062//1676 1075//1674 1603//1677 
f 1061//1678 1062//1676 1604//1679 
f 1060//1680 1061//1678 1605//1681 
f 1058//1682 1060//1680 1606//1683 
f 1059//1684 1058//1682 1607//1685 
f 1092//1686 1059//1684 1608//1687 
f 1608//1687 1097//1686 1092//1686 
f 1607//1685 1608//1687 1059//1684 
f 1606//1683 1607//1685 1058//1682 
f 1605//1681 1606//1683 1060//1680 
f 1604//1679 1605//1681 1061//1678 
f 1603//1677 1604//1679 1062//1676 
f 1602//1675 1603//1677 1075//1674 
f 1601//1673 1602//1675 1064//1672 
f 1600//1671 1601//1673 1063//1670 
f 1599//1669 1600//1671 1065//1668 
f 1598//1667 1599//1669 1033//1666 
f 1597//1665 1598//1667 1032//1664 
f 1596//1663 1597//1665 1034//1662 
f 1595//1661 1596//1663 1035//1660 
f 1096//1659 1595//1661 1036//1658 
o mesh30
f 1594//1688 1623//1689 1624//1690 
f 1623//1689 1625//1691 1626//1692 
f 1625//1691 1627//1693 1628//1694 
f 1627//1693 1629//1695 1630//1696 
f 1629//1695 1631//1697 1632//1698 
f 1631//1697 1633//1699 1634//1700 
f 1633//1699 1635//1701 1636//1702 
f 1635//1701 1637//1703 1638//1704 
f 1637//1703 1639//1705 1640//1706 
f 1639//1705 1641//1707 1642//1708 
f 1641//1707 1643//1709 1644//1710 
f 1643//1709 1645//1711 1646//1712 
f 1645//1711 1647//1713 1648//1714 
f 1647//1713 1649//1715 1650//1716 
f 1649//1715 1608//1717 1607//1718 
f 1593//1719 1624//1690 1651//1720 
f 1624//1690 1626//1692 1652//1721 
f 1626//1692 1628//1694 1653//1722 
f 1628//1694 1630//1696 1654//1723 
f 1630//1696 1632//1698 1655//1724 
f 1632//1698 1634//1700 1656//1725 
f 1634//1700 1636//1702 1657//1726 
f 1636//1702 1638//1704 1658//1727 
f 1638//1704 1640//1706 1659//1728 
f 1640//1706 1642//1708 1660//1729 
f 1642//1708 1644//1710 1661//1730 
f 1644//1710 1646//1712 1662//1731 
f 1646//1712 1648//1714 1663//1732 
f 1648//1714 1650//1716 1664//1733 
f 1650//1716 1607//1718 1606//1734 
f 1592//1735 1651//1720 1665//1736 
f 1651//1720 1652//1721 1666//1737 
f 1652//1721 1653//1722 1667//1738 
f 1653//1722 1654//1723 1668//1739 
f 1654//1723 1655//1724 1669//1740 
f 1655//1724 1656//1725 1670//1741 
f 1656//1725 1657//1726 1671//1742 
f 1657//1726 1658//1727 1672//1743 
f 1658//1727 1659//1728 1673//1744 
f 1659//1728 1660//1729 1674//1745 
f 1660//1729 1661//1730 1675//1746 
f 1661//1730 1662//1731 1676//1747 
f 1662//1731 1663//1732 1677//1748 
f 1663//1732 1664//1733 1678//1749 
f 1664//1733 1606//1734 1605//1750 
f 1591//1751 1665//1736 1679//1752 
f 1665//1736 1666//1737 1680//1753 
f 1666//1737 1667//1738 1681//1754 
f 1667//1738 1668//1739 1682//1755 
f 1668//1739 1669//1740 1683//1756 
f 1669//1740 1670//1741 1684//1757 
f 1670//1741 1671//1742 1685//1758 
f 1671//1742 1672//1743 1686//1759 
f 1672//1743 1673//1744 1687//1760 
f 1673//1744 1674//1745 1688//1761 
f 1674//1745 1675//1746 1689//1762 
f 1675//1746 1676//1747 1690//1763 
f 1676//1747 1677//1748 1691//1764 
f 1677//1748 1678//1749 1692//1765 
f 1678//1749 1605//1750 1604//1766 
f 1590//1767 1679//1752 1693//1768 
f 1679//1752 1680//1753 1694//1769 
f 1680//1753 1681//1754 1695//1770 
f 1681//1754 1682//1755 1696//1771 
f 1682//1755 1683//1756 1697//1772 
f 1683//1756 1684//1757 1698//1773 
f 1684//1757 1685//1758 1699//1774 
f 1685//1758 1686//1759 1700//1775 
f 1686//1759 1687//1760 1701//1776 
f 1687//1760 1688//1761 1702//1777 
f 1688//1761 1689//1762 1703//1778 
f 1689//1762 1690//1763 1704//1779 
f 1690//1763 1691//1764 1705//1780 
f 1691//1764 1692//1765 1706//1781 
f 1692//1765 1604//1766 1603//1782 
f 1589//1783 1693//1768 1707//1784 
f 1693//1768 1694//1769 1708//1785 
f 1694//1769 1695//1770 1709//1786 
f 1695//1770 1696//1771 1710//1787 
f 1696//1771 1697//1772 1711//1788 
f 1697//1772 1698//1773 1712//1789 
f 1698//1773 1699//1774 1713//1790 
f 1699//1774 1700//1775 1714//1791 
f 1700//1775 1701//1776 1715//1792 
f 1701//1776 1702//1777 1716//1793 
f 1702//1777 1703//1778 1717//1794 
f 1703//1778 1704//1779 1718//1795 
f 1704//1779 1705//1780 1719//1796 
f 1705//1780 1706//1781 1720//1797 
f 1706//1781 1603//1782 1602//1798 
f 1588//1799 1707//1784 1721//1800 
f 1707//1784 1708//1785 1722//1801 
f 1708//1785 1709//1786 1723//1802 
f 1709//1786 1710//1787 1724//1803 
f 1710//1787 1711//1788 1725//1804 
f 1711//1788 1712//1789 1726//1805 
f 1712//1789 1713//1790 1727//1806 
f 1713//1790 1714//1791 1728//1807 
f 1714//1791 1715//1792 1729//1808 
f 1715//1792 1716//1793 1730//1809 
f 1716//1793 1717//1794 1731//1810 
f 1717//1794 1718//1795 1732//1811 
f 1718//1795 1719//1796 1733//1812 
f 1719//1796 1720//1797 1734//1813 
f 1720//1797 1602//1798 1601//1814 
f 1587//1815 1721//1800 1735//1816 
f 1721//1800 1722//1801 1736//1817 
f 1722//1801 1723//1802 1737//1818 
f 1723//1802 1724//1803 1738//1819 
f 1724//1803 1725//1804 1739//1820 
f 1725//1804 1726//1805 1740//1821 
f 1726//1805 1727//1806 1741//1822 
f 1727//1806 1728//1807 1742//1823 
f 1728//1807 1729//1808 1743//1824 
f 1729//1808 1730//1809 1744//1825 
f 1730//1809 1731//1810 1745//1826 
f 1731//1810 1732//1811 1746//1827 
f 1732//1811 1733//1812 1747//1828 
f 1733//1812 1734//1813 1748//1829 
f 1734//1813 1601//1814 1600//1830 
f 1586//1831 1735//1816 1749//1832 
f 1735//1816 1736//1817 1750//1833 
f 1736//1817 1737//1818 1751//1834 
f 1737//1818 1738//1819 1752//1835 
f 1738//1819 1739//1820 1753//1836 
f 1739//1820 1740//1821 1754//1837 
f 1740//1821 1741//1822 1755//1838 
f 1741//1822 1742//1823 1756//1839 
f 1742//1823 1743//1824 1757//1840 
f 1743//1824 1744//1825 1758//1841 
f 1744//1825 1745//1826 1759//1842 
f 1745//1826 1746//1827 1760//1843 
f 1746//1827 1747//1828 1761//1844 
f 1747//1828 1748//1829 1762//1845 
f 1748//1829 1600//1830 1599//1846 
f 1585//1847 1749//1832 1763//1848 
f 1749//1832 1750//1833 1764//1849 
f 1750//1833 1751//1834 1765//1850 
f 1751//1834 1752//1835 1766//1851 
f 1752//1835 1753//1836 1767//1852 
f 1753//1836 1754//1837 1768//1853 
f 1754//1837 1755//1838 1769//1854 
f 1755//1838 1756//1839 1770//1855 
f 1756//1839 1757//1840 1771//1856 
f 1757//1840 1758//1841 1772//1857 
f 1758//1841 1759//1842 1773//1858 
f 1759//1842 1760//1843 1774//1859 
f 1760//1843 1761//1844 1775//1860 
f 1761//1844 1762//1845 1776//1861 
f 1762//1845 1599//1846 1598//1862 
f 1584//1863 1763//1848 1777//1864 
f 1763//1848 1764//1849 1778//1865 
f 1764//1849 1765//1850 1779//1866 
f 1765//1850 1766//1851 1780//1867 
f 1766//1851 1767//1852 1781//1868 
f 1767//1852 1768//1853 1782//1869 
f 1768//1853 1769//1854 1783//1870 
f 1769//1854 1770//1855 1784//1871 
f 1770//1855 1771//1856 1785//1872 
f 1771//1856 1772//1857 1786//1873 
f 1772//1857 1773//1858 1787//1874 
f 1773//1858 1774//1859 1788//1875 
f 1774//1859 1775//1860 1789//1876 
f 1775//1860 1776//1861 1790//1877 
f 1776//1861 1598//1862 1597//1878 
f 1583//1879 1777//1864 1791//1880 
f 1777//1864 1778//1865 1792//1881 
f 1778//1865 1779//1866 1793//1882 
f 1779//1866 1780//1867 1794//1883 
f 1780//1867 1781//1868 1795//1884 
f 1781//1868 1782//1869 1796//1885 
f 1782//1869 1783//1870 1797//1886 
f 1783//1870 1784//1871 1798//1887 
f 1784//1871 1785//1872 1799//1888 
f 1785//1872 1786//1873 1800//1889 
f 1786//1873 1787//1874 1801//1890 
f 1787//1874 1788//1875 1802//1891 
f 1788//1875 1789//1876 1803//1892 
f 1789//1876 1790//1877 1804//1893 
f 1790//1877 1597//1878 1596//1894 
f 1582//1895 1791//1880 1805//1896 
f 1791//1880 1792//1881 1806//1897 
f 1792//1881 1793//1882 1807//1898 
f 1793//1882 1794//1883 1808//1899 
f 1794//1883 1795//1884 1809//1900 
f 1795//1884 1796//1885 1810//1901 
f 1796//1885 1797//1886 1811//1902 
f 1797//1886 1798//1887 1812//1903 
f 1798//1887 1799//1888 1813//1904 
f 1799//1888 1800//1889 1814//1905 
f 1800//1889 1801//1890 1815//1906 
f 1801//1890 1802//1891 1816//1907 
f 1802//1891 1803//1892 1817//1908 
f 1803//1892 1804//1893 1818//1909 
f 1804//1893 1596//1894 1595//1910 
f 1581//1911 1805//1896 1609//1912 
f 1805//1896 1806//1897 1610//1913 
f 1806//1897 1807//1898 1611//1914 
f 1807//1898 1808//1899 1612//1915 
f 1808//1899 1809//1900 1613//1916 
f 1809//1900 1810//1901 1614//1917 
f 1810//1901 1811//1902 1615//1918 
f 1811//1902 1812//1903 1616//1919 
f 1812//1903 1813//1904 1617//1920 
f 1813//1904 1814//1905 1618//1921 
f 1814//1905 1815//1906 1619//1922 
f 1815//1906 1816//1907 1620//1923 
f 1816//1907 1817//1908 1621//1924 
f 1817//1908 1818//1909 1622//1925 
f 1818//1909 1595//1910 1096//1926 
f 1096//1926 1622//1925 1818//1909 
f 1622//1925 1621//1924 1817//1908 
f 1621//1924 1620//1923 1816//1907 
f 1620//1923 1619//1922 1815//1906 
f 1619//1922 1618//1921 1814//1905 
f 1618//1921 1617//1920 1813//1904 
f 1617//1920 1616//1919 1812//1903 
f 1616//1919 1615//1918 1811//1902 
f 1615//1918 1614//1917 1810//1901 
f 1614//1917 1613//1916 1809//1900 
f 1613//1916 1612//1915 1808//1899 
f 1612//1915 1611//1914 1807//1898 
f 1611//1914 1610//1913 1806//1897 
f 1610//1913 1609//1912 1805//1896 
f 1609//1912 1579//1927 1581//1911 
f 1595//1910 1818//1909 1804//1893 
f 1818//1909 1817//1908 1803//1892 
f 1817//1908 1816//1907 1802//1891 
f 1816//1907 1815//1906 1801//1890 
f 1815//1906 1814//1905 1800//1889 
f 1814//1905 1813//1904 1799//1888 
f 1813//1904 1812//1903 1798//1887 
f 1812//1903 1811//1902 1797//1886 
f 1811//1902 1810//1901 1796//1885 
f 1810//1901 1809//1900 1795//1884 
f 1809//1900 1808//1899 1794//1883 
f 1808//1899 1807//1898 1793//1882 
f 1807//1898 1806//1897 1792//1881 
f 1806//1897 1805//1896 1791//1880 
f 1805//1896 1581//1911 1582//1895 
f 1596//1894 1804//1893 1790//1877 
f 1804//1893 1803//1892 1789//1876 
f 1803//1892 1802//1891 1788//1875 
f 1802//1891 1801//1890 1787//1874 
f 1801//1890 1800//1889 1786//1873 
f 1800//1889 1799//1888 1785//1872 
f 1799//1888 1798//1887 1784//1871 
f 1798//1887 1797//1886 1783//1870 
f 1797//1886 1796//1885 1782//1869 
f 1796//1885 1795//1884 1781//1868 
f 1795//1884 1794//1883 1780//1867 
f 1794//1883 1793//1882 1779//1866 
f 1793//1882 1792//1881 1778//1865 
f 1792//1881 1791//1880 1777//1864 
f 1791//1880 1582//1895 1583//1879 
f 1597//1878 1790//1877 1776//1861 
f 1790//1877 1789//1876 1775//1860 
f 1789//1876 1788//1875 1774//1859 
f 1788//1875 1787//1874 1773//1858 
f 1787//1874 1786//1873 1772//1857 
f 1786//1873 1785//1872 1771//1856 
f 1785//1872 1784//1871 1770//1855 
f 1784//1871 1783//1870 1769//1854 
f 1783//1870 1782//1869 1768//1853 
f 1782//1869 1781//1868 1767//1852 
f 1781//1868 1780//1867 1766//1851 
f 1780//1867 1779//1866 1765//1850 
f 1779//1866 1778//1865 1764//1849 
f 1778//1865 1777//1864 1763//1848 
f 1777//1864 1583//1879 1584//1863 
f 1598//1862 1776//1861 1762//1845 
f 1776//1861 1775//1860 1761//1844 
f 1775//1860 1774//1859 1760//1843 
f 1774//1859 1773//1858 1759//1842 
f 1773//1858 1772//1857 1758//1841 
f 1772//1857 1771//1856 1757//1840 
f 1771//1856 1770//1855 1756//1839 
f 1770//1855 1769//1854 1755//1838 
f 1769//1854 1768//1853 1754//1837 
f 1768//1853 1767//1852 1753//1836 
f 1767//1852 1766//1851 1752//1835 
f 1766//1851 1765//1850 1751//1834 
f 1765//1850 1764//1849 1750//1833 
f 1764//1849 1763//1848 1749//1832 
f 1763//1848 1584//1863 1585//1847 
f 1599//1846 1762//1845 1748//1829 
f 1762//1845 1761//1844 1747//1828 
f 1761//1844 1760//1843 1746//1827 
f 1760//1843 1759//1842 1745//1826 
f 1759//1842 1758//1841 1744//1825 
f 1758//1841 1757//1840 1743//1824 
f 1757//1840 1756//1839 1742//1823 
f 1756//1839 1755//1838 1741//1822 
f 1755//1838 1754//1837 1740//1821 
f 1754//1837 1753//1836 1739//1820 
f 1753//1836 1752//1835 1738//1819 
f 1752//1835 1751//1834 1737//1818 
f 1751//1834 1750//1833 1736//1817 
f 1750//1833 1749//1832 1735//1816 
f 1749//1832 1585//1847 1586//1831 
f 1600//1830 1748//1829 1734//1813 
f 1748//1829 1747//1828 1733//1812 
f 1747//1828 1746//1827 1732//1811 
f 1746//1827 1745//1826 1731//1810 
f 1745//1826 1744//1825 1730//1809 
f 1744//1825 1743//1824 1729//1808 
f 1743//1824 1742//1823 1728//1807 
f 1742//1823 1741//1822 1727//1806 
f 1741//1822 1740//1821 1726//1805 
f 1740//1821 1739//1820 1725//1804 
f 1739//1820 1738//1819 1724//1803 
f 1738//1819 1737//1818 1723//1802 
f 1737//1818 1736//1817 1722//1801 
f 1736//1817 1735//1816 1721//1800 
f 1735//1816 1586//1831 1587//1815 
f 1601//1814 1734//1813 1720//1797 
f 1734//1813 1733//1812 1719//1796 
f 1733//1812 1732//1811 1718//1795 
f 1732//1811 1731//1810 1717//1794 
f 1731//1810 1730//1809 1716//1793 
f 1730//1809 1729//1808 1715//1792 
f 1729//1808 1728//1807 1714//1791 
f 1728//1807 1727//1806 1713//1790 
f 1727//1806 1726//1805 1712//1789 
f 1726//1805 1725//1804 1711//1788 
f 1725//1804 1724//1803 1710//1787 
f 1724//1803 1723//1802 1709//1786 
f 1723//1802 1722//1801 1708//1785 
f 1722//1801 1721//1800 1707//1784 
f 1721//1800 1587//1815 1588//1799 
f 1602//1798 1720//1797 1706//1781 
f 1720//1797 1719//1796 1705//1780 
f 1719//1796 1718//1795 1704//1779 
f 1718//1795 1717//1794 1703//1778 
f 1717//1794 1716//1793 1702//1777 
f 1716//1793 1715//1792 1701//1776 
f 1715//1792 1714//1791 1700//1775 
f 1714//1791 1713//1790 1699//1774 
f 1713//1790 1712//1789 1698//1773 
f 1712//1789 1711//1788 1697//1772 
f 1711//1788 1710//1787 1696//1771 
f 1710//1787 1709//1786 1695//1770 
f 1709//1786 1708//1785 1694//1769 
f 1708//1785 1707//1784 1693//1768 
f 1707//1784 1588//1799 1589//1783 
f 1603//1782 1706//1781 1692//1765 
f 1706//1781 1705//1780 1691//1764 
f 1705//1780 1704//1779 1690//1763 
f 1704//1779 1703//1778 1689//1762 
f 1703//1778 1702//1777 1688//1761 
f 1702//1777 1701//1776 1687//1760 
f 1701//1776 1700//1775 1686//1759 
f 1700//1775 1699//1774 1685//1758 
f 1699//1774 1698//1773 1684//1757 
f 1698//1773 1697//1772 1683//1756 
f 1697//1772 1696//1771 1682//1755 
f 1696//1771 1695//1770 1681//1754 
f 1695//1770 1694//1769 1680//1753 
f 1694//1769 1693//1768 1679//1752 
f 1693//1768 1589//1783 1590//1767 
f 1604//1766 1692//1765 1678//1749 
f 1692//1765 1691//1764 1677//1748 
f 1691//1764 1690//1763 1676//1747 
f 1690//1763 1689//1762 1675//1746 
f 1689//1762 1688//1761 1674//1745 
f 1688//1761 1687//1760 1673//1744 
f 1687//1760 1686//1759 1672//1743 
f 1686//1759 1685//1758 1671//1742 
f 1685//1758 1684//1757 1670//1741 
f 1684//1757 1683//1756 1669//1740 
f 1683//1756 1682//1755 1668//1739 
f 1682//1755 1681//1754 1667//1738 
f 1681//1754 1680//1753 1666//1737 
f 1680//1753 1679//1752 1665//1736 
f 1679//1752 1590//1767 1591//1751 
f 1605//1750 1678//1749 1664//1733 
f 1678//1749 1677//1748 1663//1732 
f 1677//1748 1676//1747 1662//1731 
f 1676//1747 1675//1746 1661//1730 
f 1675//1746 1674//1745 1660//1729 
f 1674//1745 1673//1744 1659//1728 
f 1673//1744 1672//1743 1658//1727 
f 1672//1743 1671//1742 1657//1726 
f 1671//1742 1670//1741 1656//1725 
f 1670//1741 1669//1740 1655//1724 
f 1669//1740 1668//1739 1654//1723 
f 1668//1739 1667//1738 1653//1722 
f 1667//1738 1666//1737 1652//1721 
f 1666//1737 1665//1736 1651//1720 
f 1665//1736 1591//1751 1592//1735 
f 1606//1734 1664//1733 1650//1716 
f 1664//1733 1663//1732 1648//1714 
f 1663//1732 1662//1731 1646//1712 
f 1662//1731 1661//1730 1644//1710 
f 1661//1730 1660//1729 1642//1708 
f 1660//1729 1659//1728 1640//1706 
f 1659//1728 1658//1727 1638//1704 
f 1658//1727 1657//1726 1636//1702 
f 1657//1726 1656//1725 1634//1700 
f 1656//1725 1655//1724 1632//1698 
f 1655//1724 1654//1723 1630//1696 
f 1654//1723 1653//1722 1628//1694 
f 1653//1722 1652//1721 1626//1692 
f 1652//1721 1651//1720 1624//1690 
f 1651//1720 1592//1735 1593//1719 
f 1607//1718 1650//1716 1649//1715 
f 1650//1716 1648//1714 1647//1713 
f 1648//1714 1646//1712 1645//1711 
f 1646//1712 1644//1710 1643//1709 
f 1644//1710 1642//1708 1641//1707 
f 1642//1708 1640//1706 1639//1705 
f 1640//1706 1638//1704 1637//1703 
f 1638//1704 1636//1702 1635//1701 
f 1636//1702 1634//1700 1633//1699 
f 1634//1700 1632//1698 1631//1697 
f 1632//1698 1630//1696 1629//1695 
f 1630//1696 1628//1694 1627//1693 
f 1628//1694 1626//1692 1625//1691 
f 1626//1692 1624//1690 1623//1689 
f 1624//1690 1593//1719 1594//1688 
f 1608//1717 1649//1715 1097//1928 
f 1649//1715 1647//1713 1097//1928 
f 1647//1713 1645//1711 1097//1928 
f 1645//1711 1643//1709 1097//1928 
f 1643//1709 1641//1707 1097//1928 
f 1641//1707 1639//1705 1097//1928 
f 1639//1705 1637//1703 1097//1928 
f 1637//1703 1635//1701 1097//1928 
f 1635//1701 1633//1699 1097//1928 
f 1633//1699 1631//1697 1097//1928 
f 1631//1697 1629//1695 1097//1928 
f 1629//1695 1627//1693 1097//1928 
f 1627//1693 1625//1691 1097//1928 
f 1625//1691 1623//1689 1097//1928 
f 1623//1689 1594//1688 1097//1928 
o mesh31
f 1381//1929 1382//1930 1580//1930 
f 1380//1931 1381//1929 1819//1932 
f 1379//1933 1380//1931 1820//1934 
f 1378//1935 1379//1933 1821//1936 
f 1377//1937 1378//1935 1822//1938 
f 1376//1939 1377//1937 1823//1940 
f 1375//1941 1376//1939 1824//1942 
f 1374//1943 1375//1941 1825//1944 
f 1373//1945 1374//1943 1826//1946 
f 1372//1947 1373//1945 1827//1948 
f 1371//1949 1372//1947 1828//1950 
f 1370//1951 1371//1949 1829//1952 
f 1369//1953 1370//1951 1830//1954 
f 1368//1955 1369//1953 1831//1956 
f 1094//1957 1368//1955 1832//1958 
f 1832//1958 1093//1957 1094//1957 
f 1831//1956 1832//1958 1368//1955 
f 1830//1954 1831//1956 1369//1953 
f 1829//1952 1830//1954 1370//1951 
f 1828//1950 1829//1952 1371//1949 
f 1827//1948 1828//1950 1372//1947 
f 1826//1946 1827//1948 1373//1945 
f 1825//1944 1826//1946 1374//1943 
f 1824//1942 1825//1944 1375//1941 
f 1823//1940 1824//1942 1376//1939 
f 1822//1938 1823//1940 1377//1937 
f 1821//1936 1822//1938 1378//1935 
f 1820//1934 1821//1936 1379//1933 
f 1819//1932 1820//1934 1380//1931 
f 1580//1930 1819//1932 1381//1929 
o mesh32
f 1833//1959 1580//1960 1579//1960 
f 1834//1961 1833//1959 1609//1962 
f 1835//1963 1834//1961 1610//1964 
f 1836//1965 1835//1963 1611//1966 
f 1837//1967 1836//1965 1612//1968 
f 1838//1969 1837//1967 1613//1970 
f 1839//1971 1838//1969 1614//1972 
f 1840//1973 1839//1971 1615//1974 
f 1841//1975 1840//1973 1616//1976 
f 1842//1977 1841//1975 1617//1978 
f 1843//1979 1842//1977 1618//1980 
f 1844//1981 1843//1979 1619//1982 
f 1845//1983 1844//1981 1620//1984 
f 1846//1985 1845//1983 1621//1986 
f 1095//1987 1846//1985 1622//1988 
f 1622//1988 1096//1987 1095//1987 
f 1621//1986 1622//1988 1846//1985 
f 1620//1984 1621//1986 1845//1983 
f 1619//1982 1620//1984 1844//1981 
f 1618//1980 1619//1982 1843//1979 
f 1617//1978 1618//1980 1842//1977 
f 1616//1976 1617//1978 1841//1975 
f 1615//1974 1616//1976 1840//1973 
f 1614//1972 1615//1974 1839//1971 
f 1613//1970 1614//1972 1838//1969 
f 1612//1968 1613//1970 1837//1967 
f 1611//1966 1612//1968 1836//1965 
f 1610//1964 1611//1966 1835//1963 
f 1609//1962 1610//1964 1834//1961 
f 1579//1960 1609//1962 1833//1959 
o mesh33
f 1847//1989 1095//1990 1037//1990 
f 1848//1991 1847//1989 1038//1992 
f 1849//1993 1848//1991 1044//1994 
f 1850//1995 1849//1993 1040//1996 
f 1851//1997 1850//1995 1039//1998 
f 1852//1999 1851//1997 1041//2000 
f 1853//2001 1852//1999 1042//2002 
f 1854//2003 1853//2001 1029//2004 
f 1855//2005 1854//2003 1030//2006 
f 1856//2007 1855//2005 1031//2008 
f 1857//2009 1856//2007 1066//2010 
f 1858//2011 1857//2009 1046//2012 
f 1859//2013 1858//2011 1045//2014 
f 1860//2015 1859//2013 1047//2016 
f 1093//2017 1860//2015 1049//2018 
f 1049//2018 1048//2017 1093//2017 
f 1047//2016 1049//2018 1860//2015 
f 1045//2014 1047//2016 1859//2013 
f 1046//2012 1045//2014 1858//2011 
f 1066//2010 1046//2012 1857//2009 
f 1031//2008 1066//2010 1856//2007 
f 1030//2006 1031//2008 1855//2005 
f 1029//2004 1030//2006 1854//2003 
f 1042//2002 1029//2004 1853//2001 
f 1041//2000 1042//2002 1852//1999 
f 1039//1998 1041//2000 1851//1997 
f 1040//1996 1039//1998 1850//1995 
f 1044//1994 1040//1996 1849//1993 
f 1038//1992 1044//1994 1848//1991 
f 1037//1990 1038//1992 1847//1989 
o mesh34
f 1819//2019 1861//2020 1862//2021 
f 1861//2020 1863//2022 1864//2023 
f 1863//2022 1865//2024 1866//2025 
f 1865//2024 1867//2026 1868//2027 
f 1867//2026 1869//2028 1870//2029 
f 1869//2028 1871//2030 1872//2031 
f 1871//2030 1873//2032 1874//2033 
f 1873//2032 1875//2034 1876//2035 
f 1875//2034 1877//2036 1878//2037 
f 1877//2036 1879//2038 1880//2039 
f 1879//2038 1881//2040 1882//2041 
f 1881//2040 1883//2042 1884//2043 
f 1883//2042 1885//2044 1886//2045 
f 1885//2044 1887//2046 1888//2047 
f 1887//2046 1833//2048 1834//2049 
f 1820//2050 1862//2021 1889//2051 
f 1862//2021 1864//2023 1890//2052 
f 1864//2023 1866//2025 1891//2053 
f 1866//2025 1868//2027 1892//2054 
f 1868//2027 1870//2029 1893//2055 
f 1870//2029 1872//2031 1894//2056 
f 1872//2031 1874//2033 1895//2057 
f 1874//2033 1876//2035 1896//2058 
f 1876//2035 1878//2037 1897//2059 
f 1878//2037 1880//2039 1898//2060 
f 1880//2039 1882//2041 1899//2061 
f 1882//2041 1884//2043 1900//2062 
f 1884//2043 1886//2045 1901//2063 
f 1886//2045 1888//2047 1902//2064 
f 1888//2047 1834//2049 1835//2065 
f 1821//2066 1889//2051 1903//2067 
f 1889//2051 1890//2052 1904//2068 
f 1890//2052 1891//2053 1905//2069 
f 1891//2053 1892//2054 1906//2070 
f 1892//2054 1893//2055 1907//2071 
f 1893//2055 1894//2056 1908//2072 
f 1894//2056 1895//2057 1909//2073 
f 1895//2057 1896//2058 1910//2074 
f 1896//2058 1897//2059 1911//2075 
f 1897//2059 1898//2060 1912//2076 
f 1898//2060 1899//2061 1913//2077 
f 1899//2061 1900//2062 1914//2078 
f 1900//2062 1901//2063 1915//2079 
f 1901//2063 1902//2064 1916//2080 
f 1902//2064 1835//2065 1836//2081 
f 1822//2082 1903//2067 1917//2083 
f 1903//2067 1904//2068 1918//2084 
f 1904//2068 1905//2069 1919//2085 
f 1905//2069 1906//2070 1920//2086 
f 1906//2070 1907//2071 1921//2087 
f 1907//2071 1908//2072 1922//2088 
f 1908//2072 1909//2073 1923//2089 
f 1909//2073 1910//2074 1924//2090 
f 1910//2074 1911//2075 1925//2091 
f 1911//2075 1912//2076 1926//2092 
f 1912//2076 1913//2077 1927//2093 
f 1913//2077 1914//2078 1928//2094 
f 1914//2078 1915//2079 1929//2095 
f 1915//2079 1916//2080 1930//2096 
f 1916//2080 1836//2081 1837//2097 
f 1823//2098 1917//2083 1931//2099 
f 1917//2083 1918//2084 1932//2100 
f 1918//2084 1919//2085 1933//2101 
f 1919//2085 1920//2086 1934//2102 
f 1920//2086 1921//2087 1935//2103 
f 1921//2087 1922//2088 1936//2104 
f 1922//2088 1923//2089 1937//2105 
f 1923//2089 1924//2090 1938//2106 
f 1924//2090 1925//2091 1939//2107 
f 1925//2091 1926//2092 1940//2108 
f 1926//2092 1927//2093 1941//2109 
f 1927//2093 1928//2094 1942//2110 
f 1928//2094 1929//2095 1943//2111 
f 1929//2095 1930//2096 1944//2112 
f 1930//2096 1837//2097 1838//2113 
f 1824//2114 1931//2099 1945//2115 
f 1931//2099 1932//2100 1946//2116 
f 1932//2100 1933//2101 1947//2117 
f 1933//2101 1934//2102 1948//2118 
f 1934//2102 1935//2103 1949//2119 
f 1935//2103 1936//2104 1950//2120 
f 1936//2104 1937//2105 1951//2121 
f 1937//2105 1938//2106 1952//2122 
f 1938//2106 1939//2107 1953//2123 
f 1939//2107 1940//2108 1954//2124 
f 1940//2108 1941//2109 1955//2125 
f 1941//2109 1942//2110 1956//2126 
f 1942//2110 1943//2111 1957//2127 
f 1943//2111 1944//2112 1958//2128 
f 1944//2112 1838//2113 1839//2129 
f 1825//2130 1945//2115 1959//2131 
f 1945//2115 1946//2116 1960//2132 
f 1946//2116 1947//2117 1961//2133 
f 1947//2117 1948//2118 1962//2134 
f 1948//2118 1949//2119 1963//2135 
f 1949//2119 1950//2120 1964//2136 
f 1950//2120 1951//2121 1965//2137 
f 1951//2121 1952//2122 1966//2138 
f 1952//2122 1953//2123 1967//2139 
f 1953//2123 1954//2124 1968//2140 
f 1954//2124 1955//2125 1969//2141 
f 1955//2125 1956//2126 1970//2142 
f 1956//2126 1957//2127 1971//2143 
f 1957//2127 1958//2128 1972//2144 
f 1958//2128 1839//2129 1840//2145 
f 1826//2146 1959//2131 1973//2147 
f 1959//2131 1960//2132 1974//2148 
f 1960//2132 1961//2133 1975//2149 
f 1961//2133 1962//2134 1976//2150 
f 1962//2134 1963//2135 1977//2151 
f 1963//2135 1964//2136 1978//2152 
f 1964//2136 1965//2137 1979//2153 
f 1965//2137 1966//2138 1980//2154 
f 1966//2138 1967//2139 1981//2155 
f 1967//2139 1968//2140 1982//2156 
f 1968//2140 1969//2141 1983//2157 
f 1969//2141 1970//2142 1984//2158 
f 1970//2142 1971//2143 1985//2159 
f 1971//2143 1972//2144 1986//2160 
f 1972//2144 1840//2145 1841//2161 
f 1827//2162 1973//2147 1987//2163 
f 1973//2147 1974//2148 1988//2164 
f 1974//2148 1975//2149 1989//2165 
f 1975//2149 1976//2150 1990//2166 
f 1976//2150 1977//2151 1991//2167 
f 1977//2151 1978//2152 1992//2168 
f 1978//2152 1979//2153 1993//2169 
f 1979//2153 1980//2154 1994//2170 
f 1980//2154 1981//2155 1995//2171 
f 1981//2155 1982//2156 1996//2172 
f 1982//2156 1983//2157 1997//2173 
f 1983//2157 1984//2158 1998//2174 
f 1984//2158 1985//2159 1999//2175 
f 1985//2159 1986//2160 2000//2176 
f 1986//2160 1841//2161 1842//2177 
f 1828//2178 1987//2163 2001//2179 
f 1987//2163 1988//2164 2002//2180 
f 1988//2164 1989//2165 2003//2181 
f 1989//2165 1990//2166 2004//2182 
f 1990//2166 1991//2167 2005//2183 
f 1991//2167 1992//2168 2006//2184 
f 1992//2168 1993//2169 2007//2185 
f 1993//2169 1994//2170 2008//2186 
f 1994//2170 1995//2171 2009//2187 
f 1995//2171 1996//2172 2010//2188 
f 1996//2172 1997//2173 2011//2189 
f 1997//2173 1998//2174 2012//2190 
f 1998//2174 1999//2175 2013//2191 
f 1999//2175 2000//2176 2014//2192 
f 2000//2176 1842//2177 1843//2193 
f 1829//2194 2001//2179 2015//2195 
f 2001//2179 2002//2180 2016//2196 
f 2002//2180 2003//2181 2017//2197 
f 2003//2181 2004//2182 2018//2198 
f 2004//2182 2005//2183 2019//2199 
f 2005//2183 2006//2184 2020//2200 
f 2006//2184 2007//2185 2021//2201 
f 2007//2185 2008//2186 2022//2202 
f 2008//2186 2009//2187 2023//2203 
f 2009//2187 2010//2188 2024//2204 
f 2010//2188 2011//2189 2025//2205 
f 2011//2189 2012//2190 2026//2206 
f 2012//2190 2013//2191 2027//2207 
f 2013//2191 2014//2192 2028//2208 
f 2014//2192 1843//2193 1844//2209 
f 1830//2210 2015//2195 2029//2211 
f 2015//2195 2016//2196 2030//2212 
f 2016//2196 2017//2197 2031//2213 
f 2017//2197 2018//2198 2032//2214 
f 2018//2198 2019//2199 2033//2215 
f 2019//2199 2020//2200 2034//2216 
f 2020//2200 2021//2201 2035//2217 
f 2021//2201 2022//2202 2036//2218 
f 2022//2202 2023//2203 2037//2219 
f 2023//2203 2024//2204 2038//2220 
f 2024//2204 2025//2205 2039//2221 
f 2025//2205 2026//2206 2040//2222 
f 2026//2206 2027//2207 2041//2223 
f 2027//2207 2028//2208 2042//2224 
f 2028//2208 1844//2209 1845//2225 
f 1831//2226 2029//2211 2043//2227 
f 2029//2211 2030//2212 2044//2228 
f 2030//2212 2031//2213 2045//2229 
f 2031//2213 2032//2214 2046//2230 
f 2032//2214 2033//2215 2047//2231 
f 2033//2215 2034//2216 2048//2232 
f 2034//2216 2035//2217 2049//2233 
f 2035//2217 2036//2218 2050//2234 
f 2036//2218 2037//2219 2051//2235 
f 2037//2219 2038//2220 2052//2236 
f 2038//2220 2039//2221 2053//2237 
f 2039//2221 2040//2222 2054//2238 
f 2040//2222 2041//2223 2055//2239 
f 2041//2223 2042//2224 2056//2240 
f 2042//2224 1845//2225 1846//2241 
f 1832//2242 2043//2227 1860//2243 
f 2043//2227 2044//2228 1859//2244 
f 2044//2228 2045//2229 1858//2245 
f 2045//2229 2046//2230 1857//2246 
f 2046//2230 2047//2231 1856//2247 
f 2047//2231 2048//2232 1855//2248 
f 2048//2232 2049//2233 1854//2249 
f 2049//2233 2050//2234 1853//2250 
f 2050//2234 2051//2235 1852//2251 
f 2051//2235 2052//2236 1851//2252 
f 2052//2236 2053//2237 1850//2253 
f 2053//2237 2054//2238 1849//2254 
f 2054//2238 2055//2239 1848//2255 
f 2055//2239 2056//2240 1847//2256 
f 2056//2240 1846//2241 1095//2257 
f 1095//2257 1847//2256 2056//2240 
f 1847//2256 1848//2255 2055//2239 
f 1848//2255 1849//2254 2054//2238 
f 1849//2254 1850//2253 2053//2237 
f 1850//2253 1851//2252 2052//2236 
f 1851//2252 1852//2251 2051//2235 
f 1852//2251 1853//2250 2050//2234 
f 1853//2250 1854//2249 2049//2233 
f 1854//2249 1855//2248 2048//2232 
f 1855//2248 1856//2247 2047//2231 
f 1856//2247 1857//2246 2046//2230 
f 1857//2246 1858//2245 2045//2229 
f 1858//2245 1859//2244 2044//2228 
f 1859//2244 1860//2243 2043//2227 
f 1860//2243 1093//2258 1832//2242 
f 1846//2241 2056//2240 2042//2224 
f 2056//2240 2055//2239 2041//2223 
f 2055//2239 2054//2238 2040//2222 
f 2054//2238 2053//2237 2039//2221 
f 2053//2237 2052//2236 2038//2220 
f 2052//2236 2051//2235 2037//2219 
f 2051//2235 2050//2234 2036//2218 
f 2050//2234 2049//2233 2035//2217 
f 2049//2233 2048//2232 2034//2216 
f 2048//2232 2047//2231 2033//2215 
f 2047//2231 2046//2230 2032//2214 
f 2046//2230 2045//2229 2031//2213 
f 2045//2229 2044//2228 2030//2212 
f 2044//2228 2043//2227 2029//2211 
f 2043//2227 1832//2242 1831//2226 
f 1845//2225 2042//2224 2028//2208 
f 2042//2224 2041//2223 2027//2207 
f 2041//2223 2040//2222 2026//2206 
f 2040//2222 2039//2221 2025//2205 
f 2039//2221 2038//2220 2024//2204 
f 2038//2220 2037//2219 2023//2203 
f 2037//2219 2036//2218 2022//2202 
f 2036//2218 2035//2217 2021//2201 
f 2035//2217 2034//2216 2020//2200 
f 2034//2216 2033//2215 2019//2199 
f 2033//2215 2032//2214 2018//2198 
f 2032//2214 2031//2213 2017//2197 
f 2031//2213 2030//2212 2016//2196 
f 2030//2212 2029//2211 2015//2195 
f 2029//2211 1831//2226 1830//2210 
f 1844//2209 2028//2208 2014//2192 
f 2028//2208 2027//2207 2013//2191 
f 2027//2207 2026//2206 2012//2190 
f 2026//2206 2025//2205 2011//2189 
f 2025//2205 2024//2204 2010//2188 
f 2024//2204 2023//2203 2009//2187 
f 2023//2203 2022//2202 2008//2186 
f 2022//2202 2021//2201 2007//2185 
f 2021//2201 2020//2200 2006//2184 
f 2020//2200 2019//2199 2005//2183 
f 2019//2199 2018//2198 2004//2182 
f 2018//2198 2017//2197 2003//2181 
f 2017//2197 2016//2196 2002//2180 
f 2016//2196 2015//2195 2001//2179 
f 2015//2195 1830//2210 1829//2194 
f 1843//2193 2014//2192 2000//2176 
f 2014//2192 2013//2191 1999//2175 
f 2013//2191 2012//2190 1998//2174 
f 2012//2190 2011//2189 1997//2173 
f 2011//2189 2010//2188 1996//2172 
f 2010//2188 2009//2187 1995//2171 
f 2009//2187 2008//2186 1994//2170 
f 2008//2186 2007//2185 1993//2169 
f 2007//2185 2006//2184 1992//2168 
f 2006//2184 2005//2183 1991//2167 
f 2005//2183 2004//2182 1990//2166 
f 2004//2182 2003//2181 1989//2165 
f 2003//2181 2002//2180 1988//2164 
f 2002//2180 2001//2179 1987//2163 
f 2001//2179 1829//2194 1828//2178 
f 1842//2177 2000//2176 1986//2160 
f 2000//2176 1999//2175 1985//2159 
f 1999//2175 1998//2174 1984//2158 
f 1998//2174 1997//2173 1983//2157 
f 1997//2173 1996//2172 1982//2156 
f 1996//2172 1995//2171 1981//2155 
f 1995//2171 1994//2170 1980//2154 
f 1994//2170 1993//2169 1979//2153 
f 1993//2169 1992//2168 1978//2152 
f 1992//2168 1991//2167 1977//2151 
f 1991//2167 1990//2166 1976//2150 
f 1990//2166 1989//2165 1975//2149 
f 1989//2165 1988//2164 1974//2148 
f 1988//2164 1987//2163 1973//2147 
f 1987//2163 1828//2178 1827//2162 
f 1841//2161 1986//2160 1972//2144 
f 1986//2160 1985//2159 1971//2143 
f 1985//2159 1984//2158 1970//2142 
f 1984//2158 1983//2157 1969//2141 
f 1983//2157 1982//2156 1968//2140 
f 1982//2156 1981//2155 1967//2139 
f 1981//2155 1980//2154 1966//2138 
f 1980//2154 1979//2153 1965//2137 
f 1979//2153 1978//2152 1964//2136 
f 1978//2152 1977//2151 1963//2135 
f 1977//2151 1976//2150 1962//2134 
f 1976//2150 1975//2149 1961//2133 
f 1975//2149 1974//2148 1960//2132 
f 1974//2148 1973//2147 1959//2131 
f 1973//2147 1827//2162 1826//2146 
f 1840//2145 1972//2144 1958//2128 
f 1972//2144 1971//2143 1957//2127 
f 1971//2143 1970//2142 1956//2126 
f 1970//2142 1969//2141 1955//2125 
f 1969//2141 1968//2140 1954//2124 
f 1968//2140 1967//2139 1953//2123 
f 1967//2139 1966//2138 1952//2122 
f 1966//2138 1965//2137 1951//2121 
f 1965//2137 1964//2136 1950//2120 
f 1964//2136 1963//2135 1949//2119 
f 1963//2135 1962//2134 1948//2118 
f 1962//2134 1961//2133 1947//2117 
f 1961//2133 1960//2132 1946//2116 
f 1960//2132 1959//2131 1945//2115 
f 1959//2131 1826//2146 1825//2130 
f 1839//2129 1958//2128 1944//2112 
f 1958//2128 1957//2127 1943//2111 
f 1957//2127 1956//2126 1942//2110 
f 1956//2126 1955//2125 1941//2109 
f 1955//2125 1954//2124 1940//2108 
f 1954//2124 1953//2123 1939//2107 
f 1953//2123 1952//2122 1938//2106 
f 1952//2122 1951//2121 1937//2105 
f 1951//2121 1950//2120 1936//2104 
f 1950//2120 1949//2119 1935//2103 
f 1949//2119 1948//2118 1934//2102 
f 1948//2118 1947//2117 1933//2101 
f 1947//2117 1946//2116 1932//2100 
f 1946//2116 1945//2115 1931//2099 
f 1945//2115 1825//2130 1824//2114 
f 1838//2113 1944//2112 1930//2096 
f 1944//2112 1943//2111 1929//2095 
f 1943//2111 1942//2110 1928//2094 
f 1942//2110 1941//2109 1927//2093 
f 1941//2109 1940//2108 1926//2092 
f 1940//2108 1939//2107 1925//2091 
f 1939//2107 1938//2106 1924//2090 
f 1938//2106 1937//2105 1923//2089 
f 1937//2105 1936//2104 1922//2088 
f 1936//2104 1935//2103 1921//2087 
f 1935//2103 1934//2102 1920//2086 
f 1934//2102 1933//2101 1919//2085 
f 1933//2101 1932//2100 1918//2084 
f 1932//2100 1931//2099 1917//2083 
f 1931//2099 1824//2114 1823//2098 
f 1837//2097 1930//2096 1916//2080 
f 1930//2096 1929//2095 1915//2079 
f 1929//2095 1928//2094 1914//2078 
f 1928//2094 1927//2093 1913//2077 
f 1927//2093 1926//2092 1912//2076 
f 1926//2092 1925//2091 1911//2075 
f 1925//2091 1924//2090 1910//2074 
f 1924//2090 1923//2089 1909//2073 
f 1923//2089 1922//2088 1908//2072 
f 1922//2088 1921//2087 1907//2071 
f 1921//2087 1920//2086 1906//2070 
f 1920//2086 1919//2085 1905//2069 
f 1919//2085 1918//2084 1904//2068 
f 1918//2084 1917//2083 1903//2067 
f 1917//2083 1823//2098 1822//2082 
f 1836//2081 1916//2080 1902//2064 
f 1916//2080 1915//2079 1901//2063 
f 1915//2079 1914//2078 1900//2062 
f 1914//2078 1913//2077 1899//2061 
f 1913//2077 1912//2076 1898//2060 
f 1912//2076 1911//2075 1897//2059 
f 1911//2075 1910//2074 1896//2058 
f 1910//2074 1909//2073 1895//2057 
f 1909//2073 1908//2072 1894//2056 
f 1908//2072 1907//2071 1893//2055 
f 1907//2071 1906//2070 1892//2054 
f 1906//2070 1905//2069 1891//2053 
f 1905//2069 1904//2068 1890//2052 
f 1904//2068 1903//2067 1889//2051 
f 1903//2067 1822//2082 1821//2066 
f 1835//2065 1902//2064 1888//2047 
f 1902//2064 1901//2063 1886//2045 
f 1901//2063 1900//2062 1884//2043 
f 1900//2062 1899//2061 1882//2041 
f 1899//2061 1898//2060 1880//2039 
f 1898//2060 1897//2059 1878//2037 
f 1897//2059 1896//2058 1876//2035 
f 1896//2058 1895//2057 1874//2033 
f 1895//2057 1894//2056 1872//2031 
f 1894//2056 1893//2055 1870//2029 
f 1893//2055 1892//2054 1868//2027 
f 1892//2054 1891//2053 1866//2025 
f 1891//2053 1890//2052 1864//2023 
f 1890//2052 1889//2051 1862//2021 
f 1889//2051 1821//2066 1820//2050 
f 1834//2049 1888//2047 1887//2046 
f 1888//2047 1886//2045 1885//2044 
f 1886//2045 1884//2043 1883//2042 
f 1884//2043 1882//2041 1881//2040 
f 1882//2041 1880//2039 1879//2038 
f 1880//2039 1878//2037 1877//2036 
f 1878//2037 1876//2035 1875//2034 
f 1876//2035 1874//2033 1873//2032 
f 1874//2033 1872//2031 1871//2030 
f 1872//2031 1870//2029 1869//2028 
f 1870//2029 1868//2027 1867//2026 
f 1868//2027 1866//2025 1865//2024 
f 1866//2025 1864//2023 1863//2022 
f 1864//2023 1862//2021 1861//2020 
f 1862//2021 1820//2050 1819//2019 
f 1833//2048 1887//2046 1580//2259 
f 1887//2046 1885//2044 1580//2259 
f 1885//2044 1883//2042 1580//2259 
f 1883//2042 1881//2040 1580//2259 
f 1881//2040 1879//2038 1580//2259 
f 1879//2038 1877//2036 1580//2259 
f 1877//2036 1875//2034 1580//2259 
f 1875//2034 1873//2032 1580//2259 
f 1873//2032 1871//2030 1580//2259 
f 1871//2030 1869//2028 1580//2259 
f 1869//2028 1867//2026 1580//2259 
f 1867//2026 1865//2024 1580//2259 
f 1865//2024 1863//2022 1580//2259 
f 1863//2022 1861//2020 1580//2259 
f 1861//2020 1819//2019 1580//2259 
g Part 1
v -0.0267524 7.81281e-07 0.027125 
v -0.0267524 0 0.027125 
v -0.0267524 0 0.027 
v -0.03 0 0.029 
v -0.0274557 3.40103e-05 0.027531 
v -0.0275652 4.13231e-05 0.0275943 
v -0.0272473 2.01011e-05 0.0274107 
v -0.0273488 2.68751e-05 0.0274693 
v -0.0270707 8.31002e-06 0.0273088 
v -0.0271538 1.38603e-05 0.0273568 
v -0.027 3.59048e-06 0.0272679 
v -0.0276746 4.86215e-05 0.0276574 
v -0.0278731 7.29305e-05 0.027772 
v -0.0279075 7.87826e-05 0.0277919 
v -0.0288 0.000259955 0.0283072 
v -0.0288622 0.000277158 0.0283431 
v -0.0277663 5.47479e-05 0.0277104 
v -0.0285258 0.000184084 0.0281488 
v -0.0292723 0.000390583 0.0285798 
v -0.0296652 0.000542878 0.0288067 
v -0.03 0.000672621 0.029 
v -0.0306652 0.000847257 0.0286159 
v -0.0308605 0.000898521 0.0285032 
v -0.0332476 0 0.027125 
v -0.0309103 0.000918278 0.0284745 
v -0.0302468 0.000737418 0.0288575 
v -0.0320153 0.00140363 0.0278365 
v -0.0324714 0.00165091 0.0275732 
v -0.031695 0.00122995 0.0280214 
v -0.031728 0.00124787 0.0280023 
v -0.0311571 0.0010163 0.028332 
v -0.0324938 0.00166306 0.0275602 
v -0.0329423 0.00197825 0.0273013 
v -0.0332476 0.00219283 0.027125 
v -0.027 0.00896634 0.0369464 
v -0.027 0.01 0.037 
v -0.0280453 0.01 0.0369452 
v -0.0290791 0.01 0.0367815 
v -0.0300902 0.01 0.0365106 
v -0.0310674 0.01 0.0361355 
v -0.032 0.01 0.0356603 
v -0.0328779 0.01 0.0350902 
v -0.0336913 0.01 0.0344314 
v -0.0344314 0.01 0.0336913 
v -0.0350902 0.01 0.0328779 
v -0.0356603 0.01 0.032 
v -0.0361355 0.01 0.0310674 
v -0.0365106 0.01 0.0300902 
v -0.0367815 0.01 0.0290791 
v -0.0369452 0.01 0.0280453 
v -0.037 0.01 0.027 
v -0.027 0.00895481 0.0369446 
v -0.027 0.00794376 0.0367863 
v -0.0369446 0.00895481 0.027 
v -0.0367863 0.00794376 0.027 
v -0.0369464 0.00896634 0.027 
v -0.027 0.00792119 0.0367803 
v -0.027 0.0069432 0.0365213 
v -0.0367803 0.00792119 0.027 
v -0.0365213 0.0069432 0.027 
v -0.027 0.00691045 0.0365089 
v -0.027 0.00597539 0.0361544 
v -0.0365089 0.00691045 0.027 
v -0.0361544 0.00597539 0.027 
v -0.027 0.0050507 0.0356893 
v -0.027 0.00593367 0.0361334 
v -0.0361334 0.00593367 0.027 
v -0.027 0.00417903 0.0351312 
v -0.027 0.00500154 0.0356579 
v -0.0356579 0.00500154 0.027 
v -0.0356893 0.0050507 0.027 
v -0.027 0.00336973 0.034486 
v -0.027 0.00412426 0.0350875 
v -0.0350875 0.00412426 0.027 
v -0.0351312 0.00417903 0.027 
v -0.027 0.00263145 0.0337605 
v -0.027 0.00331143 0.0344287 
v -0.0344287 0.00331143 0.027 
v -0.034486 0.00336973 0.027 
v -0.027 0.00197211 0.0329626 
v -0.027 0.00257195 0.0336885 
v -0.027 0.00139878 0.0321009 
v -0.027 0.0019139 0.0328751 
v -0.027 0.000917599 0.0311845 
v -0.027 0.0013445 0.0319975 
v -0.027 0.000533716 0.0302233 
v -0.027 0.000869958 0.0310652 
v -0.027 0.000251247 0.0292275 
v -0.027 0.000495473 0.0300885 
v -0.027 7.32183e-05 0.0282079 
v -0.027 0.000225135 0.029078 
v -0.0336895 0.00257062 0.027 
v -0.0332476 0.00219183 0.027 
v -0.0337605 0.00263145 0.027 
v -0.027 6.1138e-05 0.0280448 
v -0.0280397 0.00896634 0.0368919 
v -0.029068 0.00896634 0.0367291 
v -0.0300736 0.00896634 0.0364596 
v -0.0310456 0.00896634 0.0360865 
v -0.0319732 0.00896634 0.0356139 
v -0.0328464 0.00896634 0.0350468 
v -0.0336555 0.00896634 0.0343916 
v -0.0343916 0.00896634 0.0336555 
v -0.0350468 0.00896634 0.0328464 
v -0.0356139 0.00896634 0.0319732 
v -0.0360865 0.00896634 0.0310456 
v -0.0364596 0.00896634 0.0300736 
v -0.0367291 0.00896634 0.029068 
v -0.0368919 0.00896634 0.0280397 
v -0.0280229 0.00794376 0.0367327 
v -0.0290347 0.00794376 0.0365725 
v -0.0300241 0.00794376 0.0363073 
v -0.0309805 0.00794376 0.0359402 
v -0.0318932 0.00794376 0.0354752 
v -0.0327522 0.00794376 0.0349173 
v -0.0335483 0.00794376 0.0342726 
v -0.0342726 0.00794376 0.0335483 
v -0.0349173 0.00794376 0.0327522 
v -0.0354752 0.00794376 0.0318932 
v -0.0359402 0.00794376 0.0309805 
v -0.0363073 0.00794376 0.0300241 
v -0.0365725 0.00794376 0.0290347 
v -0.0367327 0.00794376 0.0280229 
v -0.0279953 0.0069432 0.0364692 
v -0.0289796 0.0069432 0.0363133 
v -0.0299423 0.0069432 0.0360553 
v -0.0308727 0.0069432 0.0356982 
v -0.0317607 0.0069432 0.0352457 
v -0.0325965 0.0069432 0.0347029 
v -0.033371 0.0069432 0.0340757 
v -0.0340757 0.0069432 0.033371 
v -0.0347029 0.0069432 0.0325965 
v -0.0352457 0.0069432 0.0317607 
v -0.0356982 0.0069432 0.0308727 
v -0.0360553 0.0069432 0.0299423 
v -0.0363133 0.0069432 0.0289796 
v -0.0364692 0.0069432 0.0279953 
v -0.0279569 0.00597539 0.0361042 
v -0.0289033 0.00597539 0.0359543 
v -0.0298289 0.00597539 0.0357063 
v -0.0307234 0.00597539 0.0353629 
v -0.0315772 0.00597539 0.0349279 
v -0.0323808 0.00597539 0.034406 
v -0.0331255 0.00597539 0.033803 
v -0.033803 0.00597539 0.0331255 
v -0.034406 0.00597539 0.0323808 
v -0.0349279 0.00597539 0.0315772 
v -0.0353629 0.00597539 0.0307234 
v -0.0357063 0.00597539 0.0298289 
v -0.0359543 0.00597539 0.0289033 
v -0.0361042 0.00597539 0.0279569 
v -0.0279083 0.0050507 0.0356417 
v -0.0288066 0.0050507 0.0354994 
v -0.0296852 0.0050507 0.035264 
v -0.0305343 0.0050507 0.0349381 
v -0.0313447 0.0050507 0.0345252 
v -0.0321075 0.0050507 0.0340298 
v -0.0328143 0.0050507 0.0334574 
v -0.0334574 0.0050507 0.0328143 
v -0.0340298 0.0050507 0.0321075 
v -0.0345252 0.0050507 0.0313447 
v -0.0349381 0.0050507 0.0305343 
v -0.035264 0.0050507 0.0296852 
v -0.0354994 0.0050507 0.0288066 
v -0.0356417 0.0050507 0.0279083 
v -0.0278499 0.00417903 0.0350867 
v -0.0286906 0.00417903 0.0349535 
v -0.0295127 0.00417903 0.0347332 
v -0.0303073 0.00417903 0.0344282 
v -0.0310656 0.00417903 0.0340418 
v -0.0317794 0.00417903 0.0335783 
v -0.0324408 0.00417903 0.0330427 
v -0.0330427 0.00417903 0.0324408 
v -0.0335783 0.00417903 0.0317794 
v -0.0340418 0.00417903 0.0310656 
v -0.0344282 0.00417903 0.0303073 
v -0.0347332 0.00417903 0.0295127 
v -0.0349535 0.00417903 0.0286906 
v -0.0350867 0.00417903 0.0278499 
v -0.0277825 0.00336973 0.0344449 
v -0.0285564 0.00336973 0.0343224 
v -0.0293133 0.00336973 0.0341196 
v -0.0300448 0.00336973 0.0338388 
v -0.030743 0.00336973 0.033483 
v -0.0314001 0.00336973 0.0330563 
v -0.0320091 0.00336973 0.0325631 
v -0.0325631 0.00336973 0.0320091 
v -0.0330563 0.00336973 0.0314001 
v -0.033483 0.00336973 0.030743 
v -0.0338388 0.00336973 0.0300448 
v -0.0341196 0.00336973 0.0293133 
v -0.0343224 0.00336973 0.0285564 
v -0.0344449 0.00336973 0.0277825 
v -0.0277067 0.00263145 0.0337235 
v -0.0284056 0.00263145 0.0336128 
v -0.0290891 0.00263145 0.0334296 
v -0.0297497 0.00263145 0.033176 
v -0.0303803 0.00263145 0.0328548 
v -0.0309737 0.00263145 0.0324694 
v -0.0315237 0.00263145 0.032024 
v -0.032024 0.00263145 0.0315237 
v -0.0324694 0.00263145 0.0309737 
v -0.0328548 0.00263145 0.0303803 
v -0.033176 0.00263145 0.0297497 
v -0.0334296 0.00263145 0.0290891 
v -0.0336128 0.00263145 0.0284056 
v -0.0337235 0.00263145 0.0277067 
v -0.0276233 0.00197211 0.03293 
v -0.0282397 0.00197211 0.0328323 
v -0.0288426 0.00197211 0.0326708 
v -0.0294252 0.00197211 0.0324471 
v -0.0299813 0.00197211 0.0321638 
v -0.0305048 0.00197211 0.0318239 
v -0.0309898 0.00197211 0.0314311 
v -0.0314311 0.00197211 0.0309898 
v -0.0318239 0.00197211 0.0305048 
v -0.0321638 0.00197211 0.0299813 
v -0.0324471 0.00197211 0.0294252 
v -0.0326708 0.00197211 0.0288426 
v -0.0328323 0.00197211 0.0282397 
v -0.0275332 0.00139878 0.0320729 
v -0.0280605 0.00139878 0.0319894 
v -0.0285763 0.00139878 0.0318512 
v -0.0290747 0.00139878 0.0316599 
v -0.0295504 0.00139878 0.0314175 
v -0.0299982 0.00139878 0.0311267 
v -0.0304132 0.00139878 0.0307907 
v -0.0307907 0.00139878 0.0304132 
v -0.0311267 0.00139878 0.0299982 
v -0.0314175 0.00139878 0.0295504 
v -0.0316599 0.00139878 0.0290747 
v -0.0318512 0.00139878 0.0285763 
v -0.0274374 0.000917599 0.0311616 
v -0.02787 0.000917599 0.0310931 
v -0.0282931 0.000917599 0.0309797 
v -0.028702 0.000917599 0.0308227 
v -0.0290922 0.000917599 0.0306239 
v -0.0294596 0.000917599 0.0303853 
v -0.0298 0.000917599 0.0301097 
v -0.0301097 0.000917599 0.0298 
v -0.0303853 0.000917599 0.0294596 
v -0.0306239 0.000917599 0.0290922 
v -0.0273369 0.000533716 0.0302056 
v -0.0276702 0.000533716 0.0301528 
v -0.027996 0.000533716 0.0300655 
v -0.028311 0.000533716 0.0299446 
v -0.0286116 0.000533716 0.0297914 
v -0.0288946 0.000533716 0.0296077 
v -0.0291568 0.000533716 0.0293954 
v -0.0293954 0.000533716 0.0291568 
v -0.0272328 0.000251247 0.0292153 
v -0.0274631 0.000251247 0.0291788 
v -0.0276883 0.000251247 0.0291185 
v -0.027906 0.000251247 0.0290349 
v -0.0281138 0.000251247 0.0289291 
v -0.0283093 0.000251247 0.0288021 
v -0.0284905 0.000251247 0.0286554 
v -0.0271263 7.32183e-05 0.0282013 
v -0.0272511 7.32183e-05 0.0281815 
v -0.0273733 7.32183e-05 0.0281488 
v -0.0274913 7.32183e-05 0.0281035 
v -0.0276039 7.32183e-05 0.0280461 
v -0.02771 7.32183e-05 0.0279772 
v -0.0278082 7.32183e-05 0.0278976 
v -0.0286554 0.000251247 0.0284905 
v -0.03293 0.00197211 0.0276233 
v -0.0319894 0.00139878 0.0280605 
v -0.0308227 0.000917599 0.028702 
v -0.0296077 0.000533716 0.0288946 
v -0.0278971 7.86459e-05 0.0278048 
v -0.0332476 0 0.023375 
v -0.0332476 0.00219183 0.023375 
v -0.03 0 0.0215 
v -0.0310674 0.000864545 0.0221162 
v -0.0328779 0.00190983 0.0231615 
v -0.0300884 0.000494075 0.0215511 
v -0.032 0.00133975 0.0226547 
v -0.03 0.000460608 0.0215 
v -0.0290791 0.000218524 0.0220317 
v -0.0280453 5.4781e-05 0.0226286 
v -0.027 0 0.0232321 
v -0.027 0.05 0.037 
v -0.0280453 0.05 0.0369452 
v -0.0290791 0.05 0.0367815 
v -0.0300902 0.05 0.0365106 
v -0.0310674 0.05 0.0361355 
v -0.032 0.05 0.0356603 
v -0.0328779 0.05 0.0350902 
v -0.0336913 0.05 0.0344314 
v -0.0344314 0.05 0.0336913 
v -0.0350902 0.05 0.0328779 
v -0.0356603 0.05 0.032 
v -0.0361355 0.05 0.0310674 
v -0.0365106 0.05 0.0300902 
v -0.0367815 0.05 0.0290791 
v -0.0369452 0.05 0.0280453 
v -0.037 0.05 0.027 
v 0.027 0.01 0.037 
v 0.027 0.05 0.037 
v -0.037 0.05 -0.027 
v -0.037 0.01 -0.027 
v -0.0329452 0.05 0.032353 
v -0.032353 0.05 0.0329452 
v -0.0339282 0.05 0.031 
v -0.0343084 0.05 0.0302539 
v -0.0334721 0.05 0.0317023 
v -0.0317023 0.05 0.0334721 
v -0.0294721 0.05 0.0346085 
v -0.0302539 0.05 0.0343084 
v -0.0286633 0.05 0.0348252 
v -0.0346085 0.05 0.0294721 
v -0.0348252 0.05 0.0286633 
v -0.031 0.05 0.0339282 
v -0.0278362 0.05 0.0349562 
v -0.0349562 0.05 0.0278362 
v -0.027 0.05 0.035 
v -0.035 0.05 0.027 
v -0.035 0.05 -0.027 
v -0.027 0.05 -0.037 
v -0.027 0.01 -0.037 
v -0.0280453 0.01 -0.0369452 
v -0.0280453 0.05 -0.0369452 
v -0.0290791 0.01 -0.0367815 
v -0.0290791 0.05 -0.0367815 
v -0.0300902 0.01 -0.0365106 
v -0.0300902 0.05 -0.0365106 
v -0.0310674 0.01 -0.0361355 
v -0.0310674 0.05 -0.0361355 
v -0.032 0.01 -0.0356603 
v -0.032 0.05 -0.0356603 
v -0.0328779 0.01 -0.0350902 
v -0.0328779 0.05 -0.0350902 
v -0.0336913 0.01 -0.0344314 
v -0.0336913 0.05 -0.0344314 
v -0.0344314 0.01 -0.0336913 
v -0.0344314 0.05 -0.0336913 
v -0.0350902 0.01 -0.0328779 
v -0.0350902 0.05 -0.0328779 
v -0.0356603 0.01 -0.032 
v -0.0356603 0.05 -0.032 
v -0.0361355 0.01 -0.0310674 
v -0.0361355 0.05 -0.0310674 
v -0.0365106 0.01 -0.0300902 
v -0.0365106 0.05 -0.0300902 
v -0.0367815 0.01 -0.0290791 
v -0.0367815 0.05 -0.0290791 
v -0.0369452 0.01 -0.0280453 
v -0.0369452 0.05 -0.0280453 
v -0.0286633 0.05 -0.0348252 
v -0.0278362 0.05 -0.0349562 
v -0.0294721 0.05 -0.0346085 
v -0.0302539 0.05 -0.0343084 
v -0.031 0.05 -0.0339282 
v -0.0343084 0.05 -0.0302539 
v -0.0339282 0.05 -0.031 
v -0.0346085 0.05 -0.0294721 
v -0.0348252 0.05 -0.0286633 
v -0.0349562 0.05 -0.0278362 
v -0.0317023 0.05 -0.0334721 
v -0.032353 0.05 -0.0329452 
v -0.0329452 0.05 -0.032353 
v -0.0334721 0.05 -0.0317023 
v -0.027 0.05 -0.035 
v -0.035 0.01 0.027 
v -0.035 0.01 -0.027 
v 0.027 0.05 -0.037 
v 0.027 0.01 -0.037 
v 0.027 0.05 -0.035 
v -0.0349562 0.01 -0.0278362 
v -0.0348252 0.01 -0.0286633 
v -0.0346085 0.01 -0.0294721 
v -0.0343084 0.01 -0.0302539 
v -0.0339282 0.01 -0.031 
v -0.0334721 0.01 -0.0317023 
v -0.0329452 0.01 -0.032353 
v -0.032353 0.01 -0.0329452 
v -0.0317023 0.01 -0.0334721 
v -0.031 0.01 -0.0339282 
v -0.0302539 0.01 -0.0343084 
v -0.0294721 0.01 -0.0346085 
v -0.0286633 0.01 -0.0348252 
v -0.0278362 0.01 -0.0349562 
v -0.027 0.01 -0.035 
v 0.0280453 0.05 -0.0369452 
v 0.0280453 0.01 -0.0369452 
v 0.0290791 0.05 -0.0367815 
v 0.0290791 0.01 -0.0367815 
v 0.0300902 0.05 -0.0365106 
v 0.0300902 0.01 -0.0365106 
v 0.0310674 0.05 -0.0361355 
v 0.0310674 0.01 -0.0361355 
v 0.032 0.05 -0.0356603 
v 0.032 0.01 -0.0356603 
v 0.0328779 0.05 -0.0350902 
v 0.0328779 0.01 -0.0350902 
v 0.0336913 0.05 -0.0344314 
v 0.0336913 0.01 -0.0344314 
v 0.0344314 0.05 -0.0336913 
v 0.0344314 0.01 -0.0336913 
v 0.0350902 0.05 -0.0328779 
v 0.0350902 0.01 -0.0328779 
v 0.0356603 0.05 -0.032 
v 0.0356603 0.01 -0.032 
v 0.0361355 0.05 -0.0310674 
v 0.0361355 0.01 -0.0310674 
v 0.0365106 0.05 -0.0300902 
v 0.0365106 0.01 -0.0300902 
v 0.0367815 0.05 -0.0290791 
v 0.0367815 0.01 -0.0290791 
v 0.0369452 0.05 -0.0280453 
v 0.0369452 0.01 -0.0280453 
v 0.037 0.05 -0.027 
v 0.037 0.01 -0.027 
v 0.037 0.05 0.027 
v 0.037 0.01 0.027 
v 0.0329452 0.05 -0.032353 
v 0.0334721 0.05 -0.0317023 
v 0.032353 0.05 -0.0329452 
v 0.0302539 0.05 -0.0343084 
v 0.031 0.05 -0.0339282 
v 0.0294721 0.05 -0.0346085 
v 0.0286633 0.05 -0.0348252 
v 0.0278362 0.05 -0.0349562 
v 0.0348252 0.05 -0.0286633 
v 0.0349562 0.05 -0.0278362 
v 0.0346085 0.05 -0.0294721 
v 0.0343084 0.05 -0.0302539 
v 0.0339282 0.05 -0.031 
v 0.0317023 0.05 -0.0334721 
v 0.035 0.05 -0.027 
v 0.027 0.01 -0.035 
v 0.0280453 0.01 0.0369452 
v 0.0280453 0.05 0.0369452 
v 0.0290791 0.01 0.0367815 
v 0.0290791 0.05 0.0367815 
v 0.0300902 0.01 0.0365106 
v 0.0300902 0.05 0.0365106 
v 0.0310674 0.01 0.0361355 
v 0.0310674 0.05 0.0361355 
v 0.032 0.01 0.0356603 
v 0.032 0.05 0.0356603 
v 0.0328779 0.01 0.0350902 
v 0.0328779 0.05 0.0350902 
v 0.0336913 0.01 0.0344314 
v 0.0336913 0.05 0.0344314 
v 0.0344314 0.01 0.0336913 
v 0.0344314 0.05 0.0336913 
v 0.0350902 0.01 0.0328779 
v 0.0350902 0.05 0.0328779 
v 0.0356603 0.01 0.032 
v 0.0356603 0.05 0.032 
v 0.0361355 0.01 0.0310674 
v 0.0361355 0.05 0.0310674 
v 0.0365106 0.01 0.0300902 
v 0.0365106 0.05 0.0300902 
v 0.0367815 0.01 0.0290791 
v 0.0367815 0.05 0.0290791 
v 0.0369452 0.01 0.0280453 
v 0.0369452 0.05 0.0280453 
v 0.035 0.05 0.027 
v 0.032353 0.05 0.0329452 
v 0.0329452 0.05 0.032353 
v 0.0334721 0.05 0.0317023 
v 0.0339282 0.05 0.031 
v 0.0343084 0.05 0.0302539 
v 0.0346085 0.05 0.0294721 
v 0.0348252 0.05 0.0286633 
v 0.0349562 0.05 0.0278362 
v 0.0294721 0.05 0.0346085 
v 0.0286633 0.05 0.0348252 
v 0.0302539 0.05 0.0343084 
v 0.0278362 0.05 0.0349562 
v 0.031 0.05 0.0339282 
v 0.0317023 0.05 0.0334721 
v 0.027 0.05 0.035 
v 0.027 0.01 0.035 
v -0.027 0.01 0.035 
v 0.035 0.01 0.027 
v 0.035 0.01 -0.027 
v 0.0349562 0.01 -0.0278362 
v 0.0348252 0.01 -0.0286633 
v 0.0346085 0.01 -0.0294721 
v 0.0343084 0.01 -0.0302539 
v 0.0339282 0.01 -0.031 
v 0.0334721 0.01 -0.0317023 
v 0.0329452 0.01 -0.032353 
v 0.032353 0.01 -0.0329452 
v 0.0317023 0.01 -0.0334721 
v 0.031 0.01 -0.0339282 
v 0.0302539 0.01 -0.0343084 
v 0.0294721 0.01 -0.0346085 
v 0.0286633 0.01 -0.0348252 
v 0.0278362 0.01 -0.0349562 
v 0.0349562 0.01 0.0278362 
v 0.0348252 0.01 0.0286633 
v 0.0346085 0.01 0.0294721 
v 0.0343084 0.01 0.0302539 
v 0.0339282 0.01 0.031 
v 0.0334721 0.01 0.0317023 
v 0.0329452 0.01 0.032353 
v 0.032353 0.01 0.0329452 
v 0.0317023 0.01 0.0334721 
v 0.031 0.01 0.0339282 
v 0.0302539 0.01 0.0343084 
v 0.0294721 0.01 0.0346085 
v 0.0286633 0.01 0.0348252 
v 0.0278362 0.01 0.0349562 
v -0.0349562 0.01 0.0278362 
v -0.0348252 0.01 0.0286633 
v -0.0346085 0.01 0.0294721 
v -0.0343084 0.01 0.0302539 
v -0.0339282 0.01 0.031 
v -0.0334721 0.01 0.0317023 
v -0.0329452 0.01 0.032353 
v -0.032353 0.01 0.0329452 
v -0.0317023 0.01 0.0334721 
v -0.031 0.01 0.0339282 
v -0.0302539 0.01 0.0343084 
v -0.0294721 0.01 0.0346085 
v -0.0286633 0.01 0.0348252 
v -0.0278362 0.01 0.0349562 
v 0.027 0.00895481 0.0369446 
v 0.027 0.00896634 0.0369464 
v 0.027 0.00792119 0.0367803 
v 0.027 0.00794376 0.0367863 
v 0.027 0.00691045 0.0365089 
v 0.027 0.0069432 0.0365213 
v 0.027 0.00597539 0.0361544 
v 0.027 0.00593367 0.0361334 
v 0.027 0.00500154 0.0356579 
v 0.027 0.0050507 0.0356893 
v 0.027 0.00412426 0.0350875 
v 0.027 0.00417903 0.0351312 
v 0.027 0.00331143 0.0344287 
v 0.027 0.00336973 0.034486 
v 0.027 0.00257195 0.0336885 
v 0.027 0.00263145 0.0337605 
v 0.027 0.0019139 0.0328751 
v 0.027 0.00197211 0.0329626 
v 0.027 0.0013445 0.0319975 
v 0.027 0.00139878 0.0321009 
v 0.027 0.000869958 0.0310652 
v 0.027 0.000917599 0.0311845 
v 0.027 0.000495473 0.0300885 
v 0.027 0.000533716 0.0302233 
v 0.027 0.000225135 0.029078 
v 0.027 0.000251247 0.0292275 
v 0.027 6.1138e-05 0.0280448 
v 0.027 7.32183e-05 0.0282079 
v 0.0267524 7.81281e-07 0.027125 
v 0.0267524 0 0.027 
v 0.027 3.59048e-06 0.0272679 
v 0.0267524 0 0.027125 
v 0.03 0 0.029 
v 0.0272473 2.01011e-05 0.0274107 
v 0.0271538 1.38603e-05 0.0273568 
v 0.0273488 2.68751e-05 0.0274693 
v 0.0275652 4.13231e-05 0.0275943 
v 0.0274557 3.40103e-05 0.027531 
v 0.0277663 5.47479e-05 0.0277104 
v 0.0276746 4.86215e-05 0.0276574 
v 0.0288622 0.000277158 0.0283431 
v 0.0288 0.000259955 0.0283072 
v 0.0270707 8.31002e-06 0.0273088 
v 0.0279075 7.87826e-05 0.0277919 
v 0.0278731 7.29305e-05 0.027772 
v 0.0292723 0.000390583 0.0285798 
v 0.03 0.000672621 0.029 
v 0.0296652 0.000542878 0.0288067 
v 0.0285258 0.000184084 0.0281488 
v 0.0369464 0.00896634 0.027 
v 0.0369446 0.00895481 0.027 
v 0.0367863 0.00794376 0.027 
v 0.0367803 0.00792119 0.027 
v 0.0365213 0.0069432 0.027 
v 0.0365089 0.00691045 0.027 
v 0.0361544 0.00597539 0.027 
v 0.0356893 0.0050507 0.027 
v 0.0361334 0.00593367 0.027 
v 0.0351312 0.00417903 0.027 
v 0.0356579 0.00500154 0.027 
v 0.034486 0.00336973 0.027 
v 0.0350875 0.00412426 0.027 
v 0.0337605 0.00263145 0.027 
v 0.0344287 0.00331143 0.027 
v 0.0302468 0.000737418 0.0288575 
v 0.0306652 0.000847257 0.0286159 
v 0.0308605 0.000898521 0.0285032 
v 0.0309103 0.000918278 0.0284745 
v 0.0311571 0.0010163 0.028332 
v 0.031695 0.00122995 0.0280214 
v 0.031728 0.00124787 0.0280023 
v 0.0320153 0.00140363 0.0278365 
v 0.0324714 0.00165091 0.0275732 
v 0.0324938 0.00166306 0.0275602 
v 0.0336895 0.00257062 0.027 
v 0.0332476 0.00219283 0.027125 
v 0.0332476 0.00219183 0.027 
v 0.0329423 0.00197825 0.0273013 
v 0.0368919 0.00896634 0.0280397 
v 0.0367291 0.00896634 0.029068 
v 0.0364596 0.00896634 0.0300736 
v 0.0360865 0.00896634 0.0310456 
v 0.0356139 0.00896634 0.0319732 
v 0.0350468 0.00896634 0.0328464 
v 0.0343916 0.00896634 0.0336555 
v 0.0336555 0.00896634 0.0343916 
v 0.0328464 0.00896634 0.0350468 
v 0.0319732 0.00896634 0.0356139 
v 0.0310456 0.00896634 0.0360865 
v 0.0300736 0.00896634 0.0364596 
v 0.029068 0.00896634 0.0367291 
v 0.0280397 0.00896634 0.0368919 
v 0.0367327 0.00794376 0.0280229 
v 0.0365725 0.00794376 0.0290347 
v 0.0363073 0.00794376 0.0300241 
v 0.0359402 0.00794376 0.0309805 
v 0.0354752 0.00794376 0.0318932 
v 0.0349173 0.00794376 0.0327522 
v 0.0342726 0.00794376 0.0335483 
v 0.0335483 0.00794376 0.0342726 
v 0.0327522 0.00794376 0.0349173 
v 0.0318932 0.00794376 0.0354752 
v 0.0309805 0.00794376 0.0359402 
v 0.0300241 0.00794376 0.0363073 
v 0.0290347 0.00794376 0.0365725 
v 0.0280229 0.00794376 0.0367327 
v 0.0364692 0.0069432 0.0279953 
v 0.0363133 0.0069432 0.0289796 
v 0.0360553 0.0069432 0.0299423 
v 0.0356982 0.0069432 0.0308727 
v 0.0352457 0.0069432 0.0317607 
v 0.0347029 0.0069432 0.0325965 
v 0.0340757 0.0069432 0.033371 
v 0.033371 0.0069432 0.0340757 
v 0.0325965 0.0069432 0.0347029 
v 0.0317607 0.0069432 0.0352457 
v 0.0308727 0.0069432 0.0356982 
v 0.0299423 0.0069432 0.0360553 
v 0.0289796 0.0069432 0.0363133 
v 0.0279953 0.0069432 0.0364692 
v 0.0361042 0.00597539 0.0279569 
v 0.0359543 0.00597539 0.0289033 
v 0.0357063 0.00597539 0.0298289 
v 0.0353629 0.00597539 0.0307234 
v 0.0349279 0.00597539 0.0315772 
v 0.034406 0.00597539 0.0323808 
v 0.033803 0.00597539 0.0331255 
v 0.0331255 0.00597539 0.033803 
v 0.0323808 0.00597539 0.034406 
v 0.0315772 0.00597539 0.0349279 
v 0.0307234 0.00597539 0.0353629 
v 0.0298289 0.00597539 0.0357063 
v 0.0289033 0.00597539 0.0359543 
v 0.0279569 0.00597539 0.0361042 
v 0.0356417 0.0050507 0.0279083 
v 0.0354994 0.0050507 0.0288066 
v 0.035264 0.0050507 0.0296852 
v 0.0349381 0.0050507 0.0305343 
v 0.0345252 0.0050507 0.0313447 
v 0.0340298 0.0050507 0.0321075 
v 0.0334574 0.0050507 0.0328143 
v 0.0328143 0.0050507 0.0334574 
v 0.0321075 0.0050507 0.0340298 
v 0.0313447 0.0050507 0.0345252 
v 0.0305343 0.0050507 0.0349381 
v 0.0296852 0.0050507 0.035264 
v 0.0288066 0.0050507 0.0354994 
v 0.0279083 0.0050507 0.0356417 
v 0.0350867 0.00417903 0.0278499 
v 0.0349535 0.00417903 0.0286906 
v 0.0347332 0.00417903 0.0295127 
v 0.0344282 0.00417903 0.0303073 
v 0.0340418 0.00417903 0.0310656 
v 0.0335783 0.00417903 0.0317794 
v 0.0330427 0.00417903 0.0324408 
v 0.0324408 0.00417903 0.0330427 
v 0.0317794 0.00417903 0.0335783 
v 0.0310656 0.00417903 0.0340418 
v 0.0303073 0.00417903 0.0344282 
v 0.0295127 0.00417903 0.0347332 
v 0.0286906 0.00417903 0.0349535 
v 0.0278499 0.00417903 0.0350867 
v 0.0344449 0.00336973 0.0277825 
v 0.0343224 0.00336973 0.0285564 
v 0.0341196 0.00336973 0.0293133 
v 0.0338388 0.00336973 0.0300448 
v 0.033483 0.00336973 0.030743 
v 0.0330563 0.00336973 0.0314001 
v 0.0325631 0.00336973 0.0320091 
v 0.0320091 0.00336973 0.0325631 
v 0.0314001 0.00336973 0.0330563 
v 0.030743 0.00336973 0.033483 
v 0.0300448 0.00336973 0.0338388 
v 0.0293133 0.00336973 0.0341196 
v 0.0285564 0.00336973 0.0343224 
v 0.0277825 0.00336973 0.0344449 
v 0.0337235 0.00263145 0.0277067 
v 0.0336128 0.00263145 0.0284056 
v 0.0334296 0.00263145 0.0290891 
v 0.033176 0.00263145 0.0297497 
v 0.0328548 0.00263145 0.0303803 
v 0.0324694 0.00263145 0.0309737 
v 0.032024 0.00263145 0.0315237 
v 0.0315237 0.00263145 0.032024 
v 0.0309737 0.00263145 0.0324694 
v 0.0303803 0.00263145 0.0328548 
v 0.0297497 0.00263145 0.033176 
v 0.0290891 0.00263145 0.0334296 
v 0.0284056 0.00263145 0.0336128 
v 0.0277067 0.00263145 0.0337235 
v 0.03293 0.00197211 0.0276233 
v 0.0328323 0.00197211 0.0282397 
v 0.0326708 0.00197211 0.0288426 
v 0.0324471 0.00197211 0.0294252 
v 0.0321638 0.00197211 0.0299813 
v 0.0318239 0.00197211 0.0305048 
v 0.0314311 0.00197211 0.0309898 
v 0.0309898 0.00197211 0.0314311 
v 0.0305048 0.00197211 0.0318239 
v 0.0299813 0.00197211 0.0321638 
v 0.0294252 0.00197211 0.0324471 
v 0.0288426 0.00197211 0.0326708 
v 0.0282397 0.00197211 0.0328323 
v 0.0276233 0.00197211 0.03293 
v 0.0319894 0.00139878 0.0280605 
v 0.0318512 0.00139878 0.0285763 
v 0.0316599 0.00139878 0.0290747 
v 0.0314175 0.00139878 0.0295504 
v 0.0311267 0.00139878 0.0299982 
v 0.0307907 0.00139878 0.0304132 
v 0.0304132 0.00139878 0.0307907 
v 0.0299982 0.00139878 0.0311267 
v 0.0295504 0.00139878 0.0314175 
v 0.0290747 0.00139878 0.0316599 
v 0.0285763 0.00139878 0.0318512 
v 0.0280605 0.00139878 0.0319894 
v 0.0275332 0.00139878 0.0320729 
v 0.0308227 0.000917599 0.028702 
v 0.0306239 0.000917599 0.0290922 
v 0.0303853 0.000917599 0.0294596 
v 0.0301097 0.000917599 0.0298 
v 0.0298 0.000917599 0.0301097 
v 0.0294596 0.000917599 0.0303853 
v 0.0290922 0.000917599 0.0306239 
v 0.028702 0.000917599 0.0308227 
v 0.0282931 0.000917599 0.0309797 
v 0.02787 0.000917599 0.0310931 
v 0.0274374 0.000917599 0.0311616 
v 0.0296077 0.000533716 0.0288946 
v 0.0293954 0.000533716 0.0291568 
v 0.0291568 0.000533716 0.0293954 
v 0.0288946 0.000533716 0.0296077 
v 0.0286116 0.000533716 0.0297914 
v 0.028311 0.000533716 0.0299446 
v 0.027996 0.000533716 0.0300655 
v 0.0276702 0.000533716 0.0301528 
v 0.0273369 0.000533716 0.0302056 
v 0.0286554 0.000251247 0.0284905 
v 0.0284905 0.000251247 0.0286554 
v 0.0283093 0.000251247 0.0288021 
v 0.0281138 0.000251247 0.0289291 
v 0.027906 0.000251247 0.0290349 
v 0.0276883 0.000251247 0.0291185 
v 0.0274631 0.000251247 0.0291788 
v 0.0272328 0.000251247 0.0292153 
v 0.0278971 7.86459e-05 0.0278048 
v 0.0278082 7.32183e-05 0.0278976 
v 0.02771 7.32183e-05 0.0279772 
v 0.0276039 7.32183e-05 0.0280461 
v 0.0274913 7.32183e-05 0.0281035 
v 0.0273733 7.32183e-05 0.0281488 
v 0.0272511 7.32183e-05 0.0281815 
v 0.0271263 7.32183e-05 0.0282013 
v 0.0332476 0 0.027125 
v 0.0332476 0 0.023375 
v 0.0332476 0.00219183 0.023375 
v 0.032 0.00133975 0.0226547 
v 0.0328779 0.00190983 0.0231615 
v 0.03 0 0.0215 
v 0.0300884 0.000494075 0.0215511 
v 0.0310674 0.000864545 0.0221162 
v 0.03 0.000460608 0.0215 
v 0.0280453 5.4781e-05 0.0226286 
v 0.0290791 0.000218524 0.0220317 
v 0.027 0 0.0232321 
v 0.0369452 0.00895472 -0.027 
v 0.0367815 0.00792088 -0.027 
v 0.0365106 0.00690983 -0.027 
v 0.0361355 0.00593263 -0.027 
v 0.0356603 0.005 -0.027 
v 0.0350902 0.00412215 -0.027 
v 0.0344314 0.00330869 -0.027 
v 0.0336913 0.00256855 -0.027 
v 0.0332476 0.00219183 -0.023375 
v 0.0328779 0.00190983 -0.0231615 
v 0.032 0.00133975 -0.0226547 
v 0.0310674 0.000864545 -0.0221162 
v 0.0300884 0.000494075 -0.0215511 
v 0.027 0 -0.0232321 
v 0.0280453 5.4781e-05 -0.0226286 
v 0.0290791 0.000218524 -0.0220317 
v 0.03 0.000460608 -0.0215 
v 0.0332476 0.00219183 -0.027 
v 0.03 0 -0.0215 
v 0.0332476 0 -0.023375 
v 0.0332476 0 -0.027125 
v 0.0332476 0.00219283 -0.027125 
v 0.027 5.4781e-05 -0.0280453 
v 0.027 0.000218524 -0.0290791 
v 0.027 0.000489435 -0.0300902 
v 0.027 0.000864545 -0.0310674 
v 0.027 0.00133975 -0.032 
v 0.027 0.00190983 -0.0328779 
v 0.027 0.00256855 -0.0336913 
v 0.027 0.00330869 -0.0344314 
v 0.027 0.00412215 -0.0350902 
v 0.027 0.005 -0.0356603 
v 0.027 0.00593263 -0.0361355 
v 0.027 0.00690983 -0.0365106 
v 0.027 0.00792088 -0.0367815 
v 0.0328669 0.00192527 -0.0273448 
v 0.0324938 0.00166306 -0.0275602 
v 0.0319758 0.00138222 -0.0278593 
v 0.031695 0.00122995 -0.0280214 
v 0.0316537 0.00121354 -0.0280453 
v 0.0310237 0.00096335 -0.0284089 
v 0.0308605 0.000898521 -0.0285032 
v 0.0300283 0.000680059 -0.0289836 
v 0.03 0.000672621 -0.029 
v 0.0292723 0.000390583 -0.0285798 
v 0.0285258 0.000184084 -0.0281488 
v 0.0283464 0.00015353 -0.0280453 
v 0.0290548 0.00033044 -0.0284543 
v 0.0280398 0.000101328 -0.0278683 
v 0.0277663 5.47479e-05 -0.0277104 
v 0.027 3.59048e-06 -0.0272679 
v 0.027 0.00895472 -0.0369452 
v 0.0368907 0.00896044 -0.0280453 
v 0.0367279 0.00793227 -0.0280453 
v 0.0364585 0.00692676 -0.0280453 
v 0.0360854 0.00595492 -0.0280453 
v 0.0356128 0.00502739 -0.0280453 
v 0.0350459 0.00415435 -0.0280453 
v 0.0343907 0.00334535 -0.0280453 
v 0.0367279 0.00897756 -0.0290791 
v 0.0365677 0.00796632 -0.0290791 
v 0.0363027 0.00697736 -0.0290791 
v 0.0359358 0.00602152 -0.0290791 
v 0.035471 0.00510926 -0.0290791 
v 0.0349134 0.00425059 -0.0290791 
v 0.0342691 0.00345492 -0.0290791 
v 0.0336547 0.00260926 -0.0280453 
v 0.0335451 0.00273095 -0.0290791 
v 0.0328457 0.00195415 -0.0280453 
v 0.0327494 0.00208662 -0.0290791 
v 0.0319726 0.00138719 -0.0280453 
v 0.0280224 0.000272108 -0.0290791 
v 0.0280396 0.000109262 -0.0280453 
v 0.0364585 0.00900588 -0.0300902 
v 0.0363027 0.00802264 -0.0300902 
v 0.0360451 0.00706107 -0.0300902 
v 0.0356883 0.0061317 -0.0300902 
v 0.0352364 0.00524472 -0.0300902 
v 0.0346942 0.00440983 -0.0300902 
v 0.0340677 0.00363619 -0.0300902 
v 0.0333638 0.00293227 -0.0300902 
v 0.0325902 0.00230579 -0.0300902 
v 0.0318907 0.00152899 -0.0290791 
v 0.0317553 0.00176361 -0.0300902 
v 0.0309785 0.00106418 -0.0290791 
v 0.0308683 0.00131167 -0.0300902 
v 0.0300226 0.000697264 -0.0290791 
v 0.0299389 0.000954915 -0.0300902 
v 0.0290337 0.000432273 -0.0290791 
v 0.0289774 0.000697264 -0.0300902 
v 0.0279941 0.000541535 -0.0300902 
v 0.0360854 0.00904508 -0.0310674 
v 0.0359358 0.00810063 -0.0310674 
v 0.0356883 0.00717699 -0.0310674 
v 0.0353457 0.00628428 -0.0310674 
v 0.0349115 0.00543227 -0.0310674 
v 0.0343907 0.00463031 -0.0310674 
v 0.033789 0.00388719 -0.0310674 
v 0.0331128 0.00321103 -0.0310674 
v 0.0323697 0.00260926 -0.0310674 
v 0.0315677 0.00208846 -0.0310674 
v 0.0307157 0.00165435 -0.0310674 
v 0.029823 0.00131167 -0.0310674 
v 0.0288994 0.00106418 -0.0310674 
v 0.0279549 0.00091459 -0.0310674 
v 0.0356128 0.00909476 -0.032 
v 0.035471 0.00819943 -0.032 
v 0.0352364 0.00732383 -0.032 
v 0.0349115 0.00647756 -0.032 
v 0.0345 0.00566987 -0.032 
v 0.0340063 0.00490963 -0.032 
v 0.0334358 0.00420516 -0.032 
v 0.0327948 0.00356418 -0.032 
v 0.0320904 0.00299371 -0.032 
v 0.0313301 0.0025 -0.032 
v 0.0305224 0.00208846 -0.032 
v 0.0296762 0.00176361 -0.032 
v 0.0288006 0.00152899 -0.032 
v 0.0279052 0.00138719 -0.032 
v 0.0350459 0.00915435 -0.0328779 
v 0.0349134 0.00831796 -0.0328779 
v 0.0346942 0.0075 -0.0328779 
v 0.0343907 0.00670943 -0.0328779 
v 0.0340063 0.00595492 -0.0328779 
v 0.0335451 0.00524472 -0.0328779 
v 0.0330122 0.00458662 -0.0328779 
v 0.0324134 0.00398783 -0.0328779 
v 0.0317553 0.00345492 -0.0328779 
v 0.0310451 0.00299371 -0.0328779 
v 0.0302906 0.00260926 -0.0328779 
v 0.0295 0.00230579 -0.0328779 
v 0.028682 0.00208662 -0.0328779 
v 0.0278457 0.00195415 -0.0328779 
v 0.0343907 0.0092232 -0.0336913 
v 0.0342691 0.00845492 -0.0336913 
v 0.0340677 0.00770356 -0.0336913 
v 0.033789 0.00697736 -0.0336913 
v 0.0334358 0.00628428 -0.0336913 
v 0.0330122 0.0056319 -0.0336913 
v 0.0325226 0.00502739 -0.0336913 
v 0.0319726 0.00447736 -0.0336913 
v 0.0313681 0.00398783 -0.0336913 
v 0.0307157 0.00356418 -0.0336913 
v 0.0300226 0.00321103 -0.0336913 
v 0.0292964 0.00293227 -0.0336913 
v 0.0285451 0.00273095 -0.0336913 
v 0.0277768 0.00260926 -0.0336913 
v 0.0336547 0.00930057 -0.0344314 
v 0.0335451 0.0086088 -0.0344314 
v 0.0333638 0.00793227 -0.0344314 
v 0.0331128 0.0072784 -0.0344314 
v 0.0327948 0.00665435 -0.0344314 
v 0.0324134 0.00606695 -0.0344314 
v 0.0319726 0.00552264 -0.0344314 
v 0.0314774 0.00502739 -0.0344314 
v 0.0309331 0.00458662 -0.0344314 
v 0.0303457 0.00420516 -0.0344314 
v 0.0297216 0.00388719 -0.0344314 
v 0.0290677 0.00363619 -0.0344314 
v 0.0283912 0.00345492 -0.0344314 
v 0.0276994 0.00334535 -0.0344314 
v 0.0328457 0.0093856 -0.0350902 
v 0.0327494 0.00877793 -0.0350902 
v 0.0325902 0.00818364 -0.0350902 
v 0.0323697 0.00760926 -0.0350902 
v 0.0320904 0.00706107 -0.0350902 
v 0.0317553 0.00654508 -0.0350902 
v 0.0313681 0.00606695 -0.0350902 
v 0.0309331 0.0056319 -0.0350902 
v 0.0304549 0.00524472 -0.0350902 
v 0.0299389 0.00490963 -0.0350902 
v 0.0293907 0.00463031 -0.0350902 
v 0.0288164 0.00440983 -0.0350902 
v 0.0282221 0.00425059 -0.0350902 
v 0.0276144 0.00415435 -0.0350902 
v 0.0319726 0.00947736 -0.0356603 
v 0.0318907 0.00896044 -0.0356603 
v 0.0317553 0.00845492 -0.0356603 
v 0.0315677 0.00796632 -0.0356603 
v 0.0313301 0.0075 -0.0356603 
v 0.0310451 0.00706107 -0.0356603 
v 0.0307157 0.00665435 -0.0356603 
v 0.0303457 0.00628428 -0.0356603 
v 0.0299389 0.00595492 -0.0356603 
v 0.0295 0.00566987 -0.0356603 
v 0.0290337 0.00543227 -0.0356603 
v 0.0285451 0.00524472 -0.0356603 
v 0.0280396 0.00510926 -0.0356603 
v 0.0275226 0.00502739 -0.0356603 
v 0.0310451 0.00957484 -0.0361355 
v 0.0309785 0.00915435 -0.0361355 
v 0.0308683 0.00874311 -0.0361355 
v 0.0307157 0.00834565 -0.0361355 
v 0.0305224 0.00796632 -0.0361355 
v 0.0302906 0.00760926 -0.0361355 
v 0.0300226 0.0072784 -0.0361355 
v 0.0297216 0.00697736 -0.0361355 
v 0.0293907 0.00670943 -0.0361355 
v 0.0290337 0.00647756 -0.0361355 
v 0.0286543 0.00628428 -0.0361355 
v 0.0282569 0.0061317 -0.0361355 
v 0.0278457 0.00602152 -0.0361355 
v 0.0274252 0.00595492 -0.0361355 
v 0.0300732 0.00967699 -0.0365106 
v 0.0300226 0.00935752 -0.0365106 
v 0.0299389 0.00904508 -0.0365106 
v 0.029823 0.00874311 -0.0365106 
v 0.0296762 0.00845492 -0.0365106 
v 0.0295 0.00818364 -0.0365106 
v 0.0292964 0.00793227 -0.0365106 
v 0.0290677 0.00770356 -0.0365106 
v 0.0288164 0.0075 -0.0365106 
v 0.0285451 0.00732383 -0.0365106 
v 0.0282569 0.00717699 -0.0365106 
v 0.0279549 0.00706107 -0.0365106 
v 0.0276425 0.00697736 -0.0365106 
v 0.027323 0.00692676 -0.0365106 
v 0.0290677 0.00978267 -0.0367815 
v 0.0290337 0.00956773 -0.0367815 
v 0.0289774 0.00935752 -0.0367815 
v 0.0288994 0.00915435 -0.0367815 
v 0.0288006 0.00896044 -0.0367815 
v 0.028682 0.00877793 -0.0367815 
v 0.0285451 0.0086088 -0.0367815 
v 0.0283912 0.00845492 -0.0367815 
v 0.0282221 0.00831796 -0.0367815 
v 0.0280396 0.00819943 -0.0367815 
v 0.0278457 0.00810063 -0.0367815 
v 0.0276425 0.00802264 -0.0367815 
v 0.0274323 0.00796632 -0.0367815 
v 0.0272173 0.00793227 -0.0367815 
v 0.0280396 0.00989074 -0.0369452 
v 0.0280224 0.00978267 -0.0369452 
v 0.0279941 0.00967699 -0.0369452 
v 0.0279549 0.00957484 -0.0369452 
v 0.0279052 0.00947736 -0.0369452 
v 0.0278457 0.0093856 -0.0369452 
v 0.0277768 0.00930057 -0.0369452 
v 0.0276994 0.0092232 -0.0369452 
v 0.0276144 0.00915435 -0.0369452 
v 0.0275226 0.00909476 -0.0369452 
v 0.0274252 0.00904508 -0.0369452 
v 0.027323 0.00900588 -0.0369452 
v 0.0272173 0.00897756 -0.0369452 
v 0.0271093 0.00896044 -0.0369452 
v 0.03 0 -0.029 
v 0.0267524 0 -0.027125 
v 0.0267524 7.81281e-07 -0.027125 
v 0.0267524 0 -0.027 
v -0.027 0.00895482 -0.0369446 
v -0.027 0.00896777 -0.0369466 
v -0.027 0.00792122 -0.0367802 
v -0.027 0.00794657 -0.0367869 
v -0.027 0.00691052 -0.0365087 
v -0.027 0.0069473 -0.0365227 
v -0.027 0.00593379 -0.0361332 
v -0.027 0.00598065 -0.0361567 
v -0.027 0.00500171 -0.0356576 
v -0.027 0.00505694 -0.0356929 
v -0.027 0.00412449 -0.0350872 
v -0.027 0.00418604 -0.0351362 
v -0.027 0.00331172 -0.0344284 
v -0.027 0.00337725 -0.0344926 
v -0.027 0.00257231 -0.0336882 
v -0.027 0.00263922 -0.033769 
v -0.027 0.00191433 -0.0328749 
v -0.027 0.00197983 -0.032973 
v -0.027 0.00134499 -0.0319972 
v -0.027 0.00140612 -0.0321132 
v -0.027 0.000870504 -0.031065 
v -0.027 0.000924219 -0.0311988 
v -0.027 0.00049607 -0.0300883 
v -0.027 0.000539283 -0.0302396 
v -0.027 0.000225776 -0.0290778 
v -0.027 0.000255422 -0.0292457 
v -0.027 6.17216e-05 -0.0280448 
v -0.027 7.56663e-05 -0.0282278 
v -0.0267744 1.32126e-06 -0.0271626 
v -0.0267725 0 -0.027 
v -0.027 4.18702e-06 -0.0272893 
v -0.0267744 0 -0.0271626 
v -0.0300435 0 -0.0289997 
v -0.0274648 3.56266e-05 -0.0275506 
v -0.0273559 2.82579e-05 -0.0274893 
v -0.0277778 5.67993e-05 -0.0277265 
v -0.027688 5.07223e-05 -0.027676 
v -0.0272524 2.12617e-05 -0.0274312 
v -0.0275765 4.31802e-05 -0.0276133 
v -0.0288191 0.000264138 -0.0283116 
v -0.0288182 0.000263877 -0.0283111 
v -0.0271571 1.48137e-05 -0.0273776 
v -0.0270723 9.07458e-06 -0.02733 
v -0.0279205 8.12608e-05 -0.0278067 
v -0.0279061 7.87799e-05 -0.0277985 
v -0.0293057 0.000399411 -0.0285851 
v -0.0300435 0.000686673 -0.0289997 
v -0.0296889 0.00054862 -0.0288005 
v -0.0285484 0.000188893 -0.0281595 
v -0.0369466 0.00896777 -0.027 
v -0.0369446 0.00895482 -0.027 
v -0.0367869 0.00794657 -0.027 
v -0.0367802 0.00792122 -0.027 
v -0.0365227 0.0069473 -0.027 
v -0.0361567 0.00598065 -0.027 
v -0.0365087 0.00691052 -0.027 
v -0.0356929 0.00505694 -0.027 
v -0.0361332 0.00593379 -0.027 
v -0.0351362 0.00418604 -0.027 
v -0.0356576 0.00500171 -0.027 
v -0.0344926 0.00337725 -0.027 
v -0.0350872 0.00412449 -0.027 
v -0.033769 0.00263922 -0.027 
v -0.0344284 0.00331172 -0.027 
v -0.0302641 0.000745061 -0.028869 
v -0.0306807 0.000855359 -0.0286219 
v -0.0308984 0.000912973 -0.0284929 
v -0.0309274 0.000924618 -0.0284756 
v -0.0311639 0.00101935 -0.0283354 
v -0.0317235 0.00124349 -0.0280036 
v -0.0317273 0.001245 -0.0280014 
v -0.0320304 0.0014108 -0.0278216 
v -0.0324574 0.00164432 -0.0275685 
v -0.0325206 0.00167889 -0.027531 
v -0.0336894 0.00257076 -0.027 
v -0.0332691 0.0022096 -0.0270872 
v -0.0332681 0.00220829 -0.027 
v -0.0329537 0.00198597 -0.0272742 
v -0.0368921 0.00896777 -0.0280397 
v -0.0367292 0.00896777 -0.029068 
v -0.0364598 0.00896777 -0.0300737 
v -0.0360867 0.00896777 -0.0310456 
v -0.035614 0.00896777 -0.0319733 
v -0.035047 0.00896777 -0.0328465 
v -0.0343918 0.00896777 -0.0336556 
v -0.0336556 0.00896777 -0.0343918 
v -0.0328465 0.00896777 -0.035047 
v -0.0319733 0.00896777 -0.035614 
v -0.0310456 0.00896777 -0.0360867 
v -0.0300737 0.00896777 -0.0364598 
v -0.029068 0.00896777 -0.0367292 
v -0.0280397 0.00896777 -0.0368921 
v -0.0367333 0.00794657 -0.028023 
v -0.036573 0.00794657 -0.0290348 
v -0.0363079 0.00794657 -0.0300243 
v -0.0359408 0.00794657 -0.0309807 
v -0.0354757 0.00794657 -0.0318935 
v -0.0349178 0.00794657 -0.0327526 
v -0.0342731 0.00794657 -0.0335487 
v -0.0335487 0.00794657 -0.0342731 
v -0.0327526 0.00794657 -0.0349178 
v -0.0318935 0.00794657 -0.0354757 
v -0.0309807 0.00794657 -0.0359408 
v -0.0300243 0.00794657 -0.0363079 
v -0.0290348 0.00794657 -0.036573 
v -0.028023 0.00794657 -0.0367333 
v -0.0364705 0.0069473 -0.0279954 
v -0.0363146 0.0069473 -0.0289799 
v -0.0360566 0.0069473 -0.0299427 
v -0.0356994 0.0069473 -0.0308732 
v -0.0352469 0.0069473 -0.0317613 
v -0.034704 0.0069473 -0.0325973 
v -0.0340767 0.0069473 -0.0333719 
v -0.0333719 0.0069473 -0.0340767 
v -0.0325973 0.0069473 -0.034704 
v -0.0317613 0.0069473 -0.0352469 
v -0.0308732 0.0069473 -0.0356994 
v -0.0299427 0.0069473 -0.0360566 
v -0.0289799 0.0069473 -0.0363146 
v -0.0279954 0.0069473 -0.0364705 
v -0.0361065 0.00598065 -0.0279571 
v -0.0359566 0.00598065 -0.0289038 
v -0.0357085 0.00598065 -0.0298296 
v -0.035365 0.00598065 -0.0307244 
v -0.0349299 0.00598065 -0.0315783 
v -0.0344079 0.00598065 -0.0323822 
v -0.0338047 0.00598065 -0.033127 
v -0.033127 0.00598065 -0.0338047 
v -0.0323822 0.00598065 -0.0344079 
v -0.0315783 0.00598065 -0.0349299 
v -0.0307244 0.00598065 -0.035365 
v -0.0298296 0.00598065 -0.0357085 
v -0.0289038 0.00598065 -0.0359566 
v -0.0279571 0.00598065 -0.0361065 
v -0.0356453 0.00505694 -0.0279087 
v -0.0355029 0.00505694 -0.0288074 
v -0.0352674 0.00505694 -0.0296862 
v -0.0349413 0.00505694 -0.0305357 
v -0.0345283 0.00505694 -0.0313464 
v -0.0340327 0.00505694 -0.0321095 
v -0.0334601 0.00505694 -0.0328167 
v -0.0328167 0.00505694 -0.0334601 
v -0.0321095 0.00505694 -0.0340327 
v -0.0313464 0.00505694 -0.0345283 
v -0.0305357 0.00505694 -0.0349413 
v -0.0296862 0.00505694 -0.0352674 
v -0.0288074 0.00505694 -0.0355029 
v -0.0279087 0.00505694 -0.0356453 
v -0.0350916 0.00418604 -0.0278505 
v -0.0349584 0.00418604 -0.0286916 
v -0.034738 0.00418604 -0.0295142 
v -0.0344328 0.00418604 -0.0303093 
v -0.0340462 0.00418604 -0.0310681 
v -0.0335823 0.00418604 -0.0317823 
v -0.0330464 0.00418604 -0.0324442 
v -0.0324442 0.00418604 -0.0330464 
v -0.0317823 0.00418604 -0.0335823 
v -0.0310681 0.00418604 -0.0340462 
v -0.0303093 0.00418604 -0.0344328 
v -0.0295142 0.00418604 -0.034738 
v -0.0286916 0.00418604 -0.0349584 
v -0.0278505 0.00418604 -0.0350916 
v -0.0344516 0.00337725 -0.0277832 
v -0.0343289 0.00337725 -0.0285578 
v -0.0341259 0.00337725 -0.0293153 
v -0.0338448 0.00337725 -0.0300475 
v -0.0334888 0.00337725 -0.0307463 
v -0.0330616 0.00337725 -0.031404 
v -0.0325681 0.00337725 -0.0320135 
v -0.0320135 0.00337725 -0.0325681 
v -0.031404 0.00337725 -0.0330616 
v -0.0307463 0.00337725 -0.0334888 
v -0.0300475 0.00337725 -0.0338448 
v -0.0293153 0.00337725 -0.0341259 
v -0.0285578 0.00337725 -0.0343289 
v -0.0277832 0.00337725 -0.0344516 
v -0.0337319 0.00263922 -0.0277075 
v -0.033621 0.00263922 -0.0284073 
v -0.0334377 0.00263922 -0.0290917 
v -0.0331838 0.00263922 -0.0297532 
v -0.0328621 0.00263922 -0.0303845 
v -0.0324762 0.00263922 -0.0309787 
v -0.0320303 0.00263922 -0.0315293 
v -0.0315293 0.00263922 -0.0320303 
v -0.0309787 0.00263922 -0.0324762 
v -0.0303845 0.00263922 -0.0328621 
v -0.0297532 0.00263922 -0.0331838 
v -0.0290917 0.00263922 -0.0334377 
v -0.0284073 0.00263922 -0.033621 
v -0.0277075 0.00263922 -0.0337319 
v -0.0329403 0.00197983 -0.0276243 
v -0.0328425 0.00197983 -0.0282419 
v -0.0326807 0.00197983 -0.0288458 
v -0.0324566 0.00197983 -0.0294294 
v -0.0321728 0.00197983 -0.0299865 
v -0.0318323 0.00197983 -0.0305108 
v -0.0314388 0.00197983 -0.0309967 
v -0.0309967 0.00197983 -0.0314388 
v -0.0305108 0.00197983 -0.0318323 
v -0.0299865 0.00197983 -0.0321728 
v -0.0294294 0.00197983 -0.0324566 
v -0.0288458 0.00197983 -0.0326807 
v -0.0282419 0.00197983 -0.0328425 
v -0.0276243 0.00197983 -0.0329403 
v -0.0320015 0.00140612 -0.0280631 
v -0.031863 0.00140612 -0.0285801 
v -0.0316712 0.00140612 -0.0290797 
v -0.0314282 0.00140612 -0.0295566 
v -0.0311367 0.00140612 -0.0300055 
v -0.0307999 0.00140612 -0.0304214 
v -0.0304214 0.00140612 -0.0307999 
v -0.0300055 0.00140612 -0.0311367 
v -0.0295566 0.00140612 -0.0314282 
v -0.0290797 0.00140612 -0.0316712 
v -0.0285801 0.00140612 -0.031863 
v -0.0280631 0.00140612 -0.0320015 
v -0.0275345 0.00140612 -0.0320852 
v -0.0308358 0.000924219 -0.0287078 
v -0.0306363 0.000924219 -0.0290994 
v -0.0303969 0.000924219 -0.029468 
v -0.0301203 0.000924219 -0.0298096 
v -0.0298096 0.000924219 -0.0301203 
v -0.029468 0.000924219 -0.0303969 
v -0.0290994 0.000924219 -0.0306363 
v -0.0287078 0.000924219 -0.0308358 
v -0.0282975 0.000924219 -0.0309933 
v -0.027873 0.000924219 -0.0311071 
v -0.0274389 0.000924219 -0.0311758 
v -0.0296209 0.000539283 -0.0289042 
v -0.0294075 0.000539283 -0.0291677 
v -0.0291677 0.000539283 -0.0294075 
v -0.0289042 0.000539283 -0.0296209 
v -0.0286198 0.000539283 -0.0298056 
v -0.0283177 0.000539283 -0.0299595 
v -0.0280011 0.000539283 -0.030081 
v -0.0276735 0.000539283 -0.0301688 
v -0.0273386 0.000539283 -0.0302218 
v -0.0288195 0.000265378 -0.0283197 
v -0.0286689 0.000255422 -0.0285027 
v -0.0285027 0.000255422 -0.0286689 
v -0.02832 0.000255422 -0.0288168 
v -0.0281229 0.000255422 -0.0289448 
v -0.0279134 0.000255422 -0.0290516 
v -0.027694 0.000255422 -0.0291358 
v -0.0274669 0.000255422 -0.0291966 
v -0.0272347 0.000255422 -0.0292334 
v -0.0279144 8.14695e-05 -0.0278176 
v -0.0278216 7.56663e-05 -0.0279125 
v -0.0277217 7.56663e-05 -0.0279933 
v -0.0276139 7.56663e-05 -0.0280633 
v -0.0274994 7.56663e-05 -0.0281217 
v -0.0273794 7.56663e-05 -0.0281677 
v -0.0272553 7.56663e-05 -0.028201 
v -0.0271283 7.56663e-05 -0.0282211 
v -0.0332691 0 -0.0270872 
v -0.0332256 0 -0.0233374 
v -0.0332256 0.0021743 -0.0233374 
v -0.027 0 -0.0232532 
v -0.0299565 0 -0.0215003 
v -0.0328779 0.00190983 -0.023142 
v -0.032 0.00133975 -0.0226487 
v -0.0310674 0.000864545 -0.0221245 
v -0.0300876 0.000496314 -0.0215739 
v -0.0280453 5.4781e-05 -0.0226335 
v -0.0290791 0.000218524 -0.0220205 
v -0.0299565 0.000447034 -0.0215003 
v 0.027 0.00916377 -0.0349562 
v 0.027 0.00833671 -0.0348252 
v 0.027 0.00752786 -0.0346085 
v 0.027 0.00674611 -0.0343084 
v 0.027 0.006 -0.0339282 
v 0.027 0.00529772 -0.0334721 
v 0.027 0.00464696 -0.0329452 
v 0.027 0.00405484 -0.032353 
v 0.027 0.00352786 -0.0317023 
v 0.027 0.0030718 -0.031 
v 0.027 0.00269164 -0.0302539 
v 0.027 0.00239155 -0.0294721 
v 0.027 0.00217482 -0.0286633 
v 0.027 0.00204382 -0.0278362 
v 0.0349562 0.00916377 -0.027 
v 0.0348252 0.00833671 -0.027 
v 0.0346085 0.00752786 -0.027 
v 0.0343084 0.00674611 -0.027 
v 0.0339282 0.006 -0.027 
v 0.0334721 0.00529772 -0.027 
v 0.0276218 0.00204888 -0.027627 
v 0.027 0.00200449 -0.0272679 
v 0.0282377 0.00215762 -0.0279825 
v 0.028642 0.00227274 -0.028216 
v 0.0279842 0.00211287 -0.0278362 
v 0.0288425 0.00232983 -0.0283317 
v 0.0294168 0.00255823 -0.0286633 
v 0.0294316 0.00256411 -0.0286718 
v 0.03 0.00285857 -0.029 
v 0.0294178 0.00255863 -0.0286639 
v 0.0301579 0.00290904 -0.0289089 
v 0.0305832 0.00304503 -0.0286633 
v 0.0306099 0.00305354 -0.0286479 
v 0.030929 0.00319645 -0.0284637 
v 0.0311999 0.00331777 -0.0283073 
v 0.0317641 0.00364862 -0.0279815 
v 0.0320158 0.00383478 -0.0278362 
v 0.0316596 0.00358737 -0.0280418 
v 0.0322969 0.0040428 -0.0276739 
v 0.0323337 0.00407635 -0.0276527 
v 0.0327931 0.00449637 -0.0273874 
v 0.0332476 0.00500481 -0.027125 
v 0.0329355 0.00465565 -0.0273052 
v 0.0332476 0.00500325 -0.027 
v 0.0278313 0.00208588 -0.0277479 
v 0.0278316 0.00991259 -0.0349562 
v 0.0286542 0.00982614 -0.0348252 
v 0.027818 0.00982614 -0.0349562 
v 0.0286269 0.00965418 -0.0348252 
v 0.0277953 0.00974159 -0.0349562 
v 0.0285819 0.00948601 -0.0348252 
v 0.0277639 0.00965988 -0.0349562 
v 0.0285195 0.00932348 -0.0348252 
v 0.0277242 0.00958189 -0.0349562 
v 0.0284405 0.00916835 -0.0348252 
v 0.0276765 0.00950848 -0.0349562 
v 0.0283456 0.00902234 -0.0348252 
v 0.0276214 0.00944045 -0.0349562 
v 0.0282361 0.00888704 -0.0348252 
v 0.0275595 0.00937856 -0.0349562 
v 0.028113 0.00876393 -0.0348252 
v 0.0274915 0.00932348 -0.0349562 
v 0.0279777 0.00865437 -0.0348252 
v 0.0274181 0.00927581 -0.0349562 
v 0.0278316 0.00855955 -0.0348252 
v 0.0273401 0.00923607 -0.0349562 
v 0.0276765 0.00848051 -0.0348252 
v 0.0272584 0.0092047 -0.0349562 
v 0.027514 0.00841811 -0.0348252 
v 0.0271739 0.00918205 -0.0349562 
v 0.0273458 0.00837305 -0.0348252 
v 0.0270874 0.00916835 -0.0349562 
v 0.0271739 0.00834582 -0.0348252 
v 0.0294586 0.00974159 -0.0346085 
v 0.0294181 0.00948601 -0.0346085 
v 0.0293511 0.00923607 -0.0346085 
v 0.0292584 0.00899449 -0.0346085 
v 0.0291409 0.00876393 -0.0346085 
v 0.029 0.00854691 -0.0346085 
v 0.0288372 0.00834582 -0.0346085 
v 0.0286542 0.00816284 -0.0346085 
v 0.0284531 0.008 -0.0346085 
v 0.0282361 0.00785907 -0.0346085 
v 0.0280055 0.00774159 -0.0346085 
v 0.0277639 0.00764886 -0.0346085 
v 0.027514 0.00758189 -0.0346085 
v 0.0272584 0.00754141 -0.0346085 
v 0.0302361 0.00965988 -0.0343084 
v 0.0301828 0.00932348 -0.0343084 
v 0.0300946 0.00899449 -0.0343084 
v 0.0299726 0.00867652 -0.0343084 
v 0.029818 0.00837305 -0.0343084 
v 0.0296325 0.00808741 -0.0343084 
v 0.0294181 0.00782272 -0.0343084 
v 0.0291773 0.00758189 -0.0343084 
v 0.0289126 0.00736755 -0.0343084 
v 0.0286269 0.00718205 -0.0343084 
v 0.0283235 0.00702742 -0.0343084 
v 0.0280055 0.00690536 -0.0343084 
v 0.0276765 0.00681721 -0.0343084 
v 0.0273401 0.00676393 -0.0343084 
v 0.0309781 0.00958189 -0.0339282 
v 0.0309126 0.00916835 -0.0339282 
v 0.0308042 0.00876393 -0.0339282 
v 0.0306542 0.00837305 -0.0339282 
v 0.0304641 0.008 -0.0339282 
v 0.0302361 0.00764886 -0.0339282 
v 0.0299726 0.00732348 -0.0339282 
v 0.0296765 0.00702742 -0.0339282 
v 0.0293511 0.00676393 -0.0339282 
v 0.029 0.0065359 -0.0339282 
v 0.0286269 0.00634582 -0.0339282 
v 0.0282361 0.00619577 -0.0339282 
v 0.0278316 0.00608741 -0.0339282 
v 0.0274181 0.00602191 -0.0339282 
v 0.0316765 0.00950848 -0.0334721 
v 0.0315995 0.00902234 -0.0334721 
v 0.0314721 0.00854691 -0.0334721 
v 0.0312957 0.00808741 -0.0334721 
v 0.0310723 0.00764886 -0.0334721 
v 0.0308042 0.00723607 -0.0334721 
v 0.0304945 0.00685356 -0.0334721 
v 0.0301464 0.00650552 -0.0334721 
v 0.0297639 0.00619577 -0.0334721 
v 0.0293511 0.0059277 -0.0334721 
v 0.0289126 0.00570425 -0.0334721 
v 0.0284531 0.00552786 -0.0334721 
v 0.0279777 0.00540047 -0.0334721 
v 0.0274915 0.00532348 -0.0334721 
v 0.0323237 0.00944045 -0.0329452 
v 0.0322361 0.00888704 -0.0329452 
v 0.032091 0.00834582 -0.0329452 
v 0.0318902 0.00782272 -0.0329452 
v 0.0316359 0.00732348 -0.0329452 
v 0.0313307 0.00685356 -0.0329452 
v 0.0309781 0.00641811 -0.0329452 
v 0.0305819 0.00602191 -0.0329452 
v 0.0301464 0.0056693 -0.0329452 
v 0.0296765 0.00536413 -0.0329452 
v 0.0291773 0.00510975 -0.0329452 
v 0.0286542 0.00490895 -0.0329452 
v 0.028113 0.00476393 -0.0329452 
v 0.0275595 0.00467628 -0.0329452 
v 0.0329126 0.00937856 -0.032353 
v 0.0328152 0.00876393 -0.032353 
v 0.0326542 0.00816284 -0.032353 
v 0.0324312 0.00758189 -0.032353 
v 0.0321487 0.00702742 -0.032353 
v 0.0318097 0.00650552 -0.032353 
v 0.0314181 0.00602191 -0.032353 
v 0.0309781 0.00558189 -0.032353 
v 0.0304945 0.00519027 -0.032353 
v 0.0299726 0.00485134 -0.032353 
v 0.0294181 0.00456883 -0.032353 
v 0.0288372 0.00434582 -0.032353 
v 0.0282361 0.00418476 -0.032353 
v 0.0276214 0.00408741 -0.032353 
v 0.0334367 0.00932348 -0.0317023 
v 0.0333307 0.00865437 -0.0317023 
v 0.0331554 0.008 -0.0317023 
v 0.0329126 0.00736755 -0.0317023 
v 0.032605 0.00676393 -0.0317023 
v 0.0322361 0.00619577 -0.0317023 
v 0.0318097 0.0056693 -0.0317023 
v 0.0313307 0.00519027 -0.0317023 
v 0.0308042 0.00476393 -0.0317023 
v 0.0302361 0.00439497 -0.0317023 
v 0.0296325 0.00408741 -0.0317023 
v 0.029 0.00384463 -0.0317023 
v 0.0283456 0.0036693 -0.0317023 
v 0.0276765 0.00356332 -0.0317023 
v 0.0338902 0.00927581 -0.031 
v 0.0337768 0.00855955 -0.031 
v 0.0335891 0.00785907 -0.031 
v 0.0333292 0.00718205 -0.031 
v 0.033 0.0065359 -0.031 
v 0.032605 0.0059277 -0.031 
v 0.0321487 0.00536413 -0.031 
v 0.0316359 0.00485134 -0.031 
v 0.0310723 0.00439497 -0.031 
v 0.0304641 0.004 -0.031 
v 0.029818 0.00367077 -0.031 
v 0.0291409 0.00341089 -0.031 
v 0.0284405 0.00322319 -0.031 
v 0.0277242 0.00310975 -0.031 
v 0.0342683 0.00923607 -0.0302539 
v 0.0341487 0.00848051 -0.0302539 
v 0.0339507 0.00774159 -0.0302539 
v 0.0336765 0.00702742 -0.0302539 
v 0.0333292 0.00634582 -0.0302539 
v 0.0329126 0.00570425 -0.0302539 
v 0.0324312 0.00510975 -0.0302539 
v 0.0318902 0.00456883 -0.0302539 
v 0.0312957 0.00408741 -0.0302539 
v 0.0306542 0.00367077 -0.0302539 
v 0.0299726 0.00332348 -0.0302539 
v 0.0292584 0.00304933 -0.0302539 
v 0.0285195 0.00285134 -0.0302539 
v 0.0277639 0.00273167 -0.0302539 
v 0.0345668 0.0092047 -0.0294721 
v 0.0344422 0.00841811 -0.0294721 
v 0.0342361 0.00764886 -0.0294721 
v 0.0339507 0.00690536 -0.0294721 
v 0.0335891 0.00619577 -0.0294721 
v 0.0331554 0.00552786 -0.0294721 
v 0.0326542 0.00490895 -0.0294721 
v 0.032091 0.00434582 -0.0294721 
v 0.0314721 0.00384463 -0.0294721 
v 0.0308042 0.00341089 -0.0294721 
v 0.0300946 0.00304933 -0.0294721 
v 0.0293511 0.00276393 -0.0294721 
v 0.0285819 0.00255781 -0.0294721 
v 0.0277953 0.00243323 -0.0294721 
v 0.0347823 0.00918205 -0.0286633 
v 0.0346542 0.00837305 -0.0286633 
v 0.0344422 0.00758189 -0.0286633 
v 0.0341487 0.00681721 -0.0286633 
v 0.0337768 0.00608741 -0.0286633 
v 0.0333307 0.00540047 -0.0286633 
v 0.0328152 0.00476393 -0.0286633 
v 0.0322361 0.00418476 -0.0286633 
v 0.0315995 0.0036693 -0.0286633 
v 0.0309126 0.00322319 -0.0286633 
v 0.027818 0.00221769 -0.0286633 
v 0.0349126 0.00916835 -0.0278362 
v 0.0347823 0.00834582 -0.0278362 
v 0.0345668 0.00754141 -0.0278362 
v 0.0342683 0.00676393 -0.0278362 
v 0.0338902 0.00602191 -0.0278362 
v 0.0334367 0.00532348 -0.0278362 
v 0.0329126 0.00467628 -0.0278362 
v 0.0323237 0.00408741 -0.0278362 
v 0.0278316 0.00208741 -0.0278362 
v 0.0286269 0.00234582 -0.0286633 
v 0.03 0.034 -0.029 
v 0.0332476 0.034 -0.027125 
v 0.0332476 0.034 -0.023375 
v 0.0332476 0.00500325 -0.023375 
v 0.0267524 0.034 -0.027125 
v 0.0267524 0.00200098 -0.027125 
v 0.03 0.034 -0.0215 
v 0.0267524 0.034 -0.023375 
v 0.0317023 0.00352786 -0.0224828 
v 0.032353 0.00405484 -0.0228585 
v 0.031 0.0030718 -0.0220774 
v 0.0329452 0.00464696 -0.0232004 
v 0.0302539 0.00269164 -0.0216466 
v 0.03 0.0025838 -0.0215 
v 0.0278362 0.00204382 -0.0227493 
v 0.0286633 0.00217482 -0.0222717 
v 0.0294721 0.00239155 -0.0218048 
v 0.027 0.002 -0.0232321 
v 0.0267524 0.002 -0.023375 
v 0.0267524 0.002 -0.027 
v -0.027 0.00218213 -0.028662 
v -0.027 0.00206739 -0.0280362 
v -0.027 0.00239828 -0.0294702 
v -0.027 0.00221583 -0.0288457 
v -0.027 0.00269773 -0.0302514 
v -0.027 0.00244665 -0.0296357 
v -0.027 0.00307718 -0.0309971 
v -0.027 0.00275741 -0.0303978 
v -0.027 0.00353252 -0.0316991 
v -0.027 0.00314483 -0.0311239 
v -0.027 0.00405875 -0.0323498 
v -0.027 0.0036048 -0.0318064 
v -0.027 0.00465013 -0.0329419 
v -0.027 0.00413245 -0.032438 
v -0.027 0.00530018 -0.033469 
v -0.027 0.0047222 -0.0330121 
v -0.027 0.00600181 -0.0339254 
v -0.027 0.00536781 -0.0335225 
v -0.027 0.00674734 -0.0343059 
v -0.027 0.00606244 -0.0339639 
v -0.027 0.00752861 -0.0346065 
v -0.027 0.00679875 -0.0343316 
v -0.027 0.00833707 -0.0348238 
v -0.027 0.00756894 -0.0346217 
v -0.027 0.00916388 -0.0349555 
v -0.027 0.00836486 -0.0348311 
v -0.027 0.00917808 -0.0349577 
v -0.027 0.0020507 -0.0278357 
v -0.0267744 0.00200165 -0.0271626 
v -0.0267725 0.002 -0.027 
v -0.027 0.00200523 -0.0272893 
v -0.0339254 0.00600181 -0.027 
v -0.0339639 0.00606244 -0.027 
v -0.0343059 0.00674734 -0.027 
v -0.0343316 0.00679875 -0.027 
v -0.0346065 0.00752861 -0.027 
v -0.0346217 0.00756894 -0.027 
v -0.0348238 0.00833707 -0.027 
v -0.0348311 0.00836486 -0.027 
v -0.0349555 0.00916388 -0.027 
v -0.0349577 0.00917808 -0.027 
v -0.0294675 0.00257691 -0.0286761 
v -0.0298274 0.00276437 -0.0288783 
v -0.0291609 0.00245429 -0.0285037 
v -0.0288702 0.00233803 -0.0283404 
v -0.0287876 0.00231436 -0.0282939 
v -0.0284679 0.0022228 -0.0281143 
v -0.0282564 0.00216224 -0.0279954 
v -0.0279403 0.00210598 -0.0278178 
v -0.0277489 0.00207192 -0.0277102 
v -0.0276313 0.00205101 -0.0276441 
v -0.0275938 0.00204828 -0.027623 
v -0.027499 0.00204141 -0.0275698 
v -0.0274037 0.0020345 -0.0275162 
v -0.0273103 0.00202773 -0.0274637 
v -0.0272211 0.00202126 -0.0274136 
v -0.0271384 0.00201527 -0.0273671 
v -0.027064 0.00200988 -0.0273253 
v -0.0332691 0.00503106 -0.0270872 
v -0.0329996 0.00472599 -0.027247 
v -0.0334707 0.00529881 -0.027 
v -0.0332681 0.00502902 -0.027 
v -0.0335225 0.00536781 -0.027 
v -0.0328183 0.00452082 -0.0273545 
v -0.032457 0.00418683 -0.0275687 
v -0.0323259 0.00406558 -0.0276465 
v -0.0317967 0.00366993 -0.0279602 
v -0.0324002 0.00413434 -0.0276024 
v -0.0317282 0.00362934 -0.0280009 
v -0.0316894 0.00360638 -0.0280239 
v -0.0312361 0.00333783 -0.0282926 
v -0.0311507 0.00329922 -0.0283432 
v -0.0308121 0.00314606 -0.028544 
v -0.0306655 0.00307975 -0.0286309 
v -0.0306497 0.00307261 -0.0286403 
v -0.0300435 0.00287693 -0.0289997 
v -0.030259 0.00294648 -0.028872 
v -0.0276934 0.00206739 -0.0277701 
v -0.0276091 0.00206739 -0.0278383 
v -0.0280849 0.00221583 -0.0284932 
v -0.0275181 0.00206739 -0.0278974 
v -0.0279229 0.00221583 -0.0285984 
v -0.0274215 0.00206739 -0.0279466 
v -0.0277507 0.00221583 -0.0286861 
v -0.0273202 0.00206739 -0.0279855 
v -0.0275704 0.00221583 -0.0287554 
v -0.0272154 0.00206739 -0.0280136 
v -0.0273837 0.00221583 -0.0288054 
v -0.0271083 0.00206739 -0.0280305 
v -0.0271929 0.00221583 -0.0288356 
v -0.0283716 0.00221583 -0.028235 
v -0.028235 0.00221583 -0.0283716 
v -0.0287636 0.00244665 -0.0289587 
v -0.0285492 0.00244665 -0.0291323 
v -0.0283179 0.00244665 -0.0292826 
v -0.028072 0.00244665 -0.0294078 
v -0.0278145 0.00244665 -0.0295067 
v -0.027548 0.00244665 -0.0295781 
v -0.0272755 0.00244665 -0.0296213 
v -0.0291323 0.00244665 -0.0285492 
v -0.0289587 0.00244665 -0.0287636 
v -0.029525 0.00275741 -0.0292736 
v -0.0292736 0.00275741 -0.029525 
v -0.0289972 0.00275741 -0.0297489 
v -0.0286989 0.00275741 -0.0299426 
v -0.028382 0.00275741 -0.030104 
v -0.02805 0.00275741 -0.0302315 
v -0.0277064 0.00275741 -0.0303235 
v -0.0273552 0.00275741 -0.0303792 
v -0.0297489 0.00275741 -0.0289972 
v -0.0300647 0.00314483 -0.0297594 
v -0.0297594 0.00314483 -0.0300647 
v -0.029424 0.00314483 -0.0303363 
v -0.029062 0.00314483 -0.0305714 
v -0.0286773 0.00314483 -0.0307674 
v -0.0282744 0.00314483 -0.0309221 
v -0.0278574 0.00314483 -0.0310338 
v -0.0274311 0.00314483 -0.0311013 
v -0.0307674 0.00314483 -0.0286773 
v -0.0305714 0.00314483 -0.029062 
v -0.0311625 0.0036048 -0.0294032 
v -0.0303363 0.00314483 -0.029424 
v -0.0308885 0.0036048 -0.0298251 
v -0.0305718 0.0036048 -0.0302161 
v -0.0302161 0.0036048 -0.0305718 
v -0.0298251 0.0036048 -0.0308885 
v -0.0294032 0.0036048 -0.0311625 
v -0.0289549 0.0036048 -0.0313909 
v -0.0284853 0.0036048 -0.0315711 
v -0.0279993 0.0036048 -0.0317014 
v -0.0275024 0.0036048 -0.0317801 
v -0.0315711 0.0036048 -0.0284853 
v -0.0313909 0.0036048 -0.0289549 
v -0.0319679 0.00413245 -0.0292118 
v -0.0317094 0.00413245 -0.029719 
v -0.0313994 0.00413245 -0.0301964 
v -0.0310412 0.00413245 -0.0306387 
v -0.0306387 0.00413245 -0.0310412 
v -0.0301964 0.00413245 -0.0313994 
v -0.029719 0.00413245 -0.0317094 
v -0.0292118 0.00413245 -0.0319679 
v -0.0286804 0.00413245 -0.0321718 
v -0.0281306 0.00413245 -0.0323192 
v -0.0275684 0.00413245 -0.0324082 
v -0.0323192 0.00413245 -0.0281306 
v -0.0321718 0.00413245 -0.0286804 
v -0.0327178 0.0047222 -0.0288578 
v -0.0324923 0.0047222 -0.0294453 
v -0.0322066 0.0047222 -0.030006 
v -0.0318639 0.0047222 -0.0305338 
v -0.0314678 0.0047222 -0.0310229 
v -0.0310229 0.0047222 -0.0314678 
v -0.0305338 0.0047222 -0.0318639 
v -0.030006 0.0047222 -0.0322066 
v -0.0294453 0.0047222 -0.0324923 
v -0.0288578 0.0047222 -0.0327178 
v -0.02825 0.0047222 -0.0328807 
v -0.0276284 0.0047222 -0.0329791 
v -0.0329791 0.0047222 -0.0276284 
v -0.0328807 0.0047222 -0.02825 
v -0.03338 0.00536781 -0.0283561 
v -0.0332033 0.00536781 -0.0290156 
v -0.0329586 0.00536781 -0.0296529 
v -0.0326486 0.00536781 -0.0302612 
v -0.0322768 0.00536781 -0.0308338 
v -0.0318472 0.00536781 -0.0313644 
v -0.0313644 0.00536781 -0.0318472 
v -0.0308338 0.00536781 -0.0322768 
v -0.0302612 0.00536781 -0.0326486 
v -0.0296529 0.00536781 -0.0329586 
v -0.0290156 0.00536781 -0.0332033 
v -0.0283561 0.00536781 -0.03338 
v -0.0276818 0.00536781 -0.0334868 
v -0.0334868 0.00536781 -0.0276818 
v -0.0339257 0.00606244 -0.0277279 
v -0.0338117 0.00606244 -0.0284479 
v -0.033623 0.00606244 -0.029152 
v -0.0333618 0.00606244 -0.0298325 
v -0.0330309 0.00606244 -0.0304819 
v -0.0326339 0.00606244 -0.0310933 
v -0.0321752 0.00606244 -0.0316597 
v -0.0316597 0.00606244 -0.0321752 
v -0.0310933 0.00606244 -0.0326339 
v -0.0304819 0.00606244 -0.0330309 
v -0.0298325 0.00606244 -0.0333618 
v -0.029152 0.00606244 -0.033623 
v -0.0284479 0.00606244 -0.0338117 
v -0.0277279 0.00606244 -0.0339257 
v -0.0342914 0.00679875 -0.0277664 
v -0.0341714 0.00679875 -0.0285243 
v -0.0339727 0.00679875 -0.0292656 
v -0.0336977 0.00679875 -0.029982 
v -0.0333493 0.00679875 -0.0306658 
v -0.0329314 0.00679875 -0.0313094 
v -0.0324484 0.00679875 -0.0319058 
v -0.0319058 0.00679875 -0.0324484 
v -0.0313094 0.00679875 -0.0329314 
v -0.0306658 0.00679875 -0.0333493 
v -0.029982 0.00679875 -0.0336977 
v -0.0292656 0.00679875 -0.0339727 
v -0.0285243 0.00679875 -0.0341714 
v -0.0277664 0.00679875 -0.0342914 
v -0.0345799 0.00756894 -0.0277967 
v -0.0344551 0.00756894 -0.0285846 
v -0.0342486 0.00756894 -0.0293552 
v -0.0339627 0.00756894 -0.0301 
v -0.0336006 0.00756894 -0.0308108 
v -0.0331661 0.00756894 -0.0314799 
v -0.032664 0.00756894 -0.0320999 
v -0.0320999 0.00756894 -0.032664 
v -0.0314799 0.00756894 -0.0331661 
v -0.0308108 0.00756894 -0.0336006 
v -0.0301 0.00756894 -0.0339627 
v -0.0293552 0.00756894 -0.0342486 
v -0.0285846 0.00756894 -0.0344551 
v -0.0277967 0.00756894 -0.0345799 
v -0.0347882 0.00836486 -0.0278186 
v -0.03466 0.00836486 -0.0286282 
v -0.0344478 0.00836486 -0.0294199 
v -0.0341541 0.00836486 -0.0301852 
v -0.0337819 0.00836486 -0.0309156 
v -0.0333355 0.00836486 -0.031603 
v -0.0328196 0.00836486 -0.03224 
v -0.03224 0.00836486 -0.0328196 
v -0.031603 0.00836486 -0.0333355 
v -0.0309156 0.00836486 -0.0337819 
v -0.0301852 0.00836486 -0.0341541 
v -0.0294199 0.00836486 -0.0344478 
v -0.0286282 0.00836486 -0.03466 
v -0.0278186 0.00836486 -0.0347882 
v -0.0349141 0.00917808 -0.0278318 
v -0.0347838 0.00917808 -0.0286545 
v -0.0345682 0.00917808 -0.0294591 
v -0.0342697 0.00917808 -0.0302367 
v -0.0338915 0.00917808 -0.0309788 
v -0.0334379 0.00917808 -0.0316774 
v -0.0329137 0.00917808 -0.0323247 
v -0.0323247 0.00917808 -0.0329137 
v -0.0316774 0.00917808 -0.0334379 
v -0.0309788 0.00917808 -0.0338915 
v -0.0302367 0.00917808 -0.0342697 
v -0.0294591 0.00917808 -0.0345682 
v -0.0286545 0.00917808 -0.0347838 
v -0.0278318 0.00917808 -0.0349141 
v -0.0267744 0.034 -0.0271626 
v -0.0300435 0.034 -0.0289997 
v -0.0332691 0.034 -0.0270872 
v -0.0267309 0.034 -0.0234128 
v -0.0267309 0.002 -0.0234128 
v -0.0332256 0.034 -0.0233374 
v -0.0299565 0.034 -0.0215003 
v -0.0294721 0.00239155 -0.0217874 
v -0.0286633 0.00217482 -0.022267 
v -0.0278362 0.00204382 -0.0227574 
v -0.0299565 0.00256635 -0.0215003 
v -0.027 0.002 -0.0232532 
v -0.0332256 0.0049759 -0.0233374 
v -0.0329452 0.00464696 -0.0231798 
v -0.032353 0.00405484 -0.0228471 
v -0.0317023 0.00352786 -0.0224814 
v -0.031 0.0030718 -0.0220867 
v -0.0302539 0.00269164 -0.0216674 
v 0.0334707 0.0052988 0.027 
v 0.0335175 0.00536079 0.027 
v 0.0339256 0.00600165 0.027 
v 0.0339603 0.00605619 0.027 
v 0.0343061 0.00674723 0.027 
v 0.0343293 0.00679349 0.027 
v 0.0346067 0.00752854 0.027 
v 0.0346204 0.00756483 0.027 
v 0.0348239 0.00833704 0.027 
v 0.0348305 0.00836204 0.027 
v 0.0349555 0.00916387 0.027 
v 0.0349575 0.00917665 0.027 
v 0.027 0.002 0.0232321 
v 0.0278362 0.00204382 0.0227493 
v 0.0286633 0.00217482 0.0222717 
v 0.0294721 0.00239155 0.0218048 
v 0.03 0.0025838 0.0215 
v 0.031 0.0030718 0.0220774 
v 0.032353 0.00405484 0.0228585 
v 0.0329452 0.00464696 0.0232004 
v 0.0332476 0.00500325 0.023375 
v 0.0332476 0.00500325 0.027 
v 0.0317023 0.00352786 0.0224828 
v 0.0302539 0.00269164 0.0216466 
v 0.03 0.034 0.0215 
v 0.0332476 0.034 0.023375 
v 0.0267524 0.034 0.023375 
v 0.0267524 0.002 0.023375 
v 0.0267524 0.002 0.027 
v 0.0267524 0.034 0.027125 
v 0.0267524 0.00200098 0.027125 
v 0.027 0.00206481 0.0280163 
v 0.027 0.00218161 0.0286621 
v 0.027 0.00221154 0.0288275 
v 0.027 0.00239779 0.0294703 
v 0.027 0.00244099 0.0296194 
v 0.027 0.00269726 0.0302516 
v 0.027 0.00275072 0.0303835 
v 0.027 0.00307676 0.0309974 
v 0.027 0.00313744 0.0311116 
v 0.027 0.00353215 0.0316994 
v 0.027 0.00359704 0.0317961 
v 0.027 0.00405843 0.0323501 
v 0.027 0.00412465 0.0324296 
v 0.027 0.00464986 0.0329422 
v 0.027 0.00471465 0.0330054 
v 0.027 0.00529997 0.0334693 
v 0.027 0.00536079 0.0335175 
v 0.027 0.00600165 0.0339256 
v 0.027 0.00605619 0.0339603 
v 0.027 0.00674723 0.0343061 
v 0.027 0.00679349 0.0343293 
v 0.027 0.00752854 0.0346067 
v 0.027 0.00756483 0.0346204 
v 0.027 0.00833704 0.0348239 
v 0.027 0.00916387 0.0349555 
v 0.027 0.00836204 0.0348305 
v 0.027 0.00917665 0.0349575 
v 0.0332476 0.00500481 0.027125 
v 0.0329917 0.00471855 0.0272727 
v 0.0327931 0.00449637 0.0273874 
v 0.032477 0.00420743 0.0275699 
v 0.0322969 0.0040428 0.0276739 
v 0.0317641 0.00364862 0.0279815 
v 0.0323889 0.0041269 0.0276207 
v 0.0317277 0.00362725 0.0280025 
v 0.0316784 0.00359838 0.028031 
v 0.0311999 0.00331777 0.0283073 
v 0.0311407 0.00329128 0.0283414 
v 0.0308003 0.00313882 0.028538 
v 0.0306524 0.00307257 0.0286234 
v 0.0306099 0.00305354 0.0286479 
v 0.03 0.00285857 0.029 
v 0.0302409 0.0029356 0.0288609 
v 0.0294316 0.00256411 0.0286718 
v 0.0298045 0.00275732 0.0288872 
v 0.029141 0.00244852 0.028504 
v 0.0288425 0.00232983 0.0283317 
v 0.0288094 0.00232039 0.0283126 
v 0.0284515 0.00221852 0.028106 
v 0.0282377 0.00215762 0.0279825 
v 0.0279134 0.00210037 0.0277953 
v 0.0277376 0.00206932 0.0276938 
v 0.0276218 0.00204888 0.027627 
v 0.02758 0.0020459 0.0276028 
v 0.0274874 0.00203929 0.0275493 
v 0.0273942 0.00203263 0.0274955 
v 0.0273029 0.00202611 0.0274428 
v 0.0272157 0.00201989 0.0273925 
v 0.0271348 0.00201412 0.0273458 
v 0.0270624 0.00200894 0.027304 
v 0.027 0.00200449 0.0272679 
v 0.027 0.00205026 0.0278357 
v 0.02768 0.00206481 0.0277552 
v 0.0275973 0.00206481 0.0278222 
v 0.0280742 0.00221154 0.0284785 
v 0.0275081 0.00206481 0.0278801 
v 0.0279138 0.00221154 0.0285827 
v 0.0274134 0.00206481 0.0279284 
v 0.0277433 0.00221154 0.0286695 
v 0.027314 0.00206481 0.0279665 
v 0.0275647 0.00221154 0.0287381 
v 0.0272113 0.00206481 0.0279941 
v 0.02738 0.00221154 0.0287876 
v 0.0271062 0.00206481 0.0280107 
v 0.027191 0.00221154 0.0288175 
v 0.0283581 0.00221154 0.0282229 
v 0.0282229 0.00221154 0.0283581 
v 0.0287527 0.00244099 0.0289466 
v 0.0285397 0.00244099 0.0291192 
v 0.0283097 0.00244099 0.0292685 
v 0.0280654 0.00244099 0.029393 
v 0.0278094 0.00244099 0.0294912 
v 0.0275446 0.00244099 0.0295622 
v 0.0272738 0.00244099 0.0296051 
v 0.0291192 0.00244099 0.0285397 
v 0.0289466 0.00244099 0.0287527 
v 0.0295144 0.00275072 0.029264 
v 0.029264 0.00275072 0.0295144 
v 0.0289888 0.00275072 0.0297373 
v 0.0286917 0.00275072 0.0299302 
v 0.0283762 0.00275072 0.030091 
v 0.0280456 0.00275072 0.0302179 
v 0.0277035 0.00275072 0.0303095 
v 0.0273537 0.00275072 0.0303649 
v 0.0297373 0.00275072 0.0289888 
v 0.0300555 0.00313744 0.0297512 
v 0.0297512 0.00313744 0.0300555 
v 0.0294167 0.00313744 0.0303264 
v 0.0290558 0.00313744 0.0305607 
v 0.0286723 0.00313744 0.0307561 
v 0.0282706 0.00313744 0.0309104 
v 0.0278548 0.00313744 0.0310217 
v 0.0274298 0.00313744 0.0310891 
v 0.0307561 0.00313744 0.0286723 
v 0.0305607 0.00313744 0.0290558 
v 0.0311535 0.00359704 0.029398 
v 0.0303264 0.00313744 0.0294167 
v 0.0308801 0.00359704 0.029819 
v 0.0305642 0.00359704 0.0302092 
v 0.0302092 0.00359704 0.0305642 
v 0.029819 0.00359704 0.0308801 
v 0.029398 0.00359704 0.0311535 
v 0.0289507 0.00359704 0.0313814 
v 0.0284821 0.00359704 0.0315613 
v 0.0279972 0.00359704 0.0316912 
v 0.0275013 0.00359704 0.0317698 
v 0.0315613 0.00359704 0.0284821 
v 0.0313814 0.00359704 0.0289507 
v 0.0319602 0.00412465 0.0292084 
v 0.0317021 0.00412465 0.0297148 
v 0.0313926 0.00412465 0.0301914 
v 0.031035 0.00412465 0.0306331 
v 0.0306331 0.00412465 0.031035 
v 0.0301914 0.00412465 0.0313926 
v 0.0297148 0.00412465 0.0317021 
v 0.0292084 0.00412465 0.0319602 
v 0.0286778 0.00412465 0.0321638 
v 0.0281289 0.00412465 0.0323109 
v 0.0275675 0.00412465 0.0323998 
v 0.0323109 0.00412465 0.0281289 
v 0.0321638 0.00412465 0.0286778 
v 0.0327115 0.00471465 0.0288558 
v 0.0324862 0.00471465 0.0294426 
v 0.0322008 0.00471465 0.0300027 
v 0.0318585 0.00471465 0.0305299 
v 0.0314629 0.00471465 0.0310184 
v 0.0310184 0.00471465 0.0314629 
v 0.0305299 0.00471465 0.0318585 
v 0.0300027 0.00471465 0.0322008 
v 0.0294426 0.00471465 0.0324862 
v 0.0288558 0.00471465 0.0327115 
v 0.0282486 0.00471465 0.0328742 
v 0.0276277 0.00471465 0.0329725 
v 0.0329725 0.00471465 0.0276277 
v 0.0328742 0.00471465 0.0282486 
v 0.0333751 0.00536079 0.0283551 
v 0.0331985 0.00536079 0.029014 
v 0.032954 0.00536079 0.0296509 
v 0.0326443 0.00536079 0.0302587 
v 0.0322728 0.00536079 0.0308309 
v 0.0318434 0.00536079 0.0313611 
v 0.0313611 0.00536079 0.0318434 
v 0.0308309 0.00536079 0.0322728 
v 0.0302587 0.00536079 0.0326443 
v 0.0296509 0.00536079 0.032954 
v 0.029014 0.00536079 0.0331985 
v 0.0283551 0.00536079 0.0333751 
v 0.0276813 0.00536079 0.0334818 
v 0.0334818 0.00536079 0.0276813 
v 0.0339222 0.00605619 0.0277276 
v 0.0338082 0.00605619 0.0284471 
v 0.0336197 0.00605619 0.0291509 
v 0.0333586 0.00605619 0.029831 
v 0.0330278 0.00605619 0.0304802 
v 0.032631 0.00605619 0.0310912 
v 0.0321725 0.00605619 0.0316574 
v 0.0316574 0.00605619 0.0321725 
v 0.0310912 0.00605619 0.032631 
v 0.0304802 0.00605619 0.0330278 
v 0.029831 0.00605619 0.0333586 
v 0.0291509 0.00605619 0.0336197 
v 0.0284471 0.00605619 0.0338082 
v 0.0277276 0.00605619 0.0339222 
v 0.0342891 0.00679349 0.0277661 
v 0.0341691 0.00679349 0.0285238 
v 0.0339706 0.00679349 0.0292649 
v 0.0336956 0.00679349 0.0299811 
v 0.0333473 0.00679349 0.0306646 
v 0.0329295 0.00679349 0.031308 
v 0.0324467 0.00679349 0.0319042 
v 0.0319042 0.00679349 0.0324467 
v 0.031308 0.00679349 0.0329295 
v 0.0306646 0.00679349 0.0333473 
v 0.0299811 0.00679349 0.0336956 
v 0.0292649 0.00679349 0.0339706 
v 0.0285238 0.00679349 0.0341691 
v 0.0277661 0.00679349 0.0342891 
v 0.0345786 0.00756483 0.0277965 
v 0.0344538 0.00756483 0.0285844 
v 0.0342474 0.00756483 0.0293548 
v 0.0339616 0.00756483 0.0300995 
v 0.0335994 0.00756483 0.0308102 
v 0.033165 0.00756483 0.0314791 
v 0.032663 0.00756483 0.032099 
v 0.032099 0.00756483 0.032663 
v 0.0314791 0.00756483 0.033165 
v 0.0308102 0.00756483 0.0335994 
v 0.0300995 0.00756483 0.0339616 
v 0.0293548 0.00756483 0.0342474 
v 0.0285844 0.00756483 0.0344538 
v 0.0277965 0.00756483 0.0345786 
v 0.0347876 0.00836204 0.0278185 
v 0.0346594 0.00836204 0.0286281 
v 0.0344473 0.00836204 0.0294198 
v 0.0341535 0.00836204 0.030185 
v 0.0337814 0.00836204 0.0309153 
v 0.033335 0.00836204 0.0316027 
v 0.0328192 0.00836204 0.0322396 
v 0.0322396 0.00836204 0.0328192 
v 0.0316027 0.00836204 0.033335 
v 0.0309153 0.00836204 0.0337814 
v 0.030185 0.00836204 0.0341535 
v 0.0294198 0.00836204 0.0344473 
v 0.0286281 0.00836204 0.0346594 
v 0.0278185 0.00836204 0.0347876 
v 0.0349139 0.00917665 0.0278318 
v 0.0347836 0.00917665 0.0286545 
v 0.034568 0.00917665 0.029459 
v 0.0342696 0.00917665 0.0302366 
v 0.0338914 0.00917665 0.0309788 
v 0.0334378 0.00917665 0.0316773 
v 0.0329136 0.00917665 0.0323246 
v 0.0323246 0.00917665 0.0329136 
v 0.0316773 0.00917665 0.0334378 
v 0.0309788 0.00917665 0.0338914 
v 0.0302366 0.00917665 0.0342696 
v 0.029459 0.00917665 0.034568 
v 0.0286545 0.00917665 0.0347836 
v 0.0278318 0.00917665 0.0349139 
v 0.03 0.034 0.029 
v 0.0332476 0.034 0.027125 
v -0.027 0.00206481 0.0280163 
v -0.027 0.00205026 0.0278357 
v -0.027 0.00221154 0.0288275 
v -0.027 0.00218161 0.0286621 
v -0.027 0.00244099 0.0296194 
v -0.027 0.00239779 0.0294703 
v -0.027 0.00275072 0.0303835 
v -0.027 0.00269726 0.0302516 
v -0.027 0.00313744 0.0311116 
v -0.027 0.00307676 0.0309974 
v -0.027 0.00359704 0.0317961 
v -0.027 0.00353215 0.0316994 
v -0.027 0.00412465 0.0324296 
v -0.027 0.00405843 0.0323501 
v -0.027 0.00471465 0.0330054 
v -0.027 0.00464986 0.0329422 
v -0.027 0.00536079 0.0335175 
v -0.027 0.00529997 0.0334693 
v -0.027 0.00605619 0.0339603 
v -0.027 0.00600165 0.0339256 
v -0.027 0.00679349 0.0343293 
v -0.027 0.00674723 0.0343061 
v -0.027 0.00756483 0.0346204 
v -0.027 0.00752854 0.0346067 
v -0.027 0.00836204 0.0348305 
v -0.027 0.00833704 0.0348239 
v -0.027 0.00917665 0.0349575 
v -0.027 0.00916387 0.0349555 
v -0.0267524 0.00200098 0.027125 
v -0.0267524 0.002 0.027 
v -0.027 0.00200449 0.0272679 
v -0.0335175 0.00536079 0.027 
v -0.0339256 0.00600165 0.027 
v -0.0339603 0.00605619 0.027 
v -0.0343061 0.00674723 0.027 
v -0.0343293 0.00679349 0.027 
v -0.0346067 0.00752854 0.027 
v -0.0346204 0.00756483 0.027 
v -0.0348239 0.00833704 0.027 
v -0.0349555 0.00916387 0.027 
v -0.0348305 0.00836204 0.027 
v -0.0349575 0.00917665 0.027 
v -0.0270624 0.00200894 0.027304 
v -0.0271348 0.00201412 0.0273458 
v -0.0272157 0.00201989 0.0273925 
v -0.0273029 0.00202611 0.0274428 
v -0.0273942 0.00203263 0.0274955 
v -0.0274874 0.00203929 0.0275493 
v -0.02758 0.0020459 0.0276028 
v -0.0276218 0.00204888 0.027627 
v -0.0279134 0.00210037 0.0277953 
v -0.0277376 0.00206932 0.0276938 
v -0.0282377 0.00215762 0.0279825 
v -0.0284515 0.00221852 0.028106 
v -0.0288094 0.00232039 0.0283126 
v -0.0288425 0.00232983 0.0283317 
v -0.029141 0.00244852 0.028504 
v -0.0294316 0.00256411 0.0286718 
v -0.03 0.00285857 0.029 
v -0.0302409 0.0029356 0.0288609 
v -0.0298045 0.00275732 0.0288872 
v -0.0306099 0.00305354 0.0286479 
v -0.0306524 0.00307257 0.0286234 
v -0.0308003 0.00313882 0.028538 
v -0.0311407 0.00329128 0.0283414 
v -0.0311999 0.00331777 0.0283073 
v -0.0317277 0.00362725 0.0280025 
v -0.0316784 0.00359838 0.028031 
v -0.0317641 0.00364862 0.0279815 
v -0.0322969 0.0040428 0.0276739 
v -0.032477 0.00420743 0.0275699 
v -0.0323889 0.0041269 0.0276207 
v -0.0327931 0.00449637 0.0273874 
v -0.0334707 0.0052988 0.027 
v -0.0332476 0.00500481 0.027125 
v -0.0332476 0.00500325 0.027 
v -0.0329917 0.00471855 0.0272727 
v -0.0271062 0.00206481 0.0280107 
v -0.027191 0.00221154 0.0288175 
v -0.0272113 0.00206481 0.0279941 
v -0.02738 0.00221154 0.0287876 
v -0.027314 0.00206481 0.0279665 
v -0.0275647 0.00221154 0.0287381 
v -0.0274134 0.00206481 0.0279284 
v -0.0277433 0.00221154 0.0286695 
v -0.0275081 0.00206481 0.0278801 
v -0.0279138 0.00221154 0.0285827 
v -0.0275973 0.00206481 0.0278222 
v -0.0280742 0.00221154 0.0284785 
v -0.02768 0.00206481 0.0277552 
v -0.0282229 0.00221154 0.0283581 
v -0.0272738 0.00244099 0.0296051 
v -0.0275446 0.00244099 0.0295622 
v -0.0278094 0.00244099 0.0294912 
v -0.0280654 0.00244099 0.029393 
v -0.0283097 0.00244099 0.0292685 
v -0.0285397 0.00244099 0.0291192 
v -0.0287527 0.00244099 0.0289466 
v -0.0283581 0.00221154 0.0282229 
v -0.0289466 0.00244099 0.0287527 
v -0.0273537 0.00275072 0.0303649 
v -0.0277035 0.00275072 0.0303095 
v -0.0280456 0.00275072 0.0302179 
v -0.0283762 0.00275072 0.030091 
v -0.0286917 0.00275072 0.0299302 
v -0.0289888 0.00275072 0.0297373 
v -0.029264 0.00275072 0.0295144 
v -0.0295144 0.00275072 0.029264 
v -0.0291192 0.00244099 0.0285397 
v -0.0297373 0.00275072 0.0289888 
v -0.0274298 0.00313744 0.0310891 
v -0.0278548 0.00313744 0.0310217 
v -0.0282706 0.00313744 0.0309104 
v -0.0286723 0.00313744 0.0307561 
v -0.0290558 0.00313744 0.0305607 
v -0.0294167 0.00313744 0.0303264 
v -0.0297512 0.00313744 0.0300555 
v -0.0300555 0.00313744 0.0297512 
v -0.0303264 0.00313744 0.0294167 
v -0.0275013 0.00359704 0.0317698 
v -0.0279972 0.00359704 0.0316912 
v -0.0284821 0.00359704 0.0315613 
v -0.0289507 0.00359704 0.0313814 
v -0.029398 0.00359704 0.0311535 
v -0.029819 0.00359704 0.0308801 
v -0.0302092 0.00359704 0.0305642 
v -0.0305642 0.00359704 0.0302092 
v -0.0308801 0.00359704 0.029819 
v -0.0305607 0.00313744 0.0290558 
v -0.0311535 0.00359704 0.029398 
v -0.0307561 0.00313744 0.0286723 
v -0.0313814 0.00359704 0.0289507 
v -0.0275675 0.00412465 0.0323998 
v -0.0281289 0.00412465 0.0323109 
v -0.0286778 0.00412465 0.0321638 
v -0.0292084 0.00412465 0.0319602 
v -0.0297148 0.00412465 0.0317021 
v -0.0301914 0.00412465 0.0313926 
v -0.0306331 0.00412465 0.031035 
v -0.031035 0.00412465 0.0306331 
v -0.0313926 0.00412465 0.0301914 
v -0.0317021 0.00412465 0.0297148 
v -0.0319602 0.00412465 0.0292084 
v -0.0315613 0.00359704 0.0284821 
v -0.0321638 0.00412465 0.0286778 
v -0.0276277 0.00471465 0.0329725 
v -0.0282486 0.00471465 0.0328742 
v -0.0288558 0.00471465 0.0327115 
v -0.0294426 0.00471465 0.0324862 
v -0.0300027 0.00471465 0.0322008 
v -0.0305299 0.00471465 0.0318585 
v -0.0310184 0.00471465 0.0314629 
v -0.0314629 0.00471465 0.0310184 
v -0.0318585 0.00471465 0.0305299 
v -0.0322008 0.00471465 0.0300027 
v -0.0324862 0.00471465 0.0294426 
v -0.0327115 0.00471465 0.0288558 
v -0.0323109 0.00412465 0.0281289 
v -0.0328742 0.00471465 0.0282486 
v -0.0276813 0.00536079 0.0334818 
v -0.0283551 0.00536079 0.0333751 
v -0.029014 0.00536079 0.0331985 
v -0.0296509 0.00536079 0.032954 
v -0.0302587 0.00536079 0.0326443 
v -0.0308309 0.00536079 0.0322728 
v -0.0313611 0.00536079 0.0318434 
v -0.0318434 0.00536079 0.0313611 
v -0.0322728 0.00536079 0.0308309 
v -0.0326443 0.00536079 0.0302587 
v -0.032954 0.00536079 0.0296509 
v -0.0331985 0.00536079 0.029014 
v -0.0333751 0.00536079 0.0283551 
v -0.0329725 0.00471465 0.0276277 
v -0.0334818 0.00536079 0.0276813 
v -0.0277276 0.00605619 0.0339222 
v -0.0284471 0.00605619 0.0338082 
v -0.0291509 0.00605619 0.0336197 
v -0.029831 0.00605619 0.0333586 
v -0.0304802 0.00605619 0.0330278 
v -0.0310912 0.00605619 0.032631 
v -0.0316574 0.00605619 0.0321725 
v -0.0321725 0.00605619 0.0316574 
v -0.032631 0.00605619 0.0310912 
v -0.0330278 0.00605619 0.0304802 
v -0.0333586 0.00605619 0.029831 
v -0.0336197 0.00605619 0.0291509 
v -0.0338082 0.00605619 0.0284471 
v -0.0339222 0.00605619 0.0277276 
v -0.0277661 0.00679349 0.0342891 
v -0.0285238 0.00679349 0.0341691 
v -0.0292649 0.00679349 0.0339706 
v -0.0299811 0.00679349 0.0336956 
v -0.0306646 0.00679349 0.0333473 
v -0.031308 0.00679349 0.0329295 
v -0.0319042 0.00679349 0.0324467 
v -0.0324467 0.00679349 0.0319042 
v -0.0329295 0.00679349 0.031308 
v -0.0333473 0.00679349 0.0306646 
v -0.0336956 0.00679349 0.0299811 
v -0.0339706 0.00679349 0.0292649 
v -0.0341691 0.00679349 0.0285238 
v -0.0342891 0.00679349 0.0277661 
v -0.0277965 0.00756483 0.0345786 
v -0.0285844 0.00756483 0.0344538 
v -0.0293548 0.00756483 0.0342474 
v -0.0300995 0.00756483 0.0339616 
v -0.0308102 0.00756483 0.0335994 
v -0.0314791 0.00756483 0.033165 
v -0.032099 0.00756483 0.032663 
v -0.032663 0.00756483 0.032099 
v -0.033165 0.00756483 0.0314791 
v -0.0335994 0.00756483 0.0308102 
v -0.0339616 0.00756483 0.0300995 
v -0.0342474 0.00756483 0.0293548 
v -0.0344538 0.00756483 0.0285844 
v -0.0345786 0.00756483 0.0277965 
v -0.0278185 0.00836204 0.0347876 
v -0.0286281 0.00836204 0.0346594 
v -0.0294198 0.00836204 0.0344473 
v -0.030185 0.00836204 0.0341535 
v -0.0309153 0.00836204 0.0337814 
v -0.0316027 0.00836204 0.033335 
v -0.0322396 0.00836204 0.0328192 
v -0.0328192 0.00836204 0.0322396 
v -0.033335 0.00836204 0.0316027 
v -0.0337814 0.00836204 0.0309153 
v -0.0341535 0.00836204 0.030185 
v -0.0344473 0.00836204 0.0294198 
v -0.0346594 0.00836204 0.0286281 
v -0.0347876 0.00836204 0.0278185 
v -0.0278318 0.00917665 0.0349139 
v -0.0286545 0.00917665 0.0347836 
v -0.029459 0.00917665 0.034568 
v -0.0302366 0.00917665 0.0342696 
v -0.0309788 0.00917665 0.0338914 
v -0.0316773 0.00917665 0.0334378 
v -0.0323246 0.00917665 0.0329136 
v -0.0329136 0.00917665 0.0323246 
v -0.0334378 0.00917665 0.0316773 
v -0.0338914 0.00917665 0.0309788 
v -0.0342696 0.00917665 0.0302366 
v -0.034568 0.00917665 0.029459 
v -0.0347836 0.00917665 0.0286545 
v -0.0349139 0.00917665 0.0278318 
v -0.0267524 0.034 0.027125 
v -0.03 0.034 0.029 
v -0.0332476 0.034 0.027125 
v -0.0267524 0.034 0.023375 
v -0.0267524 0.002 0.023375 
v -0.027 0.002 0.0232321 
v -0.0278362 0.00204382 0.0227493 
v -0.0286633 0.00217482 0.0222717 
v -0.0302539 0.00269164 0.0216466 
v -0.03 0.0025838 0.0215 
v -0.0294721 0.00239155 0.0218048 
v -0.031 0.0030718 0.0220774 
v -0.0317023 0.00352786 0.0224828 
v -0.032353 0.00405484 0.0228585 
v -0.0329452 0.00464696 0.0232004 
v -0.0332476 0.00500325 0.023375 
v -0.03 0.034 0.0215 
v -0.0332476 0.034 0.023375 
v 0.0125 0.002 -0.0125 
v 0.0125 0.002 0.0125 
v -0.0125 0.002 -0.0125 
v -0.0125 0.002 0.0125 
v -0.0125 0.027 0.0125 
v 0.0125 0.027 0.0125 
v 0.0125 0.027 -0.0125 
v -0.0125 0.027 -0.0125 
v 0.011 0.027 -0.011 
v -0.011 0.027 -0.011 
v -0.011 0.027 0.011 
v 0.011 0.027 0.011 
v 0.011 0.0015 -0.011 
v 0.011 0.0015 0.011 
v -0.011 0.0015 -0.011 
v -0.011 0.0015 0.011 
v 0.03 0.0015 0.0272679 
v 0.0282524 0.0015 0.026259 
v 0.0282524 0.0325 0.026259 
v 0.03 0.0325 0.0272679 
v 0.0317476 0.0015 0.026259 
v 0.0317476 0.0325 0.026259 
v 0.0282524 0.0015 0.024241 
v 0.0282524 0.0325 0.024241 
v 0.03 0.0325 0.0232321 
v 0.0317476 0.0325 0.024241 
v 0.03 0.0015 0.0232321 
v 0.0317476 0.0015 0.024241 
v -0.03 0.0015 0.0232321 
v -0.0282524 0.0015 0.024241 
v -0.0282524 0.0325 0.024241 
v -0.03 0.0325 0.0232321 
v -0.0317476 0.0015 0.024241 
v -0.0317476 0.0325 0.024241 
v -0.0282524 0.0015 0.026259 
v -0.0282524 0.0325 0.026259 
v -0.0317476 0.0325 0.026259 
v -0.03 0.0325 0.0272679 
v -0.0317476 0.0015 0.026259 
v -0.03 0.0015 0.0272679 
v 0.03 0.0015 -0.0232321 
v 0.0282524 0.0015 -0.024241 
v 0.0282524 0.0325 -0.024241 
v 0.03 0.0325 -0.0232321 
v 0.0317476 0.0015 -0.024241 
v 0.0317476 0.0325 -0.024241 
v 0.0317476 0.0015 -0.026259 
v 0.0317476 0.0325 -0.026259 
v 0.0282524 0.0325 -0.026259 
v 0.03 0.0325 -0.0272679 
v 0.0282524 0.0015 -0.026259 
v 0.03 0.0015 -0.0272679 
v -0.0317358 0.0015 -0.0242208 
v -0.0317592 0.0015 -0.0262386 
v -0.0317592 0.0325 -0.0262386 
v -0.0317358 0.0325 -0.0242208 
v -0.0300234 0.0015 -0.0272678 
v -0.0300234 0.0325 -0.0272678 
v -0.0282642 0.0015 -0.0262792 
v -0.0282642 0.0325 -0.0262792 
v -0.0299766 0.0325 -0.0232322 
v -0.0282408 0.0325 -0.0242614 
v -0.0299766 0.0015 -0.0232322 
v -0.0282408 0.0015 -0.0242614 
vn 1 0 -3.08395e-15 
vn 0.5 0 0.866025 
vn -0.5 0 0.866025 
vn 1.82713e-16 -0.103366 0.994643 
vn 1.83697e-16 0 1 
vn -0.104528 0 0.994522 
vn -0.103969 -0.103366 0.989195 
vn -0.207912 0 0.978148 
vn -0.206798 -0.103366 0.972908 
vn -0.309017 0 0.951057 
vn -0.307362 -0.103366 0.945962 
vn -0.406737 0 0.913545 
vn -0.404558 -0.103366 0.908652 
vn -0.5 0 0.866025 
vn -0.497322 -0.103366 0.861386 
vn -0.587785 0 0.809017 
vn -0.584637 -0.103366 0.804683 
vn -0.669131 0 0.743145 
vn -0.665546 -0.103366 0.739164 
vn -0.743145 0 0.669131 
vn -0.739164 -0.103366 0.665546 
vn -0.809017 0 0.587785 
vn -0.804683 -0.103366 0.584637 
vn -0.866025 0 0.5 
vn -0.861386 -0.103366 0.497322 
vn -0.913545 0 0.406737 
vn -0.908652 -0.103366 0.404558 
vn -0.951057 0 0.309017 
vn -0.945962 -0.103366 0.307362 
vn -0.978148 0 0.207912 
vn -0.972908 -0.103366 0.206798 
vn -0.994522 0 0.104528 
vn -0.989195 -0.103366 0.103969 
vn -1 0 4.85723e-16 
vn 3.46945e-16 -0.104525 0.994522 
vn -0.102295 -0.205624 0.97327 
vn 1.79772e-16 -0.205624 0.978631 
vn -0.203469 -0.205624 0.957246 
vn -0.302414 -0.205624 0.930733 
vn -0.398045 -0.205624 0.894024 
vn -0.489316 -0.205624 0.847519 
vn -0.575225 -0.205624 0.791729 
vn -0.654832 -0.205624 0.727265 
vn -0.727265 -0.205624 0.654832 
vn -0.791729 -0.205624 0.575225 
vn -0.847519 -0.205624 0.489316 
vn -0.894024 -0.205624 0.398045 
vn -0.930733 -0.205624 0.302414 
vn -0.957246 -0.205624 0.203469 
vn -0.994522 -0.104525 0 
vn -0.978631 -0.205624 4.82757e-16 
vn -0.97327 -0.205624 0.102295 
vn -0.994643 -0.103366 4.84979e-16 
vn 3.46945e-16 -0.207906 0.978149 
vn -0.0995251 -0.30568 0.946918 
vn 1.74904e-16 -0.30568 0.952134 
vn -0.19796 -0.30568 0.931328 
vn -0.294226 -0.30568 0.905534 
vn -0.387268 -0.30568 0.869818 
vn -0.476067 -0.30568 0.824573 
vn -0.559651 -0.30568 0.770293 
vn -0.637102 -0.30568 0.707574 
vn -0.707574 -0.30568 0.637102 
vn -0.770293 -0.30568 0.559651 
vn -0.824573 -0.30568 0.476067 
vn -0.869818 -0.30568 0.387268 
vn -0.905534 -0.30568 0.294226 
vn -0.931328 -0.30568 0.19796 
vn -0.978149 -0.207906 0 
vn -0.952134 -0.30568 4.7908e-16 
vn -0.946918 -0.30568 0.0995251 
vn 3.46945e-16 -0.309009 0.951059 
vn -0.0956893 -0.402461 0.910422 
vn 1.68163e-16 -0.402461 0.915437 
vn -0.19033 -0.402461 0.895433 
vn -0.282886 -0.402461 0.870633 
vn -0.372342 -0.402461 0.836294 
vn -0.457719 -0.402461 0.792792 
vn -0.538081 -0.402461 0.740604 
vn -0.612547 -0.402461 0.680302 
vn -0.680302 -0.402461 0.612547 
vn -0.740604 -0.402461 0.538081 
vn -0.792792 -0.402461 0.457719 
vn -0.836294 -0.402461 0.372342 
vn -0.870633 -0.402461 0.282886 
vn -0.895433 -0.402461 0.19033 
vn -0.951059 -0.309009 0 
vn -0.915437 -0.402461 1.27042e-16 
vn -0.910422 -0.402461 0.0956893 
vn -0.0908282 -0.49493 0.864173 
vn 1.5962e-16 -0.49493 0.868933 
vn 0 -0.406727 0.91355 
vn -0.180661 -0.49493 0.849945 
vn -0.268515 -0.49493 0.826404 
vn -0.353427 -0.49493 0.79381 
vn -0.434466 -0.49493 0.752518 
vn -0.510746 -0.49493 0.702982 
vn -0.58143 -0.49493 0.645743 
vn -0.645743 -0.49493 0.58143 
vn -0.702982 -0.49493 0.510746 
vn -0.752518 -0.49493 0.434466 
vn -0.79381 -0.49493 0.353427 
vn -0.826404 -0.49493 0.268515 
vn -0.849945 -0.49493 0.180661 
vn -0.864173 -0.49493 0.0908282 
vn -0.91355 -0.406727 0 
vn -0.0849941 -0.582097 0.808665 
vn 1.49368e-16 -0.582097 0.81312 
vn 0 -0.499989 0.866032 
vn -0.169057 -0.582097 0.795351 
vn -0.251268 -0.582097 0.773323 
vn -0.330726 -0.582097 0.742822 
vn -0.40656 -0.582097 0.704182 
vn -0.47794 -0.582097 0.657828 
vn -0.544083 -0.582097 0.604266 
vn -0.604266 -0.582097 0.544083 
vn -0.657828 -0.582097 0.47794 
vn -0.704182 -0.582097 0.40656 
vn -0.742822 -0.582097 0.330726 
vn -0.773323 -0.582097 0.251268 
vn -0.795351 -0.582097 0.169057 
vn -0.808665 -0.582097 0.0849941 
vn -0.866032 -0.499989 0 
vn -0.868933 -0.49493 1.20589e-16 
vn -0.0782495 -0.663027 0.744494 
vn 1.37515e-16 -0.663027 0.748595 
vn 0 -0.587773 0.809026 
vn -0.155642 -0.663027 0.732237 
vn -0.231329 -0.663027 0.711956 
vn -0.304481 -0.663027 0.683876 
vn -0.374298 -0.663027 0.648302 
vn -0.440013 -0.663027 0.605626 
vn -0.500908 -0.663027 0.556315 
vn -0.556315 -0.663027 0.500908 
vn -0.605626 -0.663027 0.440013 
vn -0.648302 -0.663027 0.374298 
vn -0.683876 -0.663027 0.304481 
vn -0.711956 -0.663027 0.231329 
vn -0.732237 -0.663027 0.155642 
vn -0.744494 -0.663027 0.0782495 
vn -0.809026 -0.587773 0 
vn -0.81312 -0.582097 1.12843e-16 
vn -0.0706666 -0.736855 0.672347 
vn 1.24189e-16 -0.736855 0.676051 
vn 0 -0.669118 0.743156 
vn -0.140559 -0.736855 0.661277 
vn -0.208911 -0.736855 0.642963 
vn -0.274975 -0.736855 0.617603 
vn -0.338025 -0.736855 0.585477 
vn -0.397373 -0.736855 0.546937 
vn -0.452366 -0.736855 0.502404 
vn -0.502404 -0.736855 0.452366 
vn -0.546937 -0.736855 0.397373 
vn -0.585477 -0.736855 0.338025 
vn -0.617603 -0.736855 0.274975 
vn -0.642963 -0.736855 0.208911 
vn -0.661277 -0.736855 0.140559 
vn -0.672347 -0.736855 0.0706666 
vn -0.743156 -0.669118 0 
vn -0.748595 -0.663027 1.03888e-16 
vn -0.0623265 -0.802789 0.592997 
vn 1.09532e-16 -0.802789 0.596264 
vn 0 -0.743132 0.669144 
vn -0.12397 -0.802789 0.583234 
vn -0.184256 -0.802789 0.567081 
vn -0.242522 -0.802789 0.544714 
vn -0.298132 -0.802789 0.51638 
vn -0.350475 -0.802789 0.482388 
vn -0.398978 -0.802789 0.44311 
vn -0.44311 -0.802789 0.398978 
vn -0.482388 -0.802789 0.350475 
vn -0.51638 -0.802789 0.298132 
vn -0.544714 -0.802789 0.242522 
vn -0.567081 -0.802789 0.184256 
vn -0.583234 -0.802789 0.12397 
vn -0.0533188 -0.860122 0.507295 
vn 9.37018e-17 -0.860122 0.510089 
vn 0 -0.809005 0.587802 
vn -0.106053 -0.860122 0.498942 
vn -0.157626 -0.860122 0.485123 
vn -0.207472 -0.860122 0.465989 
vn -0.255044 -0.860122 0.44175 
vn -0.299823 -0.860122 0.412671 
vn -0.341316 -0.860122 0.37907 
vn -0.37907 -0.860122 0.341316 
vn -0.412671 -0.860122 0.299823 
vn -0.44175 -0.860122 0.255044 
vn -0.465989 -0.860122 0.207472 
vn -0.485123 -0.860122 0.157626 
vn -0.0437399 -0.90824 0.416157 
vn 7.68679e-17 -0.90824 0.418449 
vn 0 -0.866015 0.500019 
vn -0.0870005 -0.90824 0.409305 
vn -0.129308 -0.90824 0.397969 
vn -0.170199 -0.90824 0.382273 
vn -0.209225 -0.90824 0.362388 
vn -0.245958 -0.90824 0.338533 
vn -0.279997 -0.90824 0.310969 
vn -0.310969 -0.90824 0.279997 
vn -0.338533 -0.90824 0.245958 
vn -0.362388 -0.90824 0.209225 
vn -0.0336923 -0.946628 0.320561 
vn 5.92105e-17 -0.946628 0.322327 
vn 0 -0.913536 0.406757 
vn -0.0670155 -0.946628 0.315283 
vn -0.0996045 -0.946628 0.306551 
vn -0.131102 -0.946628 0.29446 
vn -0.161163 -0.946628 0.279143 
vn -0.189459 -0.946628 0.260768 
vn -0.215679 -0.946628 0.239536 
vn -0.239536 -0.946628 0.215679 
vn -0.0232839 -0.974875 0.221531 
vn 4.09187e-17 -0.974875 0.222751 
vn 0 -0.951049 0.30904 
vn -0.0463126 -0.974875 0.217884 
vn -0.0688339 -0.974875 0.211849 
vn -0.0906011 -0.974875 0.203493 
vn -0.111376 -0.974875 0.192908 
vn -0.13093 -0.974875 0.18021 
vn -0.14905 -0.974875 0.165536 
vn -0.0126259 -0.992678 0.120128 
vn 2.21886e-17 -0.992678 0.120789 
vn 0 -0.978142 0.207936 
vn -0.0251135 -0.992678 0.11815 
vn -0.0373259 -0.992678 0.114877 
vn -0.0491294 -0.992678 0.110347 
vn -0.0603946 -0.992678 0.104607 
vn -0.0709982 -0.992678 0.0977206 
vn -0.0808238 -0.992678 0.0897639 
vn -0.165536 -0.974875 0.14905 
vn -0.62476 -0.780717 0.0125 
vn -0.594972 -0.80318 0.0301656 
vn -0.669136 -0.74314 0 
vn -0.62476 -0.780817 0 
vn -0.676051 -0.736855 9.38209e-17 
vn -0.592997 -0.802789 0.0623265 
vn -0.549377 -0.833694 0.056022 
vn -0.547215 -0.835027 0.0573234 
vn -0.502158 -0.860711 0.0837503 
vn -0.498942 -0.860122 0.106053 
vn -0.472901 -0.875394 0.100253 
vn -0.469499 -0.877005 0.10214 
vn -0.416202 -0.89944 0.133356 
vn -0.391139 -0.908437 0.14749 
vn -0.382273 -0.90824 0.170199 
vn -0.386051 -0.910148 0.150319 
vn -0.366857 -0.916109 0.16174 
vn -0.260768 -0.946628 0.189459 
vn -0.3 -0.932738 0.2 
vn -0.325028 -0.927243 0.185947 
vn -0.266783 -0.946636 0.180849 
vn -0.227227 -0.960942 0.157984 
vn -0.186404 -0.973231 0.134442 
vn -0.0897646 -0.992703 0.0805231 
vn -0.152576 -0.981592 0.114885 
vn -0.180168 -0.974895 0.13084 
vn -0.0873525 -0.993178 0.0772406 
vn -0.0766349 -0.994525 0.0710401 
vn -0.0674854 -0.99555 0.0657687 
vn -0.0565673 -0.996626 0.0594744 
vn -0.0456128 -0.997544 0.0531549 
vn -0.034915 -0.998285 0.0469792 
vn -0.0247546 -0.998848 0.04111 
vn -0.0153941 -0.999244 0.0356996 
vn -0.00707229 -0.999498 0.0308869 
vn 4.92215e-18 -0.999641 0.0267949 
vn -3.46945e-16 -0.99452 0.104548 
vn -0.0908011 -0.992712 0.0792349 
vn -1 0 0 
vn -0.5 0 -0.866025 
vn 0.5 0 -0.866025 
vn 1.83697e-16 0 1 
vn -0.104528 0 0.994522 
vn -0.207912 0 0.978148 
vn -0.309017 0 0.951057 
vn -0.406737 0 0.913545 
vn -0.5 0 0.866025 
vn -0.587785 0 0.809017 
vn -0.669131 0 0.743145 
vn -0.743145 0 0.669131 
vn -0.809017 0 0.587785 
vn -0.866025 0 0.5 
vn -0.913545 0 0.406737 
vn -0.951057 0 0.309017 
vn -0.978148 0 0.207912 
vn -0.994522 0 0.104528 
vn -1 0 2.44929e-16 
vn 9.37688e-17 0 1 
vn 0 1 0 
vn 6.12323e-17 0 -1 
vn -0.104528 0 -0.994522 
vn -0.207912 0 -0.978148 
vn -0.309017 0 -0.951057 
vn -0.406737 0 -0.913545 
vn -0.5 0 -0.866025 
vn -0.587785 0 -0.809017 
vn -0.669131 0 -0.743145 
vn -0.743145 0 -0.669131 
vn -0.809017 0 -0.587785 
vn -0.866025 0 -0.5 
vn -0.913545 0 -0.406737 
vn -0.951057 0 -0.309017 
vn -0.978148 0 -0.207912 
vn -0.994522 0 -0.104528 
vn -1 0 -1.22465e-16 
vn 0 1 0 
vn 1 0 9.37688e-17 
vn -1.87538e-16 0 -1 
vn 0 1 0 
vn 0.994522 0 0.104528 
vn 1 0 1.22465e-16 
vn 0.978148 0 0.207912 
vn 0.994522 0 0.104528 
vn 0.951057 0 0.309017 
vn 0.978148 0 0.207912 
vn 0.913545 0 0.406737 
vn 0.951057 0 0.309017 
vn 0.866025 0 0.5 
vn 0.913545 0 0.406737 
vn 0.809017 0 0.587785 
vn 0.866025 0 0.5 
vn 0.743145 0 0.669131 
vn 0.809017 0 0.587785 
vn 0.669131 0 0.743145 
vn 0.743145 0 0.669131 
vn 0.587785 0 0.809017 
vn 0.669131 0 0.743145 
vn 0.5 0 0.866025 
vn 0.587785 0 0.809017 
vn 0.406737 0 0.913545 
vn 0.5 0 0.866025 
vn 0.309017 0 0.951057 
vn 0.406737 0 0.913545 
vn 0.207912 0 0.978148 
vn 0.309017 0 0.951057 
vn 0.104528 0 0.994522 
vn 0.207912 0 0.978148 
vn -6.12323e-17 0 1 
vn 0.104528 0 0.994522 
vn -6.12323e-17 0 -1 
vn 0.104528 0 -0.994522 
vn 0.207912 0 -0.978148 
vn 0.309017 0 -0.951057 
vn 0.406737 0 -0.913545 
vn 0.5 0 -0.866025 
vn 0.587785 0 -0.809017 
vn 0.669131 0 -0.743145 
vn 0.743145 0 -0.669131 
vn 0.809017 0 -0.587785 
vn 0.866025 0 -0.5 
vn 0.913545 0 -0.406737 
vn 0.951057 0 -0.309017 
vn 0.978148 0 -0.207912 
vn 0.994522 0 -0.104528 
vn 1 0 -1.22465e-16 
vn 0 1 0 
vn 1.87538e-16 0 1 
vn 0.104528 0 0.994522 
vn 0.207912 0 0.978148 
vn 0.309017 0 0.951057 
vn 0.406737 0 0.913545 
vn 0.5 0 0.866025 
vn 0.587785 0 0.809017 
vn 0.669131 0 0.743145 
vn 0.743145 0 0.669131 
vn 0.809017 0 0.587785 
vn 0.866025 0 0.5 
vn 0.913545 0 0.406737 
vn 0.951057 0 0.309017 
vn 0.978148 0 0.207912 
vn 0.994522 0 0.104528 
vn 1 0 2.44929e-16 
vn 0 1 0 
vn -9.37688e-17 0 -1 
vn -1 0 -9.37688e-17 
vn -0.994522 0 0.104528 
vn -0.978148 0 0.207912 
vn -0.951057 0 0.309017 
vn -0.913545 0 0.406737 
vn -0.866025 0 0.5 
vn -0.809017 0 0.587785 
vn -0.743145 0 0.669131 
vn -0.669131 0 0.743145 
vn -0.587785 0 0.809017 
vn -0.5 0 0.866025 
vn -0.406737 0 0.913545 
vn -0.309017 0 0.951057 
vn -0.207912 0 0.978148 
vn -0.104528 0 0.994522 
vn 6.12323e-17 0 1 
vn -0.994522 0 -0.104528 
vn -1 0 -2.44929e-16 
vn -0.978148 0 -0.207912 
vn -0.994522 0 -0.104528 
vn -0.951057 0 -0.309017 
vn -0.978148 0 -0.207912 
vn -0.913545 0 -0.406737 
vn -0.951057 0 -0.309017 
vn -0.866025 0 -0.5 
vn -0.913545 0 -0.406737 
vn -0.809017 0 -0.587785 
vn -0.866025 0 -0.5 
vn -0.743145 0 -0.669131 
vn -0.809017 0 -0.587785 
vn -0.669131 0 -0.743145 
vn -0.743145 0 -0.669131 
vn -0.587785 0 -0.809017 
vn -0.669131 0 -0.743145 
vn -0.5 0 -0.866025 
vn -0.587785 0 -0.809017 
vn -0.406737 0 -0.913545 
vn -0.5 0 -0.866025 
vn -0.309017 0 -0.951057 
vn -0.406737 0 -0.913545 
vn -0.207912 0 -0.978148 
vn -0.309017 0 -0.951057 
vn -0.104528 0 -0.994522 
vn -0.207912 0 -0.978148 
vn 1.83697e-16 0 -1 
vn -0.104528 0 -0.994522 
vn 0.994522 0 -0.104528 
vn 1 0 -2.44929e-16 
vn 0.978148 0 -0.207912 
vn 0.994522 0 -0.104528 
vn 0.951057 0 -0.309017 
vn 0.978148 0 -0.207912 
vn 0.913545 0 -0.406737 
vn 0.951057 0 -0.309017 
vn 0.866025 0 -0.5 
vn 0.913545 0 -0.406737 
vn 0.809017 0 -0.587785 
vn 0.866025 0 -0.5 
vn 0.743145 0 -0.669131 
vn 0.809017 0 -0.587785 
vn 0.669131 0 -0.743145 
vn 0.743145 0 -0.669131 
vn 0.587785 0 -0.809017 
vn 0.669131 0 -0.743145 
vn 0.5 0 -0.866025 
vn 0.587785 0 -0.809017 
vn 0.406737 0 -0.913545 
vn 0.5 0 -0.866025 
vn 0.309017 0 -0.951057 
vn 0.406737 0 -0.913545 
vn 0.207912 0 -0.978148 
vn 0.309017 0 -0.951057 
vn 0.104528 0 -0.994522 
vn 0.207912 0 -0.978148 
vn -1.83697e-16 0 -1 
vn 0.104528 0 -0.994522 
vn 0 -0.104525 0.994522 
vn 0 -0.103366 0.994643 
vn 9.37688e-17 1.22465e-16 1 
vn 0 -0.207906 0.978149 
vn 0 -0.205624 0.978631 
vn 0 -0.104525 0.994522 
vn 0 -0.309009 0.951059 
vn 0 -0.30568 0.952134 
vn 0 -0.402461 0.915437 
vn 0 -0.406727 0.91355 
vn 0 -0.499989 0.866032 
vn 0 -0.49493 0.868933 
vn 0 -0.587773 0.809026 
vn 0 -0.582097 0.81312 
vn 0 -0.669118 0.743156 
vn 0 -0.663027 0.748595 
vn 0 -0.743132 0.669144 
vn 0 -0.736855 0.676051 
vn 0 -0.809005 0.587802 
vn 0 -0.802789 0.596264 
vn 0 -0.866015 0.500019 
vn 0 -0.860122 0.510089 
vn 0 -0.913536 0.406757 
vn 0 -0.90824 0.418449 
vn 0 -0.951049 0.30904 
vn 0 -0.946628 0.322327 
vn 0 -0.978142 0.207936 
vn 0 -0.974875 0.222751 
vn 0 -0.99452 0.104548 
vn 0 -0.992678 0.120789 
vn 0 -0.999922 0.0125 
vn 1.72251e-32 -1 1.83697e-16 
vn 0 -0.999641 0.0267949 
vn -1 0 3.08395e-15 
vn -0.5 0 0.866025 
vn 0.994643 -0.103366 -1.21809e-16 
vn 1 0 -1.22465e-16 
vn 0.994522 0 0.104528 
vn 0.989195 -0.103366 0.103969 
vn 0.978148 0 0.207912 
vn 0.972908 -0.103366 0.206798 
vn 0.951057 0 0.309017 
vn 0.945962 -0.103366 0.307362 
vn 0.913545 0 0.406737 
vn 0.908652 -0.103366 0.404558 
vn 0.866025 0 0.5 
vn 0.861386 -0.103366 0.497322 
vn 0.809017 0 0.587785 
vn 0.804683 -0.103366 0.584637 
vn 0.743145 0 0.669131 
vn 0.739164 -0.103366 0.665546 
vn 0.669131 0 0.743145 
vn 0.665546 -0.103366 0.739164 
vn 0.587785 0 0.809017 
vn 0.584637 -0.103366 0.804683 
vn 0.5 0 0.866025 
vn 0.497322 -0.103366 0.861386 
vn 0.406737 0 0.913545 
vn 0.404558 -0.103366 0.908652 
vn 0.309017 0 0.951057 
vn 0.307362 -0.103366 0.945962 
vn 0.207912 0 0.978148 
vn 0.206798 -0.103366 0.972908 
vn 0.104528 0 0.994522 
vn 0.103969 -0.103366 0.989195 
vn 1.38778e-16 0 1 
vn 0.994522 -0.104525 0 
vn 0.97327 -0.205624 0.102295 
vn 0.978631 -0.205624 -1.19848e-16 
vn 0.957246 -0.205624 0.203469 
vn 0.930733 -0.205624 0.302414 
vn 0.894024 -0.205624 0.398045 
vn 0.847519 -0.205624 0.489316 
vn 0.791729 -0.205624 0.575225 
vn 0.727265 -0.205624 0.654832 
vn 0.654832 -0.205624 0.727265 
vn 0.575225 -0.205624 0.791729 
vn 0.489316 -0.205624 0.847519 
vn 0.398045 -0.205624 0.894024 
vn 0.302414 -0.205624 0.930733 
vn 0.203469 -0.205624 0.957246 
vn 3.46945e-16 -0.104525 0.994522 
vn 1.35812e-16 -0.205624 0.978631 
vn 0.102295 -0.205624 0.97327 
vn 1.38035e-16 -0.103366 0.994643 
vn 0.978149 -0.207906 0 
vn 0.946918 -0.30568 0.0995251 
vn 0.952134 -0.30568 -1.16603e-16 
vn 0.931328 -0.30568 0.19796 
vn 0.905534 -0.30568 0.294226 
vn 0.869818 -0.30568 0.387268 
vn 0.824573 -0.30568 0.476067 
vn 0.770293 -0.30568 0.559651 
vn 0.707574 -0.30568 0.637102 
vn 0.637102 -0.30568 0.707574 
vn 0.559651 -0.30568 0.770293 
vn 0.476067 -0.30568 0.824573 
vn 0.387268 -0.30568 0.869818 
vn 0.294226 -0.30568 0.905534 
vn 0.19796 -0.30568 0.931328 
vn 3.46945e-16 -0.207906 0.978149 
vn 1.32135e-16 -0.30568 0.952134 
vn 0.0995251 -0.30568 0.946918 
vn 0.951059 -0.309009 0 
vn 0.910422 -0.402461 0.0956893 
vn 0.915437 -0.402461 -1.12109e-16 
vn 0.895433 -0.402461 0.19033 
vn 0.870633 -0.402461 0.282886 
vn 0.836294 -0.402461 0.372342 
vn 0.792792 -0.402461 0.457719 
vn 0.740604 -0.402461 0.538081 
vn 0.680302 -0.402461 0.612547 
vn 0.612547 -0.402461 0.680302 
vn 0.538081 -0.402461 0.740604 
vn 0.457719 -0.402461 0.792792 
vn 0.372342 -0.402461 0.836294 
vn 0.282886 -0.402461 0.870633 
vn 0.19033 -0.402461 0.895433 
vn 3.46945e-16 -0.309009 0.951059 
vn 1.27042e-16 -0.402461 0.915437 
vn 0.0956893 -0.402461 0.910422 
vn 0.864173 -0.49493 0.0908282 
vn 0.868933 -0.49493 -1.06414e-16 
vn 0.91355 -0.406727 0 
vn 0.849945 -0.49493 0.180661 
vn 0.826404 -0.49493 0.268515 
vn 0.79381 -0.49493 0.353427 
vn 0.752518 -0.49493 0.434466 
vn 0.702982 -0.49493 0.510746 
vn 0.645743 -0.49493 0.58143 
vn 0.58143 -0.49493 0.645743 
vn 0.510746 -0.49493 0.702982 
vn 0.434466 -0.49493 0.752518 
vn 0.353427 -0.49493 0.79381 
vn 0.268515 -0.49493 0.826404 
vn 0.180661 -0.49493 0.849945 
vn 0.0908282 -0.49493 0.864173 
vn 0 -0.406727 0.91355 
vn 0.808665 -0.582097 0.0849941 
vn 0.81312 -0.582097 -9.95784e-17 
vn 0.866032 -0.499989 0 
vn 0.795351 -0.582097 0.169057 
vn 0.773323 -0.582097 0.251268 
vn 0.742822 -0.582097 0.330726 
vn 0.704182 -0.582097 0.40656 
vn 0.657828 -0.582097 0.47794 
vn 0.604266 -0.582097 0.544083 
vn 0.544083 -0.582097 0.604266 
vn 0.47794 -0.582097 0.657828 
vn 0.40656 -0.582097 0.704182 
vn 0.330726 -0.582097 0.742822 
vn 0.251268 -0.582097 0.773323 
vn 0.169057 -0.582097 0.795351 
vn 0.0849941 -0.582097 0.808665 
vn 0 -0.499989 0.866032 
vn 1.20589e-16 -0.49493 0.868933 
vn 0.744494 -0.663027 0.0782495 
vn 0.748595 -0.663027 -9.16765e-17 
vn 0.809026 -0.587773 0 
vn 0.732237 -0.663027 0.155642 
vn 0.711956 -0.663027 0.231329 
vn 0.683876 -0.663027 0.304481 
vn 0.648302 -0.663027 0.374298 
vn 0.605626 -0.663027 0.440013 
vn 0.556315 -0.663027 0.500908 
vn 0.500908 -0.663027 0.556315 
vn 0.440013 -0.663027 0.605626 
vn 0.374298 -0.663027 0.648302 
vn 0.304481 -0.663027 0.683876 
vn 0.231329 -0.663027 0.711956 
vn 0.155642 -0.663027 0.732237 
vn 0.0782495 -0.663027 0.744494 
vn 0 -0.587773 0.809026 
vn 1.12843e-16 -0.582097 0.81312 
vn 0.672347 -0.736855 0.0706666 
vn 0.676051 -0.736855 -8.27923e-17 
vn 0.743156 -0.669118 0 
vn 0.661277 -0.736855 0.140559 
vn 0.642963 -0.736855 0.208911 
vn 0.617603 -0.736855 0.274975 
vn 0.585477 -0.736855 0.338025 
vn 0.546937 -0.736855 0.397373 
vn 0.502404 -0.736855 0.452366 
vn 0.452366 -0.736855 0.502404 
vn 0.397373 -0.736855 0.546937 
vn 0.338025 -0.736855 0.585477 
vn 0.274975 -0.736855 0.617603 
vn 0.208911 -0.736855 0.642963 
vn 0.140559 -0.736855 0.661277 
vn 0.0706666 -0.736855 0.672347 
vn 0 -0.669118 0.743156 
vn 1.03888e-16 -0.663027 0.748595 
vn 0.592997 -0.802789 0.0623265 
vn 0.583234 -0.802789 0.12397 
vn 0.567081 -0.802789 0.184256 
vn 0.544714 -0.802789 0.242522 
vn 0.51638 -0.802789 0.298132 
vn 0.482388 -0.802789 0.350475 
vn 0.44311 -0.802789 0.398978 
vn 0.398978 -0.802789 0.44311 
vn 0.350475 -0.802789 0.482388 
vn 0.298132 -0.802789 0.51638 
vn 0.242522 -0.802789 0.544714 
vn 0.184256 -0.802789 0.567081 
vn 0.12397 -0.802789 0.583234 
vn 0.0623265 -0.802789 0.592997 
vn 0 -0.743132 0.669144 
vn 9.38209e-17 -0.736855 0.676051 
vn 0.498942 -0.860122 0.106053 
vn 0.485123 -0.860122 0.157626 
vn 0.465989 -0.860122 0.207472 
vn 0.44175 -0.860122 0.255044 
vn 0.412671 -0.860122 0.299823 
vn 0.37907 -0.860122 0.341316 
vn 0.341316 -0.860122 0.37907 
vn 0.299823 -0.860122 0.412671 
vn 0.255044 -0.860122 0.44175 
vn 0.207472 -0.860122 0.465989 
vn 0.157626 -0.860122 0.485123 
vn 0.106053 -0.860122 0.498942 
vn 0.0533188 -0.860122 0.507295 
vn 0 -0.809005 0.587802 
vn 8.27482e-17 -0.802789 0.596264 
vn 0.382273 -0.90824 0.170199 
vn 0.362388 -0.90824 0.209225 
vn 0.338533 -0.90824 0.245958 
vn 0.310969 -0.90824 0.279997 
vn 0.279997 -0.90824 0.310969 
vn 0.245958 -0.90824 0.338533 
vn 0.209225 -0.90824 0.362388 
vn 0.170199 -0.90824 0.382273 
vn 0.129308 -0.90824 0.397969 
vn 0.0870005 -0.90824 0.409305 
vn 0.0437399 -0.90824 0.416157 
vn 0 -0.866015 0.500019 
vn 7.07891e-17 -0.860122 0.510089 
vn 0.260768 -0.946628 0.189459 
vn 0.239536 -0.946628 0.215679 
vn 0.215679 -0.946628 0.239536 
vn 0.189459 -0.946628 0.260768 
vn 0.161163 -0.946628 0.279143 
vn 0.131102 -0.946628 0.29446 
vn 0.0996045 -0.946628 0.306551 
vn 0.0670155 -0.946628 0.315283 
vn 0.0336923 -0.946628 0.320561 
vn 0 -0.913536 0.406757 
vn 5.80715e-17 -0.90824 0.418449 
vn 0.165536 -0.974875 0.14905 
vn 0.14905 -0.974875 0.165536 
vn 0.13093 -0.974875 0.18021 
vn 0.111376 -0.974875 0.192908 
vn 0.0906011 -0.974875 0.203493 
vn 0.0688339 -0.974875 0.211849 
vn 0.0463126 -0.974875 0.217884 
vn 0.0232839 -0.974875 0.221531 
vn 0 -0.951049 0.30904 
vn 4.47318e-17 -0.946628 0.322327 
vn 0.0897646 -0.992703 0.0805231 
vn 0.0808238 -0.992678 0.0897639 
vn 0.0709982 -0.992678 0.0977206 
vn 0.0603946 -0.992678 0.104607 
vn 0.0491294 -0.992678 0.110347 
vn 0.0373259 -0.992678 0.114877 
vn 0.0251135 -0.992678 0.11815 
vn 0.0126259 -0.992678 0.120128 
vn 0 -0.978142 0.207936 
vn 3.0913e-17 -0.974875 0.222751 
vn 0.325028 -0.927243 0.185947 
vn 0.366857 -0.916109 0.16174 
vn 0.386051 -0.910148 0.150319 
vn 0.391139 -0.908437 0.14749 
vn 0.416202 -0.89944 0.133356 
vn 0.469499 -0.877005 0.10214 
vn 0.472901 -0.875394 0.100253 
vn 0.502158 -0.860711 0.0837503 
vn 0.547215 -0.835027 0.0573234 
vn 0.549377 -0.833694 0.056022 
vn 0.669136 -0.74314 0 
vn 0.62476 -0.780717 0.0125 
vn 0.62476 -0.780817 -7.6511e-17 
vn 0.594972 -0.80318 0.0301656 
vn 0.00707229 -0.999498 0.0308869 
vn 0 -0.99452 0.104548 
vn 1.67629e-17 -0.992678 0.120789 
vn 0.0153941 -0.999244 0.0356996 
vn 0.0247546 -0.998848 0.04111 
vn 0.034915 -0.998285 0.0469792 
vn 0.0456128 -0.997544 0.0531549 
vn 0.0565673 -0.996626 0.0594744 
vn 0.0674854 -0.99555 0.0657687 
vn 0.0766349 -0.994525 0.0710401 
vn 0.0873525 -0.993178 0.0772406 
vn 0.0908011 -0.992712 0.0792349 
vn 0.152576 -0.981592 0.114885 
vn 0.186404 -0.973231 0.134442 
vn 0.180168 -0.974895 0.13084 
vn 0.227227 -0.960942 0.157984 
vn 0.3 -0.932738 0.2 
vn 0.266783 -0.946636 0.180849 
vn 0 -0.999641 0.0267949 
vn 0.5 0 0.866025 
vn 1 0 0 
vn 0.5 0 -0.866025 
vn -0.5 0 -0.866025 
vn 1 1.22465e-16 9.37688e-17 
vn 0.994643 -0.103366 0 
vn 0.994522 -0.104528 9.32552e-17 
vn 0.994522 -0.104525 0 
vn 0.978631 -0.205624 0 
vn 0.978148 -0.207912 9.17198e-17 
vn 0.978149 -0.207906 0 
vn 0.952134 -0.30568 0 
vn 0.951057 -0.309017 8.91795e-17 
vn 0.951059 -0.309009 0 
vn 0.915437 -0.402461 0 
vn 0.913545 -0.406737 8.56621e-17 
vn 0.91355 -0.406727 0 
vn 0.868933 -0.49493 0 
vn 0.866025 -0.5 8.12062e-17 
vn 0.866032 -0.499989 0 
vn 0.81312 -0.582097 0 
vn 0.809017 -0.587785 7.58606e-17 
vn 0.809026 -0.587773 0 
vn 0.748595 -0.663027 0 
vn 0.743145 -0.669131 6.96838e-17 
vn 0.743156 -0.669118 0 
vn 0.676051 -0.736855 0 
vn 0.669131 -0.743145 6.27436e-17 
vn 0.669136 -0.74314 0 
vn 0.62476 -0.780817 5.8583e-17 
vn 0.587785 -0.809017 0 
vn 0.5 -0.866025 0 
vn 0.406737 -0.913545 0 
vn 0.308996 -0.951063 0 
vn 4.76045e-16 -1 0 
vn 0.104528 -0.994522 0 
vn 0.207912 -0.978148 0 
vn 0.3 -0.953939 0 
vn 1.83697e-16 -1 1.72251e-32 
vn 0.62476 -0.780817 0 
vn 0.5 0 0.866025 
vn -0.5 0 0.866025 
vn 1 0 -2.64339e-15 
vn 0.994522 1.39927e-16 -0.104528 
vn 0.994522 -0.104528 -1.09697e-17 
vn 0.989074 -0.103956 -0.104528 
vn 0.978148 -0.207912 -2.32229e-17 
vn 0.972789 -0.206773 -0.104528 
vn 0.951057 -0.309017 -3.13627e-17 
vn 0.945847 -0.307324 -0.104528 
vn 0.913545 -0.406737 -3.53001e-17 
vn 0.908541 -0.404508 -0.104528 
vn 0.866025 -0.5 -3.49919e-17 
vn 0.861281 -0.497261 -0.104528 
vn 0.809017 -0.587785 -3.04414e-17 
vn 0.804585 -0.584565 -0.104528 
vn 0.743145 -0.669131 -2.16986e-17 
vn 0.739074 -0.665465 -0.104528 
vn 0.669131 -0.743145 -8.85919e-18 
vn 0.978148 1.55855e-16 -0.207912 
vn 0.972789 -0.102244 -0.207912 
vn 0.956773 -0.203368 -0.207912 
vn 0.930274 -0.302264 -0.207912 
vn 0.893582 -0.397848 -0.207912 
vn 0.847101 -0.489074 -0.207912 
vn 0.791338 -0.574941 -0.207912 
vn 0.726905 -0.654508 -0.207912 
vn 0.665465 -0.739074 -0.104528 
vn 0.654508 -0.726905 -0.207912 
vn 0.584565 -0.804585 -0.104528 
vn 0.574941 -0.791338 -0.207912 
vn 0.497261 -0.861281 -0.104528 
vn 0.102244 -0.972789 -0.207912 
vn 0.103956 -0.989074 -0.104528 
vn 2.75224e-16 -0.994522 -0.104528 
vn 0.951057 1.70077e-16 -0.309017 
vn 0.945847 -0.0994125 -0.309017 
vn 0.930274 -0.197736 -0.309017 
vn 0.904508 -0.293893 -0.309017 
vn 0.868833 -0.38683 -0.309017 
vn 0.823639 -0.475528 -0.309017 
vn 0.769421 -0.559017 -0.309017 
vn 0.706773 -0.636381 -0.309017 
vn 0.636381 -0.706773 -0.309017 
vn 0.559017 -0.769421 -0.309017 
vn 0.489074 -0.847101 -0.207912 
vn 0.475528 -0.823639 -0.309017 
vn 0.397848 -0.893582 -0.207912 
vn 0.38683 -0.868833 -0.309017 
vn 0.302264 -0.930274 -0.207912 
vn 0.293893 -0.904508 -0.309017 
vn 0.203368 -0.956773 -0.207912 
vn 0.197736 -0.930274 -0.309017 
vn 0.0994125 -0.945847 -0.309017 
vn 2.37084e-16 -0.978148 -0.207912 
vn 0.913545 1.82435e-16 -0.406737 
vn 0.908541 -0.0954915 -0.406737 
vn 0.893582 -0.189937 -0.406737 
vn 0.868833 -0.282301 -0.406737 
vn 0.834565 -0.371572 -0.406737 
vn 0.791154 -0.456773 -0.406737 
vn 0.739074 -0.536969 -0.406737 
vn 0.678897 -0.611281 -0.406737 
vn 0.611281 -0.678897 -0.406737 
vn 0.536969 -0.739074 -0.406737 
vn 0.456773 -0.791154 -0.406737 
vn 0.371572 -0.834565 -0.406737 
vn 0.282301 -0.868833 -0.406737 
vn 0.189937 -0.893582 -0.406737 
vn 0.0954915 -0.908541 -0.406737 
vn 1.98246e-16 -0.951057 -0.309017 
vn 0.866025 1.92794e-16 -0.5 
vn 0.861281 -0.0905243 -0.5 
vn 0.847101 -0.180057 -0.5 
vn 0.823639 -0.267617 -0.5 
vn 0.791154 -0.352244 -0.5 
vn 0.75 -0.433013 -0.5 
vn 0.700629 -0.509037 -0.5 
vn 0.643582 -0.579484 -0.5 
vn 0.579484 -0.643582 -0.5 
vn 0.509037 -0.700629 -0.5 
vn 0.433013 -0.75 -0.5 
vn 0.352244 -0.791154 -0.5 
vn 0.267617 -0.823639 -0.5 
vn 0.180057 -0.847101 -0.5 
vn 0.0905243 -0.861281 -0.5 
vn 1.59137e-16 -0.913545 -0.406737 
vn 0.809017 2.0104e-16 -0.587785 
vn 0.804585 -0.0845653 -0.587785 
vn 0.791338 -0.168204 -0.587785 
vn 0.769421 -0.25 -0.587785 
vn 0.739074 -0.329057 -0.587785 
vn 0.700629 -0.404508 -0.587785 
vn 0.654508 -0.475528 -0.587785 
vn 0.601217 -0.541338 -0.587785 
vn 0.541338 -0.601217 -0.587785 
vn 0.475528 -0.654508 -0.587785 
vn 0.404508 -0.700629 -0.587785 
vn 0.329057 -0.739074 -0.587785 
vn 0.25 -0.769421 -0.587785 
vn 0.168204 -0.791338 -0.587785 
vn 0.0845653 -0.804585 -0.587785 
vn 1.20185e-16 -0.866025 -0.5 
vn 0.743145 2.07085e-16 -0.669131 
vn 0.739074 -0.0776798 -0.669131 
vn 0.726905 -0.154508 -0.669131 
vn 0.706773 -0.229644 -0.669131 
vn 0.678897 -0.302264 -0.669131 
vn 0.643582 -0.371572 -0.669131 
vn 0.601217 -0.43681 -0.669131 
vn 0.552264 -0.497261 -0.669131 
vn 0.497261 -0.552264 -0.669131 
vn 0.43681 -0.601217 -0.669131 
vn 0.371572 -0.643582 -0.669131 
vn 0.302264 -0.678897 -0.669131 
vn 0.229644 -0.706773 -0.669131 
vn 0.154508 -0.726905 -0.669131 
vn 0.0776798 -0.739074 -0.669131 
vn -9.16553e-17 -0.809017 -0.587785 
vn 0.669131 2.1086e-16 -0.743145 
vn 0.665465 -0.0699432 -0.743145 
vn 0.654508 -0.13912 -0.743145 
vn 0.636381 -0.206773 -0.743145 
vn 0.611281 -0.27216 -0.743145 
vn 0.579484 -0.334565 -0.743145 
vn 0.541338 -0.393305 -0.743145 
vn 0.497261 -0.447736 -0.743145 
vn 0.447736 -0.497261 -0.743145 
vn 0.393305 -0.541338 -0.743145 
vn 0.334565 -0.579484 -0.743145 
vn 0.27216 -0.611281 -0.743145 
vn 0.206773 -0.636381 -0.743145 
vn 0.13912 -0.654508 -0.743145 
vn 0.0699432 -0.665465 -0.743145 
vn -1.29019e-16 -0.743145 -0.669131 
vn 0.587785 2.12325e-16 -0.809017 
vn 0.584565 -0.0614403 -0.809017 
vn 0.574941 -0.122207 -0.809017 
vn 0.559017 -0.181636 -0.809017 
vn 0.536969 -0.239074 -0.809017 
vn 0.509037 -0.293893 -0.809017 
vn 0.475528 -0.345492 -0.809017 
vn 0.43681 -0.393305 -0.809017 
vn 0.393305 -0.43681 -0.809017 
vn 0.345492 -0.475528 -0.809017 
vn 0.293893 -0.509037 -0.809017 
vn 0.239074 -0.536969 -0.809017 
vn 0.181636 -0.559017 -0.809017 
vn 0.122207 -0.574941 -0.809017 
vn 0.0614403 -0.584565 -0.809017 
vn -1.6497e-16 -0.669131 -0.743145 
vn 0.5 2.11464e-16 -0.866025 
vn 0.497261 -0.0522642 -0.866025 
vn 0.489074 -0.103956 -0.866025 
vn 0.475528 -0.154508 -0.866025 
vn 0.456773 -0.203368 -0.866025 
vn 0.433013 -0.25 -0.866025 
vn 0.404508 -0.293893 -0.866025 
vn 0.371572 -0.334565 -0.866025 
vn 0.334565 -0.371572 -0.866025 
vn 0.293893 -0.404508 -0.866025 
vn 0.25 -0.433013 -0.866025 
vn 0.203368 -0.456773 -0.866025 
vn 0.154508 -0.475528 -0.866025 
vn 0.103956 -0.489074 -0.866025 
vn 0.0522642 -0.497261 -0.866025 
vn -1.99113e-16 -0.587785 -0.809017 
vn 0.406737 2.08286e-16 -0.913545 
vn 0.404508 -0.0425156 -0.913545 
vn 0.397848 -0.0845653 -0.913545 
vn 0.38683 -0.125689 -0.913545 
vn 0.371572 -0.165435 -0.913545 
vn 0.352244 -0.203368 -0.913545 
vn 0.329057 -0.239074 -0.913545 
vn 0.302264 -0.27216 -0.913545 
vn 0.27216 -0.302264 -0.913545 
vn 0.239074 -0.329057 -0.913545 
vn 0.203368 -0.352244 -0.913545 
vn 0.165435 -0.371572 -0.913545 
vn 0.125689 -0.38683 -0.913545 
vn 0.0845653 -0.397848 -0.913545 
vn 0.0425156 -0.404508 -0.913545 
vn -2.31074e-16 -0.5 -0.866025 
vn 0.309017 2.02826e-16 -0.951057 
vn 0.307324 -0.0323011 -0.951057 
vn 0.302264 -0.0642482 -0.951057 
vn 0.293893 -0.0954915 -0.951057 
vn 0.282301 -0.125689 -0.951057 
vn 0.267617 -0.154508 -0.951057 
vn 0.25 -0.181636 -0.951057 
vn 0.229644 -0.206773 -0.951057 
vn 0.206773 -0.229644 -0.951057 
vn 0.181636 -0.25 -0.951057 
vn 0.154508 -0.267617 -0.951057 
vn 0.125689 -0.282301 -0.951057 
vn 0.0954915 -0.293893 -0.951057 
vn 0.0642482 -0.302264 -0.951057 
vn 0.0323011 -0.307324 -0.951057 
vn -2.60504e-16 -0.406737 -0.913545 
vn 0.207912 1.95143e-16 -0.978148 
vn 0.206773 -0.0217327 -0.978148 
vn 0.203368 -0.0432273 -0.978148 
vn 0.197736 -0.0642482 -0.978148 
vn 0.189937 -0.0845653 -0.978148 
vn 0.180057 -0.103956 -0.978148 
vn 0.168204 -0.122207 -0.978148 
vn 0.154508 -0.13912 -0.978148 
vn 0.13912 -0.154508 -0.978148 
vn 0.122207 -0.168204 -0.978148 
vn 0.103956 -0.180057 -0.978148 
vn 0.0845653 -0.189937 -0.978148 
vn 0.0642482 -0.197736 -0.978148 
vn 0.0432273 -0.203368 -0.978148 
vn 0.0217327 -0.206773 -0.978148 
vn -2.87079e-16 -0.309017 -0.951057 
vn 0.104528 1.85323e-16 -0.994522 
vn 0.103956 -0.0109262 -0.994522 
vn 0.102244 -0.0217327 -0.994522 
vn 0.0994125 -0.0323011 -0.994522 
vn 0.0954915 -0.0425156 -0.994522 
vn 0.0905243 -0.0522642 -0.994522 
vn 0.0845653 -0.0614403 -0.994522 
vn 0.0776798 -0.0699432 -0.994522 
vn 0.0699432 -0.0776798 -0.994522 
vn 0.0614403 -0.0845653 -0.994522 
vn 0.0522642 -0.0905243 -0.994522 
vn 0.0425156 -0.0954915 -0.994522 
vn 0.0323011 -0.0994125 -0.994522 
vn 0.0217327 -0.102244 -0.994522 
vn 0.0109262 -0.103956 -0.994522 
vn -3.1051e-16 -0.207912 -0.978148 
vn 0.62476 -0.780717 -0.0125 
vn 0.587451 -0.808523 -0.0345255 
vn 0.62476 -0.780817 0 
vn 0.549377 -0.833694 -0.056022 
vn 0.498173 -0.862799 -0.086027 
vn 0.469499 -0.877005 -0.10214 
vn 0.465481 -0.878861 -0.104551 
vn 0.402703 -0.904404 -0.14101 
vn 0.386051 -0.910148 -0.150319 
vn 0.302883 -0.932148 -0.198397 
vn 0.3 -0.932738 -0.2 
vn 0.227227 -0.960942 -0.157984 
vn 0.152576 -0.981592 -0.114885 
vn 0.134732 -0.985346 -0.104601 
vn 0.205651 -0.967741 -0.14555 
vn 0.104079 -0.990765 -0.0869092 
vn 0.0766349 -0.994525 -0.0710401 
vn 1.74335e-16 -0.999641 -0.0267949 
vn -3.46945e-16 1.73472e-16 -1 
vn -3.30538e-16 -0.104528 -0.994522 
vn 0.5 0 -0.866025 
vn -0.5 0 -0.866025 
vn -1 0 3.96508e-15 
vn -1.8651e-16 -0.104528 -0.994522 
vn -3.46945e-16 -0.104525 -0.994522 
vn -3.46945e-16 -0.103223 -0.994658 
vn -1.87538e-16 1.22465e-16 -1 
vn -1.8344e-16 -0.207912 -0.978148 
vn -3.46945e-16 -0.207905 -0.978149 
vn -3.46945e-16 -0.205343 -0.97869 
vn -1.78359e-16 -0.309017 -0.951057 
vn -3.46945e-16 -0.309008 -0.951059 
vn -3.46945e-16 -0.30527 -0.952266 
vn -1.71324e-16 -0.406737 -0.913545 
vn 0 -0.406726 -0.91355 
vn 0 -0.401935 -0.915668 
vn -1.62412e-16 -0.5 -0.866025 
vn 0 -0.499988 -0.866033 
vn 0 -0.494306 -0.869288 
vn -1.51721e-16 -0.587785 -0.809017 
vn 0 -0.587772 -0.809027 
vn 0 -0.581396 -0.813621 
vn -1.39368e-16 -0.669131 -0.743145 
vn 0 -0.669117 -0.743157 
vn 0 -0.662275 -0.749261 
vn -1.25487e-16 -0.743145 -0.669131 
vn 0 -0.743131 -0.669146 
vn 0 -0.736078 -0.676897 
vn -1.10232e-16 -0.809017 -0.587785 
vn 0 -0.809004 -0.587803 
vn 0 -0.802017 -0.597301 
vn -9.37688e-17 -0.866025 -0.5 
vn 0 -0.866014 -0.50002 
vn 0 -0.859388 -0.511323 
vn -7.62784e-17 -0.913545 -0.406737 
vn 0 -0.913536 -0.406759 
vn 0 -0.907578 -0.419883 
vn -5.79523e-17 -0.951057 -0.309017 
vn 0 -0.951049 -0.309041 
vn 0 -0.946072 -0.323957 
vn -3.89913e-17 -0.978148 -0.207912 
vn 0 -0.978142 -0.207937 
vn 0 -0.974458 -0.224571 
vn -1.9603e-17 -0.994522 -0.104528 
vn 0 -0.99452 -0.104548 
vn 0 -0.992433 -0.122784 
vn -2.34422e-18 -0.999922 -0.0125 
vn 0 -0.999868 -0.0162553 
vn -3.44501e-32 -1 -1.83697e-16 
vn 0 -0.999641 -0.0267949 
vn 0 -0.999581 -0.0289349 
vn -1.87538e-16 1.22465e-16 -1 
vn 0.999933 0 -0.0116022 
vn 0.489919 0 -0.871768 
vn -0.994658 -0.103223 0 
vn -1 0 0 
vn -0.994522 0 -0.104528 
vn -0.989209 -0.103223 -0.10397 
vn -0.978148 0 -0.207912 
vn -0.972923 -0.103223 -0.206801 
vn -0.951057 0 -0.309017 
vn -0.945976 -0.103223 -0.307366 
vn -0.913545 0 -0.406737 
vn -0.908666 -0.103223 -0.404564 
vn -0.866025 0 -0.5 
vn -0.861399 -0.103223 -0.497329 
vn -0.809017 0 -0.587785 
vn -0.804695 -0.103223 -0.584645 
vn -0.743145 0 -0.669131 
vn -0.739175 -0.103223 -0.665556 
vn -0.669131 0 -0.743145 
vn -0.665556 -0.103223 -0.739175 
vn -0.587785 0 -0.809017 
vn -0.584645 -0.103223 -0.804695 
vn -0.5 0 -0.866025 
vn -0.497329 -0.103223 -0.861399 
vn -0.406737 0 -0.913545 
vn -0.404564 -0.103223 -0.908666 
vn -0.309017 0 -0.951057 
vn -0.307366 -0.103223 -0.945976 
vn -0.207912 0 -0.978148 
vn -0.206801 -0.103223 -0.972923 
vn -0.104528 0 -0.994522 
vn -0.10397 -0.103223 -0.989209 
vn -1.38778e-16 0 -1 
vn -0.994522 -0.104525 0 
vn -0.973329 -0.205343 -0.102301 
vn -0.97869 -0.205343 0 
vn -0.957303 -0.205343 -0.203481 
vn -0.93079 -0.205343 -0.302432 
vn -0.894078 -0.205343 -0.398069 
vn -0.84757 -0.205343 -0.489345 
vn -0.791777 -0.205343 -0.57526 
vn -0.727308 -0.205343 -0.654871 
vn -0.654871 -0.205343 -0.727308 
vn -0.57526 -0.205343 -0.791777 
vn -0.489345 -0.205343 -0.84757 
vn -0.398069 -0.205343 -0.894078 
vn -0.302432 -0.205343 -0.93079 
vn -0.203481 -0.205343 -0.957303 
vn -3.46945e-16 -0.104525 -0.994522 
vn -1.35821e-16 -0.205343 -0.97869 
vn -0.102301 -0.205343 -0.973329 
vn -1.38037e-16 -0.103223 -0.994658 
vn -0.978149 -0.207905 0 
vn -0.947049 -0.30527 -0.0995389 
vn -0.952266 -0.30527 0 
vn -0.931457 -0.30527 -0.197987 
vn -0.905659 -0.30527 -0.294266 
vn -0.869938 -0.30527 -0.387321 
vn -0.824686 -0.30527 -0.476133 
vn -0.770399 -0.30527 -0.559728 
vn -0.707671 -0.30527 -0.63719 
vn -0.63719 -0.30527 -0.707671 
vn -0.559728 -0.30527 -0.770399 
vn -0.476133 -0.30527 -0.824686 
vn -0.387321 -0.30527 -0.869938 
vn -0.294266 -0.30527 -0.905659 
vn -0.197987 -0.30527 -0.931457 
vn -3.46945e-16 -0.207905 -0.978149 
vn -1.32153e-16 -0.30527 -0.952266 
vn -0.0995389 -0.30527 -0.947049 
vn -0.910652 -0.401935 -0.0957134 
vn -0.915668 -0.401935 0 
vn -0.951059 -0.309008 0 
vn -0.895659 -0.401935 -0.190378 
vn -0.870852 -0.401935 -0.282957 
vn -0.836505 -0.401935 -0.372436 
vn -0.792992 -0.401935 -0.457834 
vn -0.740791 -0.401935 -0.538216 
vn -0.680474 -0.401935 -0.612702 
vn -0.612702 -0.401935 -0.680474 
vn -0.538216 -0.401935 -0.740791 
vn -0.457834 -0.401935 -0.792992 
vn -0.372436 -0.401935 -0.836505 
vn -0.282957 -0.401935 -0.870852 
vn -0.190378 -0.401935 -0.895659 
vn -0.0957134 -0.401935 -0.910652 
vn -3.46945e-16 -0.309008 -0.951059 
vn -0.864526 -0.494306 -0.0908653 
vn -0.869288 -0.494306 0 
vn -0.91355 -0.406726 0 
vn -0.850292 -0.494306 -0.180735 
vn -0.826742 -0.494306 -0.268625 
vn -0.794134 -0.494306 -0.353571 
vn -0.752826 -0.494306 -0.434644 
vn -0.703269 -0.494306 -0.510955 
vn -0.646007 -0.494306 -0.581667 
vn -0.581667 -0.494306 -0.646007 
vn -0.510955 -0.494306 -0.703269 
vn -0.434644 -0.494306 -0.752826 
vn -0.353571 -0.494306 -0.794134 
vn -0.268625 -0.494306 -0.826742 
vn -0.180735 -0.494306 -0.850292 
vn -0.0908653 -0.494306 -0.864526 
vn -3.46945e-16 -0.406726 -0.91355 
vn -1.27074e-16 -0.401935 -0.915668 
vn -0.809164 -0.581396 -0.0850465 
vn -0.813621 -0.581396 0 
vn -0.866033 -0.499988 0 
vn -0.795841 -0.581396 -0.169161 
vn -0.773799 -0.581396 -0.251423 
vn -0.74328 -0.581396 -0.330929 
vn -0.704616 -0.581396 -0.40681 
vn -0.658233 -0.581396 -0.478234 
vn -0.604638 -0.581396 -0.544419 
vn -0.544419 -0.581396 -0.604638 
vn -0.478234 -0.581396 -0.658233 
vn -0.40681 -0.581396 -0.704616 
vn -0.330929 -0.581396 -0.74328 
vn -0.251423 -0.581396 -0.773799 
vn -0.169161 -0.581396 -0.795841 
vn -0.0850465 -0.581396 -0.809164 
vn -3.46945e-16 -0.499988 -0.866033 
vn -1.20638e-16 -0.494306 -0.869288 
vn -0.745157 -0.662275 -0.0783191 
vn -0.749261 -0.662275 0 
vn -0.809027 -0.587772 0 
vn -0.732888 -0.662275 -0.15578 
vn -0.71259 -0.662275 -0.231534 
vn -0.684484 -0.662275 -0.304752 
vn -0.648879 -0.662275 -0.374631 
vn -0.606165 -0.662275 -0.440405 
vn -0.55681 -0.662275 -0.501354 
vn -0.501354 -0.662275 -0.55681 
vn -0.440405 -0.662275 -0.606165 
vn -0.374631 -0.662275 -0.648879 
vn -0.304752 -0.662275 -0.684484 
vn -0.231534 -0.662275 -0.71259 
vn -0.15578 -0.662275 -0.732888 
vn -0.0783191 -0.662275 -0.745157 
vn -3.46945e-16 -0.587772 -0.809027 
vn -1.12913e-16 -0.581396 -0.813621 
vn -0.673189 -0.736078 -0.070755 
vn -0.676897 -0.736078 0 
vn -0.743157 -0.669117 0 
vn -0.662105 -0.736078 -0.140735 
vn -0.643767 -0.736078 -0.209173 
vn -0.618376 -0.736078 -0.275319 
vn -0.58621 -0.736078 -0.338448 
vn -0.547621 -0.736078 -0.39787 
vn -0.503032 -0.736078 -0.452932 
vn -0.452932 -0.736078 -0.503032 
vn -0.39787 -0.736078 -0.547621 
vn -0.338448 -0.736078 -0.58621 
vn -0.275319 -0.736078 -0.618376 
vn -0.209173 -0.736078 -0.643767 
vn -0.140735 -0.736078 -0.662105 
vn -0.070755 -0.736078 -0.673189 
vn -3.46945e-16 -0.669117 -0.743157 
vn -1.03981e-16 -0.662275 -0.749261 
vn -0.594029 -0.802017 -0.0624349 
vn -0.584248 -0.802017 -0.124186 
vn -0.568067 -0.802017 -0.184576 
vn -0.545661 -0.802017 -0.242944 
vn -0.517278 -0.802017 -0.29865 
vn -0.483226 -0.802017 -0.351085 
vn -0.443881 -0.802017 -0.399672 
vn -0.399672 -0.802017 -0.443881 
vn -0.351085 -0.802017 -0.483226 
vn -0.29865 -0.802017 -0.517278 
vn -0.242944 -0.802017 -0.545661 
vn -0.184576 -0.802017 -0.568067 
vn -0.124186 -0.802017 -0.584248 
vn -0.0624349 -0.802017 -0.594029 
vn -3.46945e-16 -0.743131 -0.669146 
vn -9.39383e-17 -0.736078 -0.676897 
vn -0.50015 -0.859388 -0.10631 
vn -0.486297 -0.859388 -0.158008 
vn -0.467117 -0.859388 -0.207974 
vn -0.442819 -0.859388 -0.255662 
vn -0.413669 -0.859388 -0.300548 
vn -0.379987 -0.859388 -0.342142 
vn -0.342142 -0.859388 -0.379987 
vn -0.300548 -0.859388 -0.413669 
vn -0.255662 -0.859388 -0.442819 
vn -0.207974 -0.859388 -0.467117 
vn -0.158008 -0.859388 -0.486297 
vn -0.10631 -0.859388 -0.50015 
vn -0.0534478 -0.859388 -0.508522 
vn -3.46945e-16 -0.809004 -0.587803 
vn -8.28921e-17 -0.802017 -0.597301 
vn -0.383582 -0.907578 -0.170782 
vn -0.36363 -0.907578 -0.209942 
vn -0.339693 -0.907578 -0.246801 
vn -0.312034 -0.907578 -0.280957 
vn -0.280957 -0.907578 -0.312034 
vn -0.246801 -0.907578 -0.339693 
vn -0.209942 -0.907578 -0.36363 
vn -0.170782 -0.907578 -0.383582 
vn -0.129751 -0.907578 -0.399333 
vn -0.0872986 -0.907578 -0.410708 
vn -0.0438898 -0.907578 -0.417583 
vn -3.46945e-16 -0.866014 -0.50002 
vn -7.09604e-17 -0.859388 -0.511323 
vn -0.262087 -0.946072 -0.190417 
vn -0.240747 -0.946072 -0.21677 
vn -0.21677 -0.946072 -0.240747 
vn -0.190417 -0.946072 -0.262087 
vn -0.161979 -0.946072 -0.280555 
vn -0.131765 -0.946072 -0.29595 
vn -0.100108 -0.946072 -0.308102 
vn -0.0673545 -0.946072 -0.316878 
vn -0.0338628 -0.946072 -0.322183 
vn -3.46945e-16 -0.913536 -0.406759 
vn -5.82705e-17 -0.907578 -0.419883 
vn -0.182114 -0.974365 -0.132088 
vn -0.166888 -0.974458 -0.150267 
vn -0.150267 -0.974458 -0.166888 
vn -0.131999 -0.974458 -0.181681 
vn -0.112285 -0.974458 -0.194484 
vn -0.0913411 -0.974458 -0.205155 
vn -0.0693961 -0.974458 -0.213579 
vn -0.0466908 -0.974458 -0.219663 
vn -0.023474 -0.974458 -0.22334 
vn 0 -0.951049 -0.309041 
vn -4.49581e-17 -0.946072 -0.323957 
vn -0.0914985 -0.992439 -0.081807 
vn -0.0821588 -0.992433 -0.0912466 
vn -0.0721709 -0.992433 -0.0993347 
vn -0.0613922 -0.992433 -0.106334 
vn -0.0499409 -0.992433 -0.112169 
vn -0.0379425 -0.992433 -0.116775 
vn -0.0255283 -0.992433 -0.120101 
vn -0.0128345 -0.992433 -0.122112 
vn 0 -0.978142 -0.207937 
vn -3.11654e-17 -0.974458 -0.224571 
vn -0.00722819 -0.999429 -0.0330068 
vn 0 -0.99452 -0.104548 
vn -1.70398e-17 -0.992433 -0.122784 
vn -0.0157207 -0.999162 -0.0377883 
vn -0.0252653 -0.998749 -0.0431589 
vn -0.0356216 -0.998164 -0.0489824 
vn -0.0465249 -0.997396 -0.0551089 
vn -0.0576916 -0.996446 -0.0613788 
vn -0.0688258 -0.995334 -0.0676256 
vn -0.0777818 -0.99432 -0.0726469 
vn -0.0906553 -0.992672 -0.0798976 
vn -0.154843 -0.981111 -0.115954 
vn -0.181982 -0.974505 -0.131232 
vn -0.0921078 -0.992472 -0.0807154 
vn -0.230568 -0.960059 -0.15851 
vn -0.182077 -0.974481 -0.131285 
vn -0.304351 -0.931333 -0.199975 
vn -0.326732 -0.926416 -0.187083 
vn -0.269161 -0.946082 -0.180227 
vn -0.368436 -0.915367 -0.162353 
vn -0.389836 -0.908703 -0.149288 
vn -0.392813 -0.907698 -0.14759 
vn -0.416867 -0.899082 -0.133692 
vn -0.472363 -0.875671 -0.100365 
vn -0.472728 -0.8755 -0.10014 
vn -0.503662 -0.859975 -0.0822655 
vn -0.545947 -0.835887 -0.056871 
vn -0.552061 -0.832111 -0.053101 
vn -0.669135 -0.74314 1.38778e-15 
vn -0.626913 -0.77904 -0.00871944 
vn -0.626812 -0.779171 0 
vn -0.596128 -0.80242 -0.0274556 
vn 0 -0.999581 -0.0289349 
vn -0.510014 0 -0.860166 
vn -0.999933 0 0.0116022 
vn 0 -1 0 
vn -0.994522 -0.104525 0 
vn -0.994522 -0.104525 0 
vn -0.994643 -0.103366 0 
vn -1 1.22465e-16 -9.37688e-17 
vn -0.994658 -0.103223 0 
vn -0.978149 -0.207905 0 
vn -0.978149 -0.207906 0 
vn -0.978631 -0.205624 0 
vn -0.97869 -0.205343 0 
vn -0.951059 -0.309008 0 
vn -0.951059 -0.309009 0 
vn -0.952134 -0.30568 0 
vn -0.952266 -0.30527 0 
vn -0.91355 -0.406726 0 
vn -0.91355 -0.406727 0 
vn -0.915437 -0.402461 0 
vn -0.915668 -0.401935 0 
vn -0.866033 -0.499988 0 
vn -0.866032 -0.499989 0 
vn -0.868933 -0.49493 0 
vn -0.869288 -0.494306 0 
vn -0.809027 -0.587772 0 
vn -0.809026 -0.587773 0 
vn -0.81312 -0.582097 0 
vn -0.813621 -0.581396 0 
vn -0.743157 -0.669117 0 
vn -0.743156 -0.669118 0 
vn -0.748595 -0.663027 0 
vn -0.749261 -0.662275 0 
vn -0.676897 -0.736078 0 
vn -0.669135 -0.74314 0 
vn -0.669136 -0.74314 0 
vn -0.676051 -0.736855 0 
vn -0.62476 -0.780817 -5.8583e-17 
vn -0.622562 -0.78257 0 
vn -0.587785 -0.809017 0 
vn -0.626812 -0.779171 0 
vn -0.5 -0.866025 0 
vn -0.406737 -0.913545 0 
vn -0.308988 -0.951066 0 
vn -0.308996 -0.951063 0 
vn -4.76045e-16 -1 0 
vn -0.104528 -0.994522 0 
vn -0.207912 -0.978148 0 
vn -0.295649 -0.955297 0 
vn -0.3 -0.953939 0 
vn -1.83697e-16 -1 -1.72251e-32 
vn -0.62476 -0.780817 0 
vn -0.489919 0 0.871768 
vn 0.510014 0 0.860166 
vn -0.104528 -1.85323e-16 0.994522 
vn -0.103956 0.0109262 0.994522 
vn -0.206773 0.0217327 0.978148 
vn -0.102244 0.0217327 0.994522 
vn -0.203368 0.0432273 0.978148 
vn -0.0994125 0.0323011 0.994522 
vn -0.197736 0.0642482 0.978148 
vn -0.0954915 0.0425156 0.994522 
vn -0.189937 0.0845653 0.978148 
vn -0.0905243 0.0522642 0.994522 
vn -0.180057 0.103956 0.978148 
vn -0.0845653 0.0614403 0.994522 
vn -0.168204 0.122207 0.978148 
vn -0.0776798 0.0699432 0.994522 
vn -0.154508 0.13912 0.978148 
vn -0.0699432 0.0776798 0.994522 
vn -0.13912 0.154508 0.978148 
vn -0.0614403 0.0845653 0.994522 
vn -0.122207 0.168204 0.978148 
vn -0.0522642 0.0905243 0.994522 
vn -0.103956 0.180057 0.978148 
vn -0.0425156 0.0954915 0.994522 
vn -0.0845653 0.189937 0.978148 
vn -0.0323011 0.0994125 0.994522 
vn -0.0642482 0.197736 0.978148 
vn -0.0217327 0.102244 0.994522 
vn -0.0432273 0.203368 0.978148 
vn -0.0109262 0.103956 0.994522 
vn -0.0217327 0.206773 0.978148 
vn 3.30538e-16 0.104528 0.994522 
vn 3.1051e-16 0.207912 0.978148 
vn -0.207912 -1.95143e-16 0.978148 
vn -0.307324 0.0323011 0.951057 
vn -0.302264 0.0642482 0.951057 
vn -0.293893 0.0954915 0.951057 
vn -0.282301 0.125689 0.951057 
vn -0.267617 0.154508 0.951057 
vn -0.25 0.181636 0.951057 
vn -0.229644 0.206773 0.951057 
vn -0.206773 0.229644 0.951057 
vn -0.181636 0.25 0.951057 
vn -0.154508 0.267617 0.951057 
vn -0.125689 0.282301 0.951057 
vn -0.0954915 0.293893 0.951057 
vn -0.0642482 0.302264 0.951057 
vn -0.0323011 0.307324 0.951057 
vn 2.87079e-16 0.309017 0.951057 
vn -0.309017 -2.02826e-16 0.951057 
vn -0.404508 0.0425156 0.913545 
vn -0.397848 0.0845653 0.913545 
vn -0.38683 0.125689 0.913545 
vn -0.371572 0.165435 0.913545 
vn -0.352244 0.203368 0.913545 
vn -0.329057 0.239074 0.913545 
vn -0.302264 0.27216 0.913545 
vn -0.27216 0.302264 0.913545 
vn -0.239074 0.329057 0.913545 
vn -0.203368 0.352244 0.913545 
vn -0.165435 0.371572 0.913545 
vn -0.125689 0.38683 0.913545 
vn -0.0845653 0.397848 0.913545 
vn -0.0425156 0.404508 0.913545 
vn 2.60504e-16 0.406737 0.913545 
vn -0.406737 -2.08286e-16 0.913545 
vn -0.497261 0.0522642 0.866025 
vn -0.489074 0.103956 0.866025 
vn -0.475528 0.154508 0.866025 
vn -0.456773 0.203368 0.866025 
vn -0.433013 0.25 0.866025 
vn -0.404508 0.293893 0.866025 
vn -0.371572 0.334565 0.866025 
vn -0.334565 0.371572 0.866025 
vn -0.293893 0.404508 0.866025 
vn -0.25 0.433013 0.866025 
vn -0.203368 0.456773 0.866025 
vn -0.154508 0.475528 0.866025 
vn -0.103956 0.489074 0.866025 
vn -0.0522642 0.497261 0.866025 
vn 2.31074e-16 0.5 0.866025 
vn -0.5 -2.11464e-16 0.866025 
vn -0.584565 0.0614403 0.809017 
vn -0.574941 0.122207 0.809017 
vn -0.559017 0.181636 0.809017 
vn -0.536969 0.239074 0.809017 
vn -0.509037 0.293893 0.809017 
vn -0.475528 0.345492 0.809017 
vn -0.43681 0.393305 0.809017 
vn -0.393305 0.43681 0.809017 
vn -0.345492 0.475528 0.809017 
vn -0.293893 0.509037 0.809017 
vn -0.239074 0.536969 0.809017 
vn -0.181636 0.559017 0.809017 
vn -0.122207 0.574941 0.809017 
vn -0.0614403 0.584565 0.809017 
vn 1.99113e-16 0.587785 0.809017 
vn -0.587785 -2.12325e-16 0.809017 
vn -0.665465 0.0699432 0.743145 
vn -0.654508 0.13912 0.743145 
vn -0.636381 0.206773 0.743145 
vn -0.611281 0.27216 0.743145 
vn -0.579484 0.334565 0.743145 
vn -0.541338 0.393305 0.743145 
vn -0.497261 0.447736 0.743145 
vn -0.447736 0.497261 0.743145 
vn -0.393305 0.541338 0.743145 
vn -0.334565 0.579484 0.743145 
vn -0.27216 0.611281 0.743145 
vn -0.206773 0.636381 0.743145 
vn -0.13912 0.654508 0.743145 
vn -0.0699432 0.665465 0.743145 
vn 1.6497e-16 0.669131 0.743145 
vn -0.669131 -2.1086e-16 0.743145 
vn -0.739074 0.0776798 0.669131 
vn -0.726905 0.154508 0.669131 
vn -0.706773 0.229644 0.669131 
vn -0.678897 0.302264 0.669131 
vn -0.643582 0.371572 0.669131 
vn -0.601217 0.43681 0.669131 
vn -0.552264 0.497261 0.669131 
vn -0.497261 0.552264 0.669131 
vn -0.43681 0.601217 0.669131 
vn -0.371572 0.643582 0.669131 
vn -0.302264 0.678897 0.669131 
vn -0.229644 0.706773 0.669131 
vn -0.154508 0.726905 0.669131 
vn -0.0776798 0.739074 0.669131 
vn 1.29019e-16 0.743145 0.669131 
vn -0.743145 -2.07085e-16 0.669131 
vn -0.804585 0.0845653 0.587785 
vn -0.791338 0.168204 0.587785 
vn -0.769421 0.25 0.587785 
vn -0.739074 0.329057 0.587785 
vn -0.700629 0.404508 0.587785 
vn -0.654508 0.475528 0.587785 
vn -0.601217 0.541338 0.587785 
vn -0.541338 0.601217 0.587785 
vn -0.475528 0.654508 0.587785 
vn -0.404508 0.700629 0.587785 
vn -0.329057 0.739074 0.587785 
vn -0.25 0.769421 0.587785 
vn -0.168204 0.791338 0.587785 
vn -0.0845653 0.804585 0.587785 
vn -1.25185e-16 0.809017 0.587785 
vn -0.809017 -2.0104e-16 0.587785 
vn -0.861281 0.0905243 0.5 
vn -0.847101 0.180057 0.5 
vn -0.823639 0.267617 0.5 
vn -0.791154 0.352244 0.5 
vn -0.75 0.433013 0.5 
vn -0.700629 0.509037 0.5 
vn -0.643582 0.579484 0.5 
vn -0.579484 0.643582 0.5 
vn -0.509037 0.700629 0.5 
vn -0.433013 0.75 0.5 
vn -0.352244 0.791154 0.5 
vn -0.267617 0.823639 0.5 
vn -0.180057 0.847101 0.5 
vn -0.0905243 0.861281 0.5 
vn -1.63553e-16 0.866025 0.5 
vn -0.866025 -1.92794e-16 0.5 
vn -0.908541 0.0954915 0.406737 
vn -0.893582 0.189937 0.406737 
vn -0.868833 0.282301 0.406737 
vn -0.834565 0.371572 0.406737 
vn -0.791154 0.456773 0.406737 
vn -0.739074 0.536969 0.406737 
vn -0.678897 0.611281 0.406737 
vn -0.611281 0.678897 0.406737 
vn -0.536969 0.739074 0.406737 
vn -0.456773 0.791154 0.406737 
vn -0.371572 0.834565 0.406737 
vn -0.282301 0.868833 0.406737 
vn -0.189937 0.893582 0.406737 
vn -0.0954915 0.908541 0.406737 
vn -2.02505e-16 0.913545 0.406737 
vn -0.913545 -1.82435e-16 0.406737 
vn -0.945847 0.0994125 0.309017 
vn -0.930274 0.197736 0.309017 
vn -0.904508 0.293893 0.309017 
vn -0.868833 0.38683 0.309017 
vn -0.823639 0.475528 0.309017 
vn -0.769421 0.559017 0.309017 
vn -0.706773 0.636381 0.309017 
vn -0.636381 0.706773 0.309017 
vn -0.559017 0.769421 0.309017 
vn -0.475528 0.823639 0.309017 
vn -0.38683 0.868833 0.309017 
vn -0.293893 0.904508 0.309017 
vn -0.197736 0.930274 0.309017 
vn -0.0994125 0.945847 0.309017 
vn -2.41614e-16 0.951057 0.309017 
vn -0.951057 -1.70077e-16 0.309017 
vn -0.972789 0.102244 0.207912 
vn -0.956773 0.203368 0.207912 
vn -0.930274 0.302264 0.207912 
vn -0.893582 0.397848 0.207912 
vn -0.847101 0.489074 0.207912 
vn -0.791338 0.574941 0.207912 
vn -0.726905 0.654508 0.207912 
vn -0.654508 0.726905 0.207912 
vn -0.574941 0.791338 0.207912 
vn -0.489074 0.847101 0.207912 
vn -0.102244 0.972789 0.207912 
vn -2.80452e-16 0.978148 0.207912 
vn -0.978148 -1.55855e-16 0.207912 
vn -0.989074 0.103956 0.104528 
vn -0.972789 0.206773 0.104528 
vn -0.945847 0.307324 0.104528 
vn -0.908541 0.404508 0.104528 
vn -0.861281 0.497261 0.104528 
vn -0.804585 0.584565 0.104528 
vn -0.739074 0.665465 0.104528 
vn -0.665465 0.739074 0.104528 
vn -3.18592e-16 0.994522 0.104528 
vn -0.994522 -1.39927e-16 0.104528 
vn -0.994522 0.104528 7.01418e-17 
vn -0.978148 0.207912 8.09747e-17 
vn -0.951057 0.309017 8.67648e-17 
vn -0.913545 0.406737 8.74487e-17 
vn -0.866025 0.5 8.30187e-17 
vn -0.809017 0.587785 7.35236e-17 
vn -0.103956 0.989074 0.104528 
vn -0.0777267 0.99389 0.0783692 
vn 0 0.999439 0.0334936 
vn -0.154707 0.980297 0.122814 
vn -0.205434 0.966774 0.152131 
vn -0.123148 0.986858 0.104626 
vn -0.203368 0.956773 0.207912 
vn -0.230318 0.958771 0.166468 
vn -0.30213 0.930313 0.207932 
vn -0.303948 0.929486 0.208978 
vn -0.375 0.892679 0.25 
vn -0.302253 0.930257 0.208002 
vn -0.395048 0.887081 0.238799 
vn -0.447983 0.869523 0.207944 
vn -0.451234 0.868307 0.205986 
vn -0.491632 0.851326 0.183147 
vn -0.524984 0.835279 0.163407 
vn -0.595513 0.793922 0.122687 
vn -0.627622 0.771454 0.104634 
vn -0.582821 0.802084 0.130308 
vn -0.662118 0.74465 0.0842321 
vn -0.666898 0.740667 0.0816063 
vn -0.724137 0.687954 0.0484258 
vn -0.780949 0.624399 0.015625 
vn -0.742601 0.668645 0.0381847 
vn -0.780949 0.624594 5.87747e-33 
vn -0.10401 0.990164 0.0935746 
vn -1 -1.22465e-16 -3.23514e-17 
vn 4.33681e-16 -2.1684e-16 1 
vn 0.5 0 -0.866025 
vn 1 0 -2.64339e-15 
vn -0.5 0 -0.866025 
vn 0 1 0 
vn 0.5 0 0.866025 
vn -0.5 0 0.866025 
vn -1 0 3.96508e-15 
vn 3.89913e-17 0.978148 0.207912 
vn 0 0.978142 0.207937 
vn 0 0.991576 0.129526 
vn 1.9603e-17 0.994522 0.104528 
vn 5.79523e-17 0.951057 0.309017 
vn 0 0.951048 0.309042 
vn 0 0.973021 0.230715 
vn 7.62784e-17 0.913545 0.406737 
vn 0 0.913535 0.40676 
vn 0 0.944169 0.329463 
vn 9.37688e-17 0.866025 0.5 
vn 0 0.866013 0.500022 
vn 0 0.905323 0.424723 
vn 1.10232e-16 0.809017 0.587785 
vn 0 0.809002 0.587805 
vn 0 0.856896 0.515489 
vn 1.25487e-16 0.743145 0.669131 
vn 0 0.743129 0.669148 
vn 0 0.7994 0.600799 
vn 1.39368e-16 0.669131 0.743145 
vn 0 0.669114 0.74316 
vn 0 0.733444 0.67975 
vn 1.51721e-16 0.587785 0.809017 
vn 0 0.587769 0.809029 
vn 0 0.659725 0.751507 
vn 1.62412e-16 0.5 0.866025 
vn 0 0.499984 0.866034 
vn 0 0.579024 0.815311 
vn 1.71324e-16 0.406737 0.913545 
vn 0 0.406723 0.913552 
vn 0 0.492195 0.870485 
vn 1.78359e-16 0.309017 0.951057 
vn 0 0.309005 0.95106 
vn 0 0.400156 0.916447 
vn 1.8344e-16 0.207912 0.978148 
vn 0 0.207903 0.978149 
vn 0 0.303883 0.952709 
vn 1.8651e-16 0.104528 0.994522 
vn 0 0.104524 0.994522 
vn 0 0.204393 0.978889 
vn 1.87538e-16 -1.22465e-16 1 
vn 0 0.10274 0.994708 
vn 0 0.99452 0.104547 
vn 2.93028e-18 0.999878 0.015625 
vn 0 0.999794 0.0203191 
vn 3.44501e-32 1 1.83697e-16 
vn 0 0.999346 0.0361686 
vn 0 0.999439 0.0334936 
vn 0.0866696 0.991576 0.0962564 
vn 0.0761333 0.991576 0.104788 
vn 0.135611 0.973021 0.186652 
vn 0.0647629 0.991576 0.112173 
vn 0.115358 0.973021 0.199805 
vn 0.0526829 0.991576 0.118328 
vn 0.0938403 0.973021 0.210769 
vn 0.0400256 0.991576 0.123186 
vn 0.0712949 0.973021 0.219423 
vn 0.0269299 0.991576 0.126695 
vn 0.0479684 0.973021 0.225673 
vn 0.0135391 0.991576 0.128816 
vn 0.0241163 0.973021 0.229451 
vn 1.79753e-17 0.991576 0.129526 
vn 0 0.978142 0.207937 
vn 0.171455 0.973021 0.154378 
vn 0.154378 0.973021 0.171455 
vn 0.220453 0.944169 0.244838 
vn 0.193653 0.944169 0.266541 
vn 0.164731 0.944169 0.285323 
vn 0.134005 0.944169 0.300979 
vn 0.10181 0.944169 0.313338 
vn 0.0684991 0.944169 0.322263 
vn 0.0344382 0.944169 0.327658 
vn 3.20181e-17 0.973021 0.230715 
vn 0 0.951048 0.309042 
vn 0.266541 0.944169 0.193653 
vn 0.244838 0.944169 0.220453 
vn 0.315631 0.905323 0.284195 
vn 0.284195 0.905323 0.315631 
vn 0.249646 0.905323 0.343608 
vn 0.212362 0.905323 0.367821 
vn 0.17275 0.905323 0.388004 
vn 0.131247 0.905323 0.403936 
vn 0.0883049 0.905323 0.415442 
vn 0.0443957 0.905323 0.422397 
vn 4.57221e-17 0.944169 0.329463 
vn 0 0.913535 0.40676 
vn 0.343608 0.905323 0.249646 
vn 0.383083 0.856896 0.344929 
vn 0.344929 0.856896 0.383083 
vn 0.302997 0.856896 0.417039 
vn 0.257744 0.856896 0.446426 
vn 0.209668 0.856896 0.470922 
vn 0.159295 0.856896 0.490259 
vn 0.107176 0.856896 0.504224 
vn 0.0538833 0.856896 0.512665 
vn 5.89422e-17 0.905323 0.424723 
vn 4.33681e-16 0.866013 0.500022 
vn 0.470922 0.856896 0.209668 
vn 0.446426 0.856896 0.257744 
vn 0.520307 0.7994 0.300399 
vn 0.417039 0.856896 0.302997 
vn 0.486056 0.7994 0.353141 
vn 0.44648 0.7994 0.402013 
vn 0.402013 0.7994 0.44648 
vn 0.353141 0.7994 0.486056 
vn 0.300399 0.7994 0.520307 
vn 0.244367 0.7994 0.548857 
vn 0.185657 0.7994 0.571393 
vn 0.124913 0.7994 0.58767 
vn 0.0628006 0.7994 0.597507 
vn 7.15384e-17 0.856896 0.515489 
vn 4.33681e-16 0.809002 0.587805 
vn 0.571393 0.7994 0.185657 
vn 0.548857 0.7994 0.244367 
vn 0.620982 0.733444 0.276479 
vn 0.588681 0.733444 0.339875 
vn 0.549929 0.733444 0.399547 
vn 0.505153 0.733444 0.454841 
vn 0.454841 0.733444 0.505153 
vn 0.399547 0.733444 0.549929 
vn 0.339875 0.733444 0.588681 
vn 0.276479 0.733444 0.620982 
vn 0.210054 0.733444 0.646481 
vn 0.141328 0.733444 0.664896 
vn 0.0710532 0.733444 0.676026 
vn 8.33776e-17 0.7994 0.600799 
vn 4.33681e-16 0.743129 0.669148 
vn 0.664896 0.733444 0.141328 
vn 0.646481 0.733444 0.210054 
vn 0.714726 0.659725 0.232228 
vn 0.686536 0.659725 0.305665 
vn 0.650824 0.659725 0.375754 
vn 0.607982 0.659725 0.441725 
vn 0.558479 0.659725 0.502856 
vn 0.502856 0.659725 0.558479 
vn 0.441725 0.659725 0.607982 
vn 0.375754 0.659725 0.650824 
vn 0.305665 0.659725 0.686536 
vn 0.232228 0.659725 0.714726 
vn 0.156247 0.659725 0.735085 
vn 0.0785539 0.659725 0.74739 
vn 9.43343e-17 0.733444 0.67975 
vn 4.33681e-16 0.669114 0.74316 
vn 0.74739 0.659725 0.0785539 
vn 0.735085 0.659725 0.156247 
vn 0.797494 0.579024 0.169513 
vn 0.775406 0.579024 0.251945 
vn 0.744823 0.579024 0.331617 
vn 0.70608 0.579024 0.407655 
vn 0.6596 0.579024 0.479228 
vn 0.605894 0.579024 0.545549 
vn 0.545549 0.579024 0.605894 
vn 0.479228 0.579024 0.6596 
vn 0.407655 0.579024 0.70608 
vn 0.331617 0.579024 0.744823 
vn 0.251945 0.579024 0.775406 
vn 0.169513 0.579024 0.797494 
vn 0.0852232 0.579024 0.810844 
vn 1.04293e-16 0.659725 0.751507 
vn 4.33681e-16 0.587769 0.809029 
vn 0.810844 0.579024 0.0852232 
vn 0.865717 0.492195 0.0909905 
vn 0.866034 0.499984 0 
vn 0.870485 0.492195 0 
vn 0.851463 0.492195 0.180984 
vn 0.827881 0.492195 0.268995 
vn 0.795228 0.492195 0.354058 
vn 0.753862 0.492195 0.435243 
vn 0.704237 0.492195 0.511658 
vn 0.646897 0.492195 0.582468 
vn 0.582468 0.492195 0.646897 
vn 0.511658 0.492195 0.704237 
vn 0.435243 0.492195 0.753862 
vn 0.354058 0.492195 0.795228 
vn 0.268995 0.492195 0.827881 
vn 0.180984 0.492195 0.851463 
vn 0.0909905 0.492195 0.865717 
vn 1.13147e-16 0.579024 0.815311 
vn 4.33681e-16 0.499984 0.866034 
vn 0.911427 0.400156 0.0957948 
vn 0.913552 0.406723 0 
vn 0.916447 0.400156 0 
vn 0.89642 0.400156 0.19054 
vn 0.871593 0.400156 0.283198 
vn 0.837216 0.400156 0.372753 
vn 0.793666 0.400156 0.458223 
vn 0.741421 0.400156 0.538674 
vn 0.681053 0.400156 0.613223 
vn 0.613223 0.400156 0.681053 
vn 0.538674 0.400156 0.741421 
vn 0.458223 0.400156 0.793666 
vn 0.372753 0.400156 0.837216 
vn 0.283198 0.400156 0.871593 
vn 0.19054 0.400156 0.89642 
vn 0.0957948 0.400156 0.911427 
vn 1.20804e-16 0.492195 0.870485 
vn 4.33681e-16 0.406723 0.913552 
vn 0.94749 0.303883 0.0995853 
vn 0.95106 0.309005 0 
vn 0.952709 0.303883 0 
vn 0.93189 0.303883 0.198079 
vn 0.906081 0.303883 0.294403 
vn 0.870343 0.303883 0.387502 
vn 0.825071 0.303883 0.476355 
vn 0.770758 0.303883 0.559989 
vn 0.708001 0.303883 0.637487 
vn 0.637487 0.303883 0.708001 
vn 0.559989 0.303883 0.770758 
vn 0.476355 0.303883 0.825071 
vn 0.387502 0.303883 0.870343 
vn 0.294403 0.303883 0.906081 
vn 0.198079 0.303883 0.93189 
vn 0.0995853 0.303883 0.94749 
vn 1.27183e-16 0.400156 0.916447 
vn 4.33681e-16 0.309005 0.95106 
vn 0.973526 0.204393 0.102322 
vn 0.978149 0.207903 0 
vn 0.978889 0.204393 0 
vn 0.957498 0.204393 0.203522 
vn 0.930979 0.204393 0.302493 
vn 0.89426 0.204393 0.39815 
vn 0.847743 0.204393 0.489444 
vn 0.791938 0.204393 0.575376 
vn 0.727456 0.204393 0.655005 
vn 0.655005 0.204393 0.727456 
vn 0.575376 0.204393 0.791938 
vn 0.489444 0.204393 0.847743 
vn 0.39815 0.204393 0.89426 
vn 0.302493 0.204393 0.930979 
vn 0.203522 0.204393 0.957498 
vn 0.102322 0.204393 0.973526 
vn 1.32215e-16 0.303883 0.952709 
vn 4.33681e-16 0.207903 0.978149 
vn 0.989259 0.10274 0.103975 
vn 0.994522 0.104524 0 
vn 0.994708 0.10274 0 
vn 0.972971 0.10274 0.206811 
vn 0.946024 0.10274 0.307382 
vn 0.908711 0.10274 0.404584 
vn 0.861443 0.10274 0.497354 
vn 0.804736 0.10274 0.584675 
vn 0.739212 0.10274 0.66559 
vn 0.66559 0.10274 0.739212 
vn 0.584675 0.10274 0.804736 
vn 0.497354 0.10274 0.861443 
vn 0.404584 0.10274 0.908711 
vn 0.307382 0.10274 0.946024 
vn 0.206811 0.10274 0.972971 
vn 0.103975 0.10274 0.989259 
vn 1.35848e-16 0.204393 0.978889 
vn 4.33681e-16 0.104524 0.994522 
vn 0.994522 0 0.104528 
vn 0.978148 0 0.207912 
vn 0.951057 0 0.309017 
vn 0.913545 0 0.406737 
vn 0.866025 0 0.5 
vn 0.809017 0 0.587785 
vn 0.743145 0 0.669131 
vn 0.669131 0 0.743145 
vn 0.587785 0 0.809017 
vn 0.5 0 0.866025 
vn 0.406737 0 0.913545 
vn 0.309017 0 0.951057 
vn 0.207912 0 0.978148 
vn 0.104528 0 0.994522 
vn 1.38043e-16 0.10274 0.994708 
vn 1.38778e-16 0 1 
vn 0.30844 0.927886 0.209506 
vn 0.353767 0.905327 0.235014 
vn 0.270389 0.944185 0.18816 
vn 0.233774 0.957746 0.167546 
vn 0.223552 0.961165 0.161819 
vn 0.183657 0.973054 0.139414 
vn 0.157055 0.97972 0.124431 
vn 0.117657 0.987768 0.102327 
vn 0.093669 0.991633 0.0888317 
vn 0.0789163 0.993624 0.0805182 
vn 0.0742388 0.994193 0.0778979 
vn 0.0624206 0.995502 0.0712726 
vn 0.0505125 0.996633 0.0645901 
vn 0.0388269 0.99756 0.0580259 
vn 0.0276643 0.998277 0.0517494 
vn 0.0173062 0.998795 0.0459199 
vn 0.00800907 0.99914 0.0406832 
vn 1.82768e-17 0.999346 0.0361686 
vn 0 0.99452 0.104547 
vn 0.783641 0.621118 0.0108993 
vn 0.750704 0.659915 0.0309073 
vn 0.809019 0.587782 0 
vn 0.783515 0.621373 0 
vn 0.815311 0.579024 0 
vn 0.72729 0.684898 0.0443112 
vn 0.682686 0.72724 0.0711471 
vn 0.665732 0.741802 0.0808106 
vn 0.599585 0.791259 0.120031 
vn 0.675392 0.7336 0.075338 
vn 0.591286 0.79669 0.125165 
vn 0.586555 0.799721 0.128065 
vn 0.529512 0.832772 0.161579 
vn 0.519113 0.838033 0.167992 
vn 0.476916 0.857461 0.193163 
vn 0.458242 0.865126 0.203889 
vn 0.456218 0.865924 0.205037 
vn 0.380439 0.890383 0.249968 
vn 0.407763 0.882535 0.234223 
vn 1 0 0 
vn 0.489919 0 -0.871768 
vn -0.510014 0 -0.860166 
vn 0.999933 0 -0.0116022 
vn 0 1 0 
vn 0.510014 0 0.860166 
vn -0.999933 0 0.0116022 
vn -0.489919 0 0.871768 
vn -0.809017 0.587785 -7.58606e-17 
vn -0.809019 0.587782 0 
vn -0.814686 0.579902 0 
vn -0.866025 0.5 -8.12062e-17 
vn -0.866034 0.499986 0 
vn -0.870043 0.492976 0 
vn -0.913545 0.406737 -8.56621e-17 
vn -0.913551 0.406724 0 
vn -0.916159 0.400814 0 
vn -0.951057 0.309017 -8.91795e-17 
vn -0.95106 0.309006 0 
vn -0.952546 0.304396 0 
vn -0.978148 0.207912 -9.17198e-17 
vn -0.978149 0.207904 0 
vn -0.978815 0.204745 0 
vn -0.994522 0.104528 -9.32552e-17 
vn -0.994522 0.104524 0 
vn -0.99469 0.102919 0 
vn -1 -1.22465e-16 -9.37688e-17 
vn -1.83697e-16 1 -1.72251e-32 
vn -0.104528 0.994522 0 
vn -0.207912 0.978148 0 
vn -0.309017 0.951057 0 
vn -0.406737 0.913545 0 
vn -0.375 0.927025 0 
vn -0.309017 0.951057 0 
vn -0.5 0.866025 0 
vn -0.587785 0.809017 0 
vn -0.669131 0.743145 0 
vn -0.743145 0.669131 0 
vn -0.780949 0.624594 -7.32287e-17 
vn -0.587785 0.809017 0 
vn -0.406737 0.913545 0 
vn -0.104528 0.994522 0 
vn -1 -1.22465e-16 -9.37688e-17 
vn 0.5 0 -0.866025 
vn -0.5 0 -0.866025 
vn -1 0 3.08395e-15 
vn -0.0850019 0.991898 -0.0944041 
vn -0.0746683 0.991898 -0.102772 
vn -0.134276 0.973557 -0.184815 
vn -0.0635167 0.991898 -0.110014 
vn -0.114222 0.973557 -0.197838 
vn -0.0516691 0.991898 -0.116051 
vn -0.0929164 0.973557 -0.208694 
vn -0.0392555 0.991898 -0.120816 
vn -0.070593 0.973557 -0.217263 
vn -0.0264117 0.991898 -0.124257 
vn -0.0474961 0.973557 -0.223452 
vn -0.0132786 0.991898 -0.126337 
vn -0.0238789 0.973557 -0.227192 
vn -1.76294e-17 0.991898 -0.127033 
vn 0 0.978142 -0.207937 
vn -0.169767 0.973557 -0.152859 
vn -0.152859 0.973557 -0.169767 
vn -0.219092 0.944876 -0.243326 
vn -0.192457 0.944876 -0.264895 
vn -0.163714 0.944876 -0.283561 
vn -0.133177 0.944876 -0.29912 
vn -0.101181 0.944876 -0.311402 
vn -0.0680761 0.944876 -0.320273 
vn -0.0342255 0.944876 -0.325634 
vn -3.17029e-17 0.973557 -0.228444 
vn 0 0.951048 -0.309042 
vn -0.264895 0.944876 -0.192457 
vn -0.243326 0.944876 -0.219092 
vn -0.314302 0.90616 -0.282999 
vn -0.282999 0.90616 -0.314302 
vn -0.248595 0.90616 -0.342161 
vn -0.211467 0.90616 -0.366272 
vn -0.172023 0.90616 -0.38637 
vn -0.130694 0.90616 -0.402235 
vn -0.0879331 0.90616 -0.413693 
vn -0.0442087 0.90616 -0.420618 
vn -4.54398e-17 0.944876 -0.327428 
vn 0 0.913535 -0.40676 
vn -0.342161 0.90616 -0.248595 
vn -0.381939 0.85782 -0.3439 
vn -0.3439 0.85782 -0.381939 
vn -0.302092 0.85782 -0.415794 
vn -0.256975 0.85782 -0.445094 
vn -0.209042 0.85782 -0.469516 
vn -0.158819 0.85782 -0.488795 
vn -0.106856 0.85782 -0.502719 
vn -0.0537224 0.85782 -0.511134 
vn -5.8694e-17 0.90616 -0.422935 
vn 0 0.866013 -0.500022 
vn -0.469516 0.85782 -0.209042 
vn -0.445094 0.85782 -0.256975 
vn -0.519188 0.80037 -0.299753 
vn -0.415794 0.85782 -0.302092 
vn -0.485011 0.80037 -0.352381 
vn -0.44552 0.80037 -0.401148 
vn -0.401148 0.80037 -0.44552 
vn -0.352381 0.80037 -0.485011 
vn -0.299753 0.80037 -0.519188 
vn -0.243841 0.80037 -0.547676 
vn -0.185258 0.80037 -0.570164 
vn -0.124644 0.80037 -0.586406 
vn -0.0626655 0.80037 -0.596222 
vn -7.13249e-17 0.85782 -0.51395 
vn 0 0.809003 -0.587805 
vn -0.570164 0.80037 -0.185258 
vn -0.547676 0.80037 -0.243841 
vn -0.62002 0.734419 -0.276051 
vn -0.587768 0.734419 -0.339348 
vn -0.549077 0.734419 -0.398927 
vn -0.504369 0.734419 -0.454136 
vn -0.454136 0.734419 -0.504369 
vn -0.398927 0.734419 -0.549077 
vn -0.339348 0.734419 -0.587768 
vn -0.276051 0.734419 -0.62002 
vn -0.209729 0.734419 -0.645478 
vn -0.141109 0.734419 -0.663865 
vn -0.070943 0.734419 -0.674978 
vn -8.31982e-17 0.80037 -0.599506 
vn 0 0.74313 -0.669147 
vn -0.663865 0.734419 -0.141109 
vn -0.645478 0.734419 -0.209729 
vn -0.713937 0.660669 -0.231972 
vn -0.685778 0.660669 -0.305328 
vn -0.650106 0.660669 -0.375339 
vn -0.607311 0.660669 -0.441237 
vn -0.557862 0.660669 -0.502301 
vn -0.502301 0.660669 -0.557862 
vn -0.441237 0.660669 -0.607311 
vn -0.375339 0.660669 -0.650106 
vn -0.305328 0.660669 -0.685778 
vn -0.231972 0.660669 -0.713937 
vn -0.156075 0.660669 -0.734273 
vn -0.0784672 0.660669 -0.746565 
vn -9.4188e-17 0.734419 -0.678696 
vn 0 0.669115 -0.743159 
vn -0.746565 0.660669 -0.0784672 
vn -0.734273 0.660669 -0.156075 
vn -0.796884 0.579902 -0.169383 
vn -0.774813 0.579902 -0.251752 
vn -0.744253 0.579902 -0.331363 
vn -0.705539 0.579902 -0.407343 
vn -0.659095 0.579902 -0.478861 
vn -0.60543 0.579902 -0.545132 
vn -0.545132 0.579902 -0.60543 
vn -0.478861 0.579902 -0.659095 
vn -0.407343 0.579902 -0.705539 
vn -0.331363 0.579902 -0.744253 
vn -0.251752 0.579902 -0.774813 
vn -0.169383 0.579902 -0.796884 
vn -0.0851579 0.579902 -0.810223 
vn -1.04177e-16 0.660669 -0.750677 
vn 0 0.58777 -0.809028 
vn -0.810223 0.579902 -0.0851579 
vn -0.865277 0.492976 -0.0909443 
vn -0.866034 0.499986 0 
vn -0.870043 0.492976 1.0655e-16 
vn -0.851031 0.492976 -0.180892 
vn -0.82746 0.492976 -0.268858 
vn -0.794824 0.492976 -0.353878 
vn -0.753479 0.492976 -0.435022 
vn -0.70388 0.492976 -0.511398 
vn -0.646568 0.492976 -0.582172 
vn -0.582172 0.492976 -0.646568 
vn -0.511398 0.492976 -0.70388 
vn -0.435022 0.492976 -0.753479 
vn -0.353878 0.492976 -0.794824 
vn -0.268858 0.492976 -0.82746 
vn -0.180892 0.492976 -0.851031 
vn -0.0909443 0.492976 -0.865277 
vn -1.1306e-16 0.579902 -0.814686 
vn 0 0.499986 -0.866034 
vn -0.911141 0.400814 -0.0957647 
vn -0.913551 0.406724 0 
vn -0.916159 0.400814 1.12197e-16 
vn -0.896139 0.400814 -0.19048 
vn -0.871319 0.400814 -0.283109 
vn -0.836953 0.400814 -0.372636 
vn -0.793417 0.400814 -0.45808 
vn -0.741188 0.400814 -0.538505 
vn -0.680839 0.400814 -0.61303 
vn -0.61303 0.400814 -0.680839 
vn -0.538505 0.400814 -0.741188 
vn -0.45808 0.400814 -0.793417 
vn -0.372636 0.400814 -0.836953 
vn -0.283109 0.400814 -0.871319 
vn -0.19048 0.400814 -0.896139 
vn -0.0957647 0.400814 -0.911141 
vn -1.20743e-16 0.492976 -0.870043 
vn 0 0.406724 -0.913551 
vn -0.947328 0.304396 -0.0995681 
vn -0.95106 0.309006 0 
vn -0.952546 0.304396 1.16653e-16 
vn -0.93173 0.304396 -0.198045 
vn -0.905925 0.304396 -0.294353 
vn -0.870194 0.304396 -0.387435 
vn -0.824929 0.304396 -0.476273 
vn -0.770626 0.304396 -0.559892 
vn -0.707879 0.304396 -0.637377 
vn -0.637377 0.304396 -0.707879 
vn -0.559892 0.304396 -0.770626 
vn -0.476273 0.304396 -0.824929 
vn -0.387435 0.304396 -0.870194 
vn -0.294353 0.304396 -0.905925 
vn -0.198045 0.304396 -0.93173 
vn -0.0995681 0.304396 -0.947328 
vn -1.27143e-16 0.400814 -0.916159 
vn 0 0.309006 -0.95106 
vn -0.973453 0.204745 -0.102314 
vn -0.978149 0.207904 0 
vn -0.978815 0.204745 1.1987e-16 
vn -0.957426 0.204745 -0.203507 
vn -0.930909 0.204745 -0.302471 
vn -0.894192 0.204745 -0.39812 
vn -0.847679 0.204745 -0.489408 
vn -0.791878 0.204745 -0.575333 
vn -0.727402 0.204745 -0.654955 
vn -0.654955 0.204745 -0.727402 
vn -0.575333 0.204745 -0.791878 
vn -0.489408 0.204745 -0.847679 
vn -0.39812 0.204745 -0.894192 
vn -0.302471 0.204745 -0.930909 
vn -0.203507 0.204745 -0.957426 
vn -0.102314 0.204745 -0.973453 
vn -1.32192e-16 0.304396 -0.952546 
vn 0 0.207904 -0.978149 
vn -0.994522 0.104524 0 
vn -0.989241 0.102919 -0.103973 
vn -0.99469 0.102919 1.21814e-16 
vn -0.972953 0.102919 -0.206808 
vn -0.946006 0.102919 -0.307376 
vn -0.908694 0.102919 -0.404577 
vn -0.861427 0.102919 -0.497345 
vn -0.804721 0.102919 -0.584664 
vn -0.739199 0.102919 -0.665577 
vn -0.665577 0.102919 -0.739199 
vn -0.584664 0.102919 -0.804721 
vn -0.497345 0.102919 -0.861427 
vn -0.404577 0.102919 -0.908694 
vn -0.307376 0.102919 -0.946006 
vn -0.206808 0.102919 -0.972953 
vn -0.103973 0.102919 -0.989241 
vn 0 0.104524 -0.994522 
vn -1.35838e-16 0.204745 -0.978815 
vn -0.994522 0 -0.104528 
vn -0.978148 0 -0.207912 
vn -0.951057 0 -0.309017 
vn -0.913545 0 -0.406737 
vn -0.866025 0 -0.5 
vn -0.809017 0 -0.587785 
vn -0.743145 0 -0.669131 
vn -0.669131 0 -0.743145 
vn -0.587785 0 -0.809017 
vn -0.5 0 -0.866025 
vn -0.406737 0 -0.913545 
vn -0.309017 0 -0.951057 
vn -0.207912 0 -0.978148 
vn -0.104528 0 -0.994522 
vn -1.38041e-16 0.102919 -0.99469 
vn -1.38778e-16 0 -1 
vn -0.780949 0.624399 -0.015625 
vn -0.749733 0.660859 -0.034127 
vn -0.809019 0.587782 0 
vn -0.780949 0.624594 9.56387e-17 
vn -0.814686 0.579902 9.97703e-17 
vn -0.724137 0.687954 -0.0484258 
vn -0.68529 0.724771 -0.0713044 
vn -0.662118 0.74465 -0.0842321 
vn -0.595513 0.793922 -0.122687 
vn -0.674043 0.734601 -0.0776417 
vn -0.591106 0.796795 -0.125349 
vn -0.585116 0.800633 -0.12894 
vn -0.524984 0.835279 -0.163407 
vn -0.517785 0.838905 -0.167739 
vn -0.475469 0.858431 -0.19242 
vn -0.456673 0.86617 -0.202976 
vn -0.451234 0.868307 -0.205986 
vn -0.375 0.892679 -0.25 
vn -0.405522 0.883932 -0.232844 
vn -0.303948 0.929486 -0.208978 
vn -0.350889 0.906162 -0.23611 
vn -0.267892 0.94489 -0.188195 
vn -0.230318 0.958771 -0.166468 
vn -0.226219 0.960153 -0.164108 
vn -0.181611 0.973586 -0.138378 
vn -0.154707 0.980297 -0.122814 
vn -0.114291 0.988451 -0.0995135 
vn -0.092251 0.991947 -0.0867755 
vn -0.0777267 0.99389 -0.0783692 
vn -0.0725203 0.994515 -0.0753718 
vn -0.0609657 0.995772 -0.0687152 
vn -0.0493211 0.996857 -0.0620006 
vn -0.037895 0.997745 -0.0554062 
vn -0.0269844 0.998429 -0.0491038 
vn -0.0168672 0.998922 -0.0432549 
vn -0.00779748 0.999247 -0.0380077 
vn -6.15268e-18 0.999439 -0.0334936 
vn 0 0.99452 -0.104548 
vn -1 0 1.22465e-16 
vn 0 1 0 
vn -0.5 0 0.866025 
vn 1 0 0 
vn 0.5 0 0.866025 
vn 0 0.978142 -0.207937 
vn 0 0.991898 -0.127033 
vn 0 0.99452 -0.104548 
vn 0 0.951048 -0.309042 
vn 0 0.973557 -0.228444 
vn 0 0.978142 -0.207937 
vn 0 0.913535 -0.40676 
vn 0 0.944876 -0.327428 
vn 0 0.951048 -0.309042 
vn 0 0.866013 -0.500022 
vn 0 0.90616 -0.422935 
vn 0 0.913535 -0.40676 
vn 0 0.809003 -0.587805 
vn 0 0.85782 -0.51395 
vn 0 0.866013 -0.500022 
vn 0 0.74313 -0.669147 
vn 0 0.80037 -0.599506 
vn 0 0.809003 -0.587805 
vn 0 0.669115 -0.743159 
vn 0 0.734419 -0.678696 
vn 0 0.74313 -0.669147 
vn 0 0.58777 -0.809028 
vn 0 0.660669 -0.750677 
vn 0 0.669115 -0.743159 
vn 0 0.499986 -0.866034 
vn 0 0.579902 -0.814686 
vn 0 0.58777 -0.809028 
vn 0 0.406724 -0.913551 
vn 0 0.492976 -0.870043 
vn 0 0.499986 -0.866034 
vn 0 0.309006 -0.95106 
vn 0 0.400814 -0.916159 
vn 0 0.406724 -0.913551 
vn 0 0.207904 -0.978149 
vn 0 0.304396 -0.952546 
vn 0 0.309006 -0.95106 
vn 0 0.104524 -0.994522 
vn 0 0.204745 -0.978815 
vn 0 0.207904 -0.978149 
vn -9.37688e-17 -1.22465e-16 -1 
vn 0 0.102919 -0.99469 
vn 0 0.104524 -0.994522 
vn -1.46514e-18 0.999878 -0.015625 
vn -1.72251e-32 1 -1.83697e-16 
vn 0 0.999439 -0.0334936 
vn -9.37688e-17 -1.22465e-16 -1 
vn 0.0132786 0.991898 -0.126337 
vn 0.0238789 0.973557 -0.227192 
vn 0 0.978142 -0.207937 
vn -4.19644e-17 0.973557 -0.228444 
vn 0.0264117 0.991898 -0.124257 
vn 0.0474961 0.973557 -0.223452 
vn 0.0392555 0.991898 -0.120816 
vn 0.070593 0.973557 -0.217263 
vn 0.0516691 0.991898 -0.116051 
vn 0.0929164 0.973557 -0.208694 
vn 0.0635167 0.991898 -0.110014 
vn 0.114222 0.973557 -0.197838 
vn 0.0746683 0.991898 -0.102772 
vn 0.134276 0.973557 -0.184815 
vn 0.0850019 0.991898 -0.0944041 
vn 0.152859 0.973557 -0.169767 
vn 0.0342255 0.944876 -0.325634 
vn 0 0.951048 -0.309042 
vn -6.01475e-17 0.944876 -0.327428 
vn 0.0680761 0.944876 -0.320273 
vn 0.101181 0.944876 -0.311402 
vn 0.133177 0.944876 -0.29912 
vn 0.163714 0.944876 -0.283561 
vn 0.192457 0.944876 -0.264895 
vn 0.219092 0.944876 -0.243326 
vn 0.169767 0.973557 -0.152859 
vn 0.243326 0.944876 -0.219092 
vn 0.0442087 0.90616 -0.420618 
vn 0 0.913535 -0.40676 
vn -7.76918e-17 0.90616 -0.422935 
vn 0.0879331 0.90616 -0.413693 
vn 0.130694 0.90616 -0.402235 
vn 0.172023 0.90616 -0.38637 
vn 0.211467 0.90616 -0.366272 
vn 0.248595 0.90616 -0.342161 
vn 0.282999 0.90616 -0.314302 
vn 0.314302 0.90616 -0.282999 
vn 0.264895 0.944876 -0.192457 
vn 0.342161 0.90616 -0.248595 
vn 0.0537224 0.85782 -0.511134 
vn 0 0.866013 -0.500022 
vn -9.4411e-17 0.85782 -0.51395 
vn 0.106856 0.85782 -0.502719 
vn 0.158819 0.85782 -0.488795 
vn 0.209042 0.85782 -0.469516 
vn 0.256975 0.85782 -0.445094 
vn 0.302092 0.85782 -0.415794 
vn 0.3439 0.85782 -0.381939 
vn 0.381939 0.85782 -0.3439 
vn 0.415794 0.85782 -0.302092 
vn 0.0626655 0.80037 -0.596222 
vn 0 0.809003 -0.587805 
vn -1.10128e-16 0.80037 -0.599506 
vn 0.124644 0.80037 -0.586406 
vn 0.185258 0.80037 -0.570164 
vn 0.243841 0.80037 -0.547676 
vn 0.299753 0.80037 -0.519188 
vn 0.352381 0.80037 -0.485011 
vn 0.401148 0.80037 -0.44552 
vn 0.44552 0.80037 -0.401148 
vn 0.485011 0.80037 -0.352381 
vn 0.445094 0.85782 -0.256975 
vn 0.519188 0.80037 -0.299753 
vn 0.469516 0.85782 -0.209042 
vn 0.547676 0.80037 -0.243841 
vn 0.070943 0.734419 -0.674978 
vn 0 0.74313 -0.669147 
vn -1.24674e-16 0.734419 -0.678696 
vn 0.141109 0.734419 -0.663865 
vn 0.209729 0.734419 -0.645478 
vn 0.276051 0.734419 -0.62002 
vn 0.339348 0.734419 -0.587768 
vn 0.398927 0.734419 -0.549077 
vn 0.454136 0.734419 -0.504369 
vn 0.504369 0.734419 -0.454136 
vn 0.549077 0.734419 -0.398927 
vn 0.587768 0.734419 -0.339348 
vn 0.62002 0.734419 -0.276051 
vn 0.570164 0.80037 -0.185258 
vn 0.645478 0.734419 -0.209729 
vn 0.0784672 0.660669 -0.746565 
vn 0 0.669115 -0.743159 
vn -1.37897e-16 0.660669 -0.750677 
vn 0.156075 0.660669 -0.734273 
vn 0.231972 0.660669 -0.713937 
vn 0.305328 0.660669 -0.685778 
vn 0.375339 0.660669 -0.650106 
vn 0.441237 0.660669 -0.607311 
vn 0.502301 0.660669 -0.557862 
vn 0.557862 0.660669 -0.502301 
vn 0.607311 0.660669 -0.441237 
vn 0.650106 0.660669 -0.375339 
vn 0.685778 0.660669 -0.305328 
vn 0.713937 0.660669 -0.231972 
vn 0.663865 0.734419 -0.141109 
vn 0.734273 0.660669 -0.156075 
vn 0.0851579 0.579902 -0.810223 
vn 0 0.58777 -0.809028 
vn -1.49655e-16 0.579902 -0.814686 
vn 0.169383 0.579902 -0.796884 
vn 0.251752 0.579902 -0.774813 
vn 0.331363 0.579902 -0.744253 
vn 0.407343 0.579902 -0.705539 
vn 0.478861 0.579902 -0.659095 
vn 0.545132 0.579902 -0.60543 
vn 0.60543 0.579902 -0.545132 
vn 0.659095 0.579902 -0.478861 
vn 0.705539 0.579902 -0.407343 
vn 0.744253 0.579902 -0.331363 
vn 0.774813 0.579902 -0.251752 
vn 0.796884 0.579902 -0.169383 
vn 0.746565 0.660669 -0.0784672 
vn 0.810223 0.579902 -0.0851579 
vn 0.0909443 0.492976 -0.865277 
vn 0 0.499986 -0.866034 
vn -1.59824e-16 0.492976 -0.870043 
vn 0.180892 0.492976 -0.851031 
vn 0.268858 0.492976 -0.82746 
vn 0.353878 0.492976 -0.794824 
vn 0.435022 0.492976 -0.753479 
vn 0.511398 0.492976 -0.70388 
vn 0.582172 0.492976 -0.646568 
vn 0.646568 0.492976 -0.582172 
vn 0.70388 0.492976 -0.511398 
vn 0.753479 0.492976 -0.435022 
vn 0.794824 0.492976 -0.353878 
vn 0.82746 0.492976 -0.268858 
vn 0.851031 0.492976 -0.180892 
vn 0.865277 0.492976 -0.0909443 
vn 0.814686 0.579902 -1.1306e-16 
vn 0.866034 0.499986 0 
vn 0.0957647 0.400814 -0.911141 
vn 0 0.406724 -0.913551 
vn -1.68296e-16 0.400814 -0.916159 
vn 0.19048 0.400814 -0.896139 
vn 0.283109 0.400814 -0.871319 
vn 0.372636 0.400814 -0.836953 
vn 0.45808 0.400814 -0.793417 
vn 0.538505 0.400814 -0.741188 
vn 0.61303 0.400814 -0.680839 
vn 0.680839 0.400814 -0.61303 
vn 0.741188 0.400814 -0.538505 
vn 0.793417 0.400814 -0.45808 
vn 0.836953 0.400814 -0.372636 
vn 0.871319 0.400814 -0.283109 
vn 0.896139 0.400814 -0.19048 
vn 0.911141 0.400814 -0.0957647 
vn 0.870043 0.492976 -1.20743e-16 
vn 0.913551 0.406724 0 
vn 0.0995681 0.304396 -0.947328 
vn 0 0.309006 -0.95106 
vn -1.7498e-16 0.304396 -0.952546 
vn 0.198045 0.304396 -0.93173 
vn 0.294353 0.304396 -0.905925 
vn 0.387435 0.304396 -0.870194 
vn 0.476273 0.304396 -0.824929 
vn 0.559892 0.304396 -0.770626 
vn 0.637377 0.304396 -0.707879 
vn 0.707879 0.304396 -0.637377 
vn 0.770626 0.304396 -0.559892 
vn 0.824929 0.304396 -0.476273 
vn 0.870194 0.304396 -0.387435 
vn 0.905925 0.304396 -0.294353 
vn 0.93173 0.304396 -0.198045 
vn 0.947328 0.304396 -0.0995681 
vn 0.916159 0.400814 -1.27143e-16 
vn 0.95106 0.309006 0 
vn 0.102314 0.204745 -0.973453 
vn 0 0.207904 -0.978149 
vn -1.79805e-16 0.204745 -0.978815 
vn 0.203507 0.204745 -0.957426 
vn 0.302471 0.204745 -0.930909 
vn 0.39812 0.204745 -0.894192 
vn 0.489408 0.204745 -0.847679 
vn 0.575333 0.204745 -0.791878 
vn 0.654955 0.204745 -0.727402 
vn 0.727402 0.204745 -0.654955 
vn 0.791878 0.204745 -0.575333 
vn 0.847679 0.204745 -0.489408 
vn 0.894192 0.204745 -0.39812 
vn 0.930909 0.204745 -0.302471 
vn 0.957426 0.204745 -0.203507 
vn 0.973453 0.204745 -0.102314 
vn 0.952546 0.304396 -1.32192e-16 
vn 0.978149 0.207904 0 
vn 0 0.104524 -0.994522 
vn 0.103973 0.102919 -0.989241 
vn -1.82722e-16 0.102919 -0.99469 
vn 0.206808 0.102919 -0.972953 
vn 0.307376 0.102919 -0.946006 
vn 0.404577 0.102919 -0.908694 
vn 0.497345 0.102919 -0.861427 
vn 0.584664 0.102919 -0.804721 
vn 0.665577 0.102919 -0.739199 
vn 0.739199 0.102919 -0.665577 
vn 0.804721 0.102919 -0.584664 
vn 0.861427 0.102919 -0.497345 
vn 0.908694 0.102919 -0.404577 
vn 0.946006 0.102919 -0.307376 
vn 0.972953 0.102919 -0.206808 
vn 0.989241 0.102919 -0.103973 
vn 0.994522 0.104524 0 
vn 0.978815 0.204745 -1.35838e-16 
vn 0.104528 0 -0.994522 
vn 0.207912 0 -0.978148 
vn 0.309017 0 -0.951057 
vn 0.406737 0 -0.913545 
vn 0.5 0 -0.866025 
vn 0.587785 0 -0.809017 
vn 0.669131 0 -0.743145 
vn 0.743145 0 -0.669131 
vn 0.809017 0 -0.587785 
vn 0.866025 0 -0.5 
vn 0.913545 0 -0.406737 
vn 0.951057 0 -0.309017 
vn 0.978148 0 -0.207912 
vn 0.994522 0 -0.104528 
vn 0.99469 0.102919 -1.38041e-16 
vn 1 0 -1.38778e-16 
vn 0.00779748 0.999247 -0.0380077 
vn 0 0.99452 -0.104548 
vn -2.33356e-17 0.991898 -0.127033 
vn 0.0168672 0.998922 -0.0432549 
vn 0.0269844 0.998429 -0.0491038 
vn 0.037895 0.997745 -0.0554062 
vn 0.0493211 0.996857 -0.0620006 
vn 0.0609657 0.995772 -0.0687152 
vn 0.0725203 0.994515 -0.0753718 
vn 0.0777267 0.99389 -0.0783692 
vn 0.114291 0.988451 -0.0995135 
vn 0.092251 0.991947 -0.0867755 
vn 0.154707 0.980297 -0.122814 
vn 0.181611 0.973586 -0.138378 
vn 0.226219 0.960153 -0.164108 
vn 0.230318 0.958771 -0.166468 
vn 0.267892 0.94489 -0.188195 
vn 0.303948 0.929486 -0.208978 
vn 0.375 0.892679 -0.25 
vn 0.405522 0.883932 -0.232844 
vn 0.350889 0.906162 -0.23611 
vn 0.451234 0.868307 -0.205986 
vn 0.456673 0.86617 -0.202976 
vn 0.475469 0.858431 -0.19242 
vn 0.517785 0.838905 -0.167739 
vn 0.524984 0.835279 -0.163407 
vn 0.591106 0.796795 -0.125349 
vn 0.585116 0.800633 -0.12894 
vn 0.595513 0.793922 -0.122687 
vn 0.662118 0.74465 -0.0842321 
vn 0.68529 0.724771 -0.0713044 
vn 0.674043 0.734601 -0.0776417 
vn 0.724137 0.687954 -0.0484258 
vn 0.809019 0.587782 0 
vn 0.780949 0.624399 -0.015625 
vn 0.780949 0.624594 0 
vn 0.749733 0.660859 -0.034127 
vn 0 0.999439 -0.0334936 
vn -1.83697e-16 0 -1 
vn 0.5 0 0.866025 
vn -0.5 0 0.866025 
vn 1 0 -3.08395e-15 
vn 0.866034 0.499986 0 
vn 0.814686 0.579902 0 
vn 0.815311 0.579024 0 
vn 0.809019 0.587782 0 
vn 0.809019 0.587782 0 
vn 0.913551 0.406724 0 
vn 0.870043 0.492976 0 
vn 0.870485 0.492195 0 
vn 0.866034 0.499984 0 
vn 0.95106 0.309006 0 
vn 0.916159 0.400814 0 
vn 0.916447 0.400156 0 
vn 0.913552 0.406723 0 
vn 0.978149 0.207904 0 
vn 0.952546 0.304396 0 
vn 0.952709 0.303883 0 
vn 0.95106 0.309005 0 
vn 0.994522 0.104524 0 
vn 0.978815 0.204745 0 
vn 0.978889 0.204393 0 
vn 0.978149 0.207903 0 
vn 1 -1.22465e-16 9.37688e-17 
vn 0.99469 0.102919 0 
vn 0.994708 0.10274 0 
vn 0.994522 0.104524 0 
vn 1.83697e-16 1 1.72251e-32 
vn 0.104528 0.994522 0 
vn 0.207912 0.978148 0 
vn 0.309017 0.951057 0 
vn 0.406737 0.913545 0 
vn 0.375 0.927025 0 
vn 0.369561 0.929206 0 
vn 0.309017 0.951057 0 
vn 0.5 0.866025 0 
vn 0.587785 0.809017 0 
vn 0.669131 0.743145 0 
vn 0.743145 0.669131 0 
vn 0.780949 0.624594 0 
vn 0.778203 0.628013 0 
vn 0.783515 0.621373 0 
vn 1 -1.22465e-16 9.37688e-17 
vn 0 1 0 
vn 0.5 0 -0.866025 
vn -1 0 0 
vn -0.5 0 -0.866025 
vn 0 1 0 
vn 1.38778e-16 0 1 
vn 1 0 0 
vn -1.38778e-16 0 -1 
vn -1 0 0 
vn 0 1 0 
vn 1.38778e-16 0 1 
vn 1 0 0 
vn -1.38778e-16 0 -1 
vn 0 1 0 
vn 0.5 0 -0.866025 
vn -0.5 0 -0.866025 
vn 1 0 -3.08395e-15 
vn 0 -1 0 
vn 0 1 0 
vn 0.5 0 0.866025 
vn -0.5 0 0.866025 
vn -1 0 0 
vn 0.5 0 0.866025 
vn 0 -1 0 
vn 0 1 0 
vn -0.5 0 -0.866025 
vn 0.5 0 -0.866025 
vn 1 0 0 
vn -0.5 0 -0.866025 
vn -1 0 2.64339e-15 
vn 0 -1 0 
vn 0 1 0 
vn 0.5 0 0.866025 
vn 1 0 -3.96508e-15 
vn -0.5 0 0.866025 
vn 0.999933 0 -0.0116022 
vn 0.510014 0 0.860166 
vn -0.489919 0 0.871768 
vn 0 -1 0 
vn 0 1 0 
vn -0.999933 0 0.0116022 
vn -0.510014 0 -0.860166 
vn 0.489919 0 -0.871768 
usemtl 0.231373_0.380392_0.705882_0.000000_0.000000
o mesh35
f 2057//2260 2058//2260 2059//2260 
o mesh36
f 2060//2261 2061//2261 2062//2261 
f 2060//2261 2063//2261 2064//2261 
f 2060//2261 2065//2261 2066//2261 
f 2064//2261 2061//2261 2060//2261 
f 2060//2261 2067//2261 2065//2261 
f 2062//2261 2068//2261 2060//2261 
f 2060//2261 2058//2261 2067//2261 
f 2060//2261 2069//2261 2070//2261 
f 2066//2261 2063//2261 2060//2261 
f 2060//2261 2071//2261 2072//2261 
f 2060//2261 2073//2261 2069//2261 
f 2058//2261 2057//2261 2067//2261 
f 2060//2261 2074//2261 2071//2261 
f 2068//2261 2073//2261 2060//2261 
f 2060//2261 2075//2261 2076//2261 
f 2070//2261 2074//2261 2060//2261 
f 2072//2261 2075//2261 2060//2261 
f 2076//2261 2077//2261 2060//2261 
o mesh37
f 2060//2262 2078//2262 2079//2262 
f 2080//2262 2079//2262 2081//2262 
f 2060//2262 2082//2262 2078//2262 
f 2080//2262 2083//2262 2084//2262 
f 2080//2262 2085//2262 2086//2262 
f 2081//2262 2087//2262 2080//2262 
f 2060//2262 2077//2262 2082//2262 
f 2086//2262 2083//2262 2080//2262 
f 2079//2262 2080//2262 2060//2262 
f 2080//2262 2088//2262 2089//2262 
f 2087//2262 2085//2262 2080//2262 
f 2084//2262 2088//2262 2080//2262 
f 2089//2262 2090//2262 2080//2262 
o mesh38
f 2091//2263 2092//2264 2093//2265 
f 2152//2266 2093//2265 2094//2267 
f 2153//2268 2094//2267 2095//2269 
f 2154//2270 2095//2269 2096//2271 
f 2155//2272 2096//2271 2097//2273 
f 2156//2274 2097//2273 2098//2275 
f 2157//2276 2098//2275 2099//2277 
f 2158//2278 2099//2277 2100//2279 
f 2159//2280 2100//2279 2101//2281 
f 2160//2282 2101//2281 2102//2283 
f 2161//2284 2102//2283 2103//2285 
f 2162//2286 2103//2285 2104//2287 
f 2163//2288 2104//2287 2105//2289 
f 2164//2290 2105//2289 2106//2291 
f 2165//2292 2106//2291 2107//2293 
f 2108//2294 2152//2266 2166//2295 
f 2166//2295 2109//2296 2108//2294 
f 2166//2295 2152//2266 2153//2268 
f 2167//2297 2153//2268 2154//2270 
f 2168//2298 2154//2270 2155//2272 
f 2169//2299 2155//2272 2156//2274 
f 2170//2300 2156//2274 2157//2276 
f 2171//2301 2157//2276 2158//2278 
f 2172//2302 2158//2278 2159//2280 
f 2173//2303 2159//2280 2160//2282 
f 2174//2304 2160//2282 2161//2284 
f 2175//2305 2161//2284 2162//2286 
f 2176//2306 2162//2286 2163//2288 
f 2177//2307 2163//2288 2164//2290 
f 2178//2308 2164//2290 2165//2292 
f 2110//2309 2111//2310 2179//2311 
f 2165//2292 2112//2312 2110//2309 
f 2113//2313 2166//2295 2180//2314 
f 2180//2314 2114//2315 2113//2313 
f 2180//2314 2166//2295 2167//2297 
f 2181//2316 2167//2297 2168//2298 
f 2182//2317 2168//2298 2169//2299 
f 2183//2318 2169//2299 2170//2300 
f 2184//2319 2170//2300 2171//2301 
f 2185//2320 2171//2301 2172//2302 
f 2186//2321 2172//2302 2173//2303 
f 2187//2322 2173//2303 2174//2304 
f 2188//2323 2174//2304 2175//2305 
f 2189//2324 2175//2305 2176//2306 
f 2190//2325 2176//2306 2177//2307 
f 2191//2326 2177//2307 2178//2308 
f 2192//2327 2178//2308 2179//2311 
f 2115//2328 2116//2329 2193//2330 
f 2179//2311 2111//2310 2115//2328 
f 2117//2331 2180//2314 2194//2332 
f 2194//2332 2118//2333 2117//2331 
f 2194//2332 2180//2314 2181//2316 
f 2195//2334 2181//2316 2182//2317 
f 2196//2335 2182//2317 2183//2318 
f 2197//2336 2183//2318 2184//2319 
f 2198//2337 2184//2319 2185//2320 
f 2199//2338 2185//2320 2186//2321 
f 2200//2339 2186//2321 2187//2322 
f 2201//2340 2187//2322 2188//2323 
f 2202//2341 2188//2323 2189//2324 
f 2203//2342 2189//2324 2190//2325 
f 2204//2343 2190//2325 2191//2326 
f 2205//2344 2191//2326 2192//2327 
f 2206//2345 2192//2327 2193//2330 
f 2119//2346 2120//2347 2207//2348 
f 2193//2330 2116//2329 2119//2346 
f 2208//2349 2121//2350 2122//2351 
f 2122//2351 2194//2332 2208//2349 
f 2208//2349 2194//2332 2195//2334 
f 2209//2352 2195//2334 2196//2335 
f 2210//2353 2196//2335 2197//2336 
f 2211//2354 2197//2336 2198//2337 
f 2212//2355 2198//2337 2199//2338 
f 2213//2356 2199//2338 2200//2339 
f 2214//2357 2200//2339 2201//2340 
f 2215//2358 2201//2340 2202//2341 
f 2216//2359 2202//2341 2203//2342 
f 2217//2360 2203//2342 2204//2343 
f 2218//2361 2204//2343 2205//2344 
f 2219//2362 2205//2344 2206//2345 
f 2220//2363 2206//2345 2207//2348 
f 2221//2364 2207//2348 2123//2365 
f 2207//2348 2120//2347 2123//2365 
f 2222//2366 2124//2367 2125//2368 
f 2125//2368 2208//2349 2222//2366 
f 2222//2366 2208//2349 2209//2352 
f 2223//2369 2209//2352 2210//2353 
f 2224//2370 2210//2353 2211//2354 
f 2225//2371 2211//2354 2212//2355 
f 2226//2372 2212//2355 2213//2356 
f 2227//2373 2213//2356 2214//2357 
f 2228//2374 2214//2357 2215//2358 
f 2229//2375 2215//2358 2216//2359 
f 2230//2376 2216//2359 2217//2360 
f 2231//2377 2217//2360 2218//2361 
f 2232//2378 2218//2361 2219//2362 
f 2233//2379 2219//2362 2220//2363 
f 2234//2380 2220//2363 2221//2364 
f 2235//2381 2221//2364 2126//2382 
f 2221//2364 2127//2383 2126//2382 
f 2236//2384 2128//2385 2129//2386 
f 2129//2386 2222//2366 2236//2384 
f 2236//2384 2222//2366 2223//2369 
f 2237//2387 2223//2369 2224//2370 
f 2238//2388 2224//2370 2225//2371 
f 2239//2389 2225//2371 2226//2372 
f 2240//2390 2226//2372 2227//2373 
f 2241//2391 2227//2373 2228//2374 
f 2242//2392 2228//2374 2229//2375 
f 2243//2393 2229//2375 2230//2376 
f 2244//2394 2230//2376 2231//2377 
f 2245//2395 2231//2377 2232//2378 
f 2246//2396 2232//2378 2233//2379 
f 2247//2397 2233//2379 2234//2380 
f 2248//2398 2234//2380 2235//2381 
f 2249//2399 2235//2381 2130//2400 
f 2235//2381 2131//2401 2130//2400 
f 2250//2402 2132//2403 2133//2404 
f 2133//2404 2236//2384 2250//2402 
f 2250//2402 2236//2384 2237//2387 
f 2251//2405 2237//2387 2238//2388 
f 2252//2406 2238//2388 2239//2389 
f 2253//2407 2239//2389 2240//2390 
f 2254//2408 2240//2390 2241//2391 
f 2255//2409 2241//2391 2242//2392 
f 2256//2410 2242//2392 2243//2393 
f 2257//2411 2243//2393 2244//2394 
f 2258//2412 2244//2394 2245//2395 
f 2259//2413 2245//2395 2246//2396 
f 2260//2414 2246//2396 2247//2397 
f 2261//2415 2247//2397 2248//2398 
f 2262//2416 2248//2398 2249//2399 
f 2263//2417 2249//2399 2134//2418 
f 2249//2399 2135//2419 2134//2418 
f 2264//2420 2136//2421 2137//2422 
f 2137//2422 2250//2402 2264//2420 
f 2264//2420 2250//2402 2251//2405 
f 2265//2423 2251//2405 2252//2406 
f 2266//2424 2252//2406 2253//2407 
f 2267//2425 2253//2407 2254//2408 
f 2268//2426 2254//2408 2255//2409 
f 2269//2427 2255//2409 2256//2410 
f 2270//2428 2256//2410 2257//2411 
f 2271//2429 2257//2411 2258//2412 
f 2272//2430 2258//2412 2259//2413 
f 2273//2431 2259//2413 2260//2414 
f 2274//2432 2260//2414 2261//2415 
f 2275//2433 2261//2415 2262//2416 
f 2276//2434 2262//2416 2263//2417 
f 2277//2435 2138//2436 2139//2437 
f 2139//2437 2264//2420 2277//2435 
f 2277//2435 2264//2420 2265//2423 
f 2278//2438 2265//2423 2266//2424 
f 2279//2439 2266//2424 2267//2425 
f 2280//2440 2267//2425 2268//2426 
f 2281//2441 2268//2426 2269//2427 
f 2282//2442 2269//2427 2270//2428 
f 2283//2443 2270//2428 2271//2429 
f 2284//2444 2271//2429 2272//2430 
f 2285//2445 2272//2430 2273//2431 
f 2286//2446 2273//2431 2274//2432 
f 2287//2447 2274//2432 2275//2433 
f 2288//2448 2275//2433 2276//2434 
f 2289//2449 2140//2450 2141//2451 
f 2141//2451 2277//2435 2289//2449 
f 2289//2449 2277//2435 2278//2438 
f 2290//2452 2278//2438 2279//2439 
f 2291//2453 2279//2439 2280//2440 
f 2292//2454 2280//2440 2281//2441 
f 2293//2455 2281//2441 2282//2442 
f 2294//2456 2282//2442 2283//2443 
f 2295//2457 2283//2443 2284//2444 
f 2296//2458 2284//2444 2285//2445 
f 2297//2459 2285//2445 2286//2446 
f 2298//2460 2286//2446 2287//2447 
f 2299//2461 2142//2462 2143//2463 
f 2143//2463 2289//2449 2299//2461 
f 2299//2461 2289//2449 2290//2452 
f 2300//2464 2290//2452 2291//2453 
f 2301//2465 2291//2453 2292//2454 
f 2302//2466 2292//2454 2293//2455 
f 2303//2467 2293//2455 2294//2456 
f 2304//2468 2294//2456 2295//2457 
f 2305//2469 2295//2457 2296//2458 
f 2306//2470 2296//2458 2297//2459 
f 2307//2471 2144//2472 2145//2473 
f 2145//2473 2299//2461 2307//2471 
f 2307//2471 2299//2461 2300//2464 
f 2308//2474 2300//2464 2301//2465 
f 2309//2475 2301//2465 2302//2466 
f 2310//2476 2302//2466 2303//2467 
f 2311//2477 2303//2467 2304//2468 
f 2312//2478 2304//2468 2305//2469 
f 2313//2479 2305//2469 2306//2470 
f 2314//2480 2146//2481 2147//2482 
f 2147//2482 2307//2471 2314//2480 
f 2314//2480 2307//2471 2308//2474 
f 2315//2483 2308//2474 2309//2475 
f 2316//2484 2309//2475 2310//2476 
f 2317//2485 2310//2476 2311//2477 
f 2318//2486 2311//2477 2312//2478 
f 2319//2487 2312//2478 2313//2479 
f 2320//2488 2313//2479 2321//2489 
f 2263//2417 2090//2490 2089//2491 
f 2148//2492 2149//2493 2090//2490 
f 2263//2417 2150//2494 2148//2492 
f 2090//2490 2263//2417 2148//2492 
f 2322//2495 2089//2491 2088//2496 
f 2276//2434 2084//2497 2083//2498 
f 2276//2434 2322//2495 2084//2497 
f 2288//2448 2323//2499 2086//2500 
f 2086//2500 2085//2501 2288//2448 
f 2287//2447 2288//2448 2087//2502 
f 2087//2502 2081//2503 2287//2447 
f 2324//2504 2081//2503 2079//2505 
f 2298//2460 2324//2504 2078//2506 
f 2325//2507 2297//2459 2077//2508 
f 2297//2459 2298//2460 2082//2509 
f 2082//2509 2077//2508 2297//2459 
f 2325//2507 2076//2510 2075//2511 
f 2306//2470 2325//2507 2072//2512 
f 2072//2512 2321//2489 2306//2470 
f 2326//2513 2321//2489 2074//2514 
f 2321//2489 2071//2515 2074//2514 
f 2320//2488 2326//2513 2069//2516 
f 2069//2516 2073//2517 2320//2488 
f 2319//2487 2320//2488 2068//2518 
f 2318//2486 2319//2487 2062//2519 
f 2317//2485 2318//2486 2061//2520 
f 2316//2484 2317//2485 2064//2521 
f 2315//2483 2316//2484 2063//2522 
f 2314//2480 2315//2483 2066//2523 
f 2065//2524 2067//2525 2151//2526 
f 2151//2526 2314//2480 2065//2524 
f 2151//2526 2146//2481 2314//2480 
f 2066//2523 2065//2524 2314//2480 
f 2063//2522 2066//2523 2315//2483 
f 2064//2521 2063//2522 2316//2484 
f 2061//2520 2064//2521 2317//2485 
f 2062//2519 2061//2520 2318//2486 
f 2068//2518 2062//2519 2319//2487 
f 2073//2517 2068//2518 2320//2488 
f 2069//2516 2326//2513 2070//2527 
f 2074//2514 2070//2527 2326//2513 
f 2072//2512 2071//2515 2321//2489 
f 2075//2511 2072//2512 2325//2507 
f 2077//2508 2076//2510 2325//2507 
f 2078//2506 2082//2509 2298//2460 
f 2079//2505 2078//2506 2324//2504 
f 2081//2503 2324//2504 2287//2447 
f 2085//2501 2087//2502 2288//2448 
f 2086//2500 2323//2499 2083//2498 
f 2083//2498 2323//2499 2276//2434 
f 2088//2496 2084//2497 2322//2495 
f 2089//2491 2322//2495 2263//2417 
f 2321//2489 2326//2513 2320//2488 
f 2313//2479 2320//2488 2319//2487 
f 2312//2478 2319//2487 2318//2486 
f 2311//2477 2318//2486 2317//2485 
f 2310//2476 2317//2485 2316//2484 
f 2309//2475 2316//2484 2315//2483 
f 2308//2474 2315//2483 2314//2480 
f 2147//2482 2144//2472 2307//2471 
f 2306//2470 2321//2489 2313//2479 
f 2305//2469 2313//2479 2312//2478 
f 2304//2468 2312//2478 2311//2477 
f 2303//2467 2311//2477 2310//2476 
f 2302//2466 2310//2476 2309//2475 
f 2301//2465 2309//2475 2308//2474 
f 2300//2464 2308//2474 2307//2471 
f 2145//2473 2142//2462 2299//2461 
f 2297//2459 2325//2507 2306//2470 
f 2296//2458 2306//2470 2305//2469 
f 2295//2457 2305//2469 2304//2468 
f 2294//2456 2304//2468 2303//2467 
f 2293//2455 2303//2467 2302//2466 
f 2292//2454 2302//2466 2301//2465 
f 2291//2453 2301//2465 2300//2464 
f 2290//2452 2300//2464 2299//2461 
f 2143//2463 2140//2450 2289//2449 
f 2287//2447 2324//2504 2298//2460 
f 2286//2446 2298//2460 2297//2459 
f 2285//2445 2297//2459 2296//2458 
f 2284//2444 2296//2458 2295//2457 
f 2283//2443 2295//2457 2294//2456 
f 2282//2442 2294//2456 2293//2455 
f 2281//2441 2293//2455 2292//2454 
f 2280//2440 2292//2454 2291//2453 
f 2279//2439 2291//2453 2290//2452 
f 2278//2438 2290//2452 2289//2449 
f 2141//2451 2138//2436 2277//2435 
f 2276//2434 2323//2499 2288//2448 
f 2275//2433 2288//2448 2287//2447 
f 2274//2432 2287//2447 2286//2446 
f 2273//2431 2286//2446 2285//2445 
f 2272//2430 2285//2445 2284//2444 
f 2271//2429 2284//2444 2283//2443 
f 2270//2428 2283//2443 2282//2442 
f 2269//2427 2282//2442 2281//2441 
f 2268//2426 2281//2441 2280//2440 
f 2267//2425 2280//2440 2279//2439 
f 2266//2424 2279//2439 2278//2438 
f 2265//2423 2278//2438 2277//2435 
f 2139//2437 2136//2421 2264//2420 
f 2263//2417 2322//2495 2276//2434 
f 2262//2416 2276//2434 2275//2433 
f 2261//2415 2275//2433 2274//2432 
f 2260//2414 2274//2432 2273//2431 
f 2259//2413 2273//2431 2272//2430 
f 2258//2412 2272//2430 2271//2429 
f 2257//2411 2271//2429 2270//2428 
f 2256//2410 2270//2428 2269//2427 
f 2255//2409 2269//2427 2268//2426 
f 2254//2408 2268//2426 2267//2425 
f 2253//2407 2267//2425 2266//2424 
f 2252//2406 2266//2424 2265//2423 
f 2251//2405 2265//2423 2264//2420 
f 2137//2422 2132//2403 2250//2402 
f 2134//2418 2150//2494 2263//2417 
f 2249//2399 2263//2417 2262//2416 
f 2248//2398 2262//2416 2261//2415 
f 2247//2397 2261//2415 2260//2414 
f 2246//2396 2260//2414 2259//2413 
f 2245//2395 2259//2413 2258//2412 
f 2244//2394 2258//2412 2257//2411 
f 2243//2393 2257//2411 2256//2410 
f 2242//2392 2256//2410 2255//2409 
f 2241//2391 2255//2409 2254//2408 
f 2240//2390 2254//2408 2253//2407 
f 2239//2389 2253//2407 2252//2406 
f 2238//2388 2252//2406 2251//2405 
f 2237//2387 2251//2405 2250//2402 
f 2133//2404 2128//2385 2236//2384 
f 2130//2400 2135//2419 2249//2399 
f 2235//2381 2249//2399 2248//2398 
f 2234//2380 2248//2398 2247//2397 
f 2233//2379 2247//2397 2246//2396 
f 2232//2378 2246//2396 2245//2395 
f 2231//2377 2245//2395 2244//2394 
f 2230//2376 2244//2394 2243//2393 
f 2229//2375 2243//2393 2242//2392 
f 2228//2374 2242//2392 2241//2391 
f 2227//2373 2241//2391 2240//2390 
f 2226//2372 2240//2390 2239//2389 
f 2225//2371 2239//2389 2238//2388 
f 2224//2370 2238//2388 2237//2387 
f 2223//2369 2237//2387 2236//2384 
f 2129//2386 2124//2367 2222//2366 
f 2126//2382 2131//2401 2235//2381 
f 2221//2364 2235//2381 2234//2380 
f 2220//2363 2234//2380 2233//2379 
f 2219//2362 2233//2379 2232//2378 
f 2218//2361 2232//2378 2231//2377 
f 2217//2360 2231//2377 2230//2376 
f 2216//2359 2230//2376 2229//2375 
f 2215//2358 2229//2375 2228//2374 
f 2214//2357 2228//2374 2227//2373 
f 2213//2356 2227//2373 2226//2372 
f 2212//2355 2226//2372 2225//2371 
f 2211//2354 2225//2371 2224//2370 
f 2210//2353 2224//2370 2223//2369 
f 2209//2352 2223//2369 2222//2366 
f 2125//2368 2121//2350 2208//2349 
f 2123//2365 2127//2383 2221//2364 
f 2207//2348 2221//2364 2220//2363 
f 2206//2345 2220//2363 2219//2362 
f 2205//2344 2219//2362 2218//2361 
f 2204//2343 2218//2361 2217//2360 
f 2203//2342 2217//2360 2216//2359 
f 2202//2341 2216//2359 2215//2358 
f 2201//2340 2215//2358 2214//2357 
f 2200//2339 2214//2357 2213//2356 
f 2199//2338 2213//2356 2212//2355 
f 2198//2337 2212//2355 2211//2354 
f 2197//2336 2211//2354 2210//2353 
f 2196//2335 2210//2353 2209//2352 
f 2195//2334 2209//2352 2208//2349 
f 2122//2351 2118//2333 2194//2332 
f 2207//2348 2193//2330 2119//2346 
f 2193//2330 2207//2348 2206//2345 
f 2192//2327 2206//2345 2205//2344 
f 2191//2326 2205//2344 2204//2343 
f 2190//2325 2204//2343 2203//2342 
f 2189//2324 2203//2342 2202//2341 
f 2188//2323 2202//2341 2201//2340 
f 2187//2322 2201//2340 2200//2339 
f 2186//2321 2200//2339 2199//2338 
f 2185//2320 2199//2338 2198//2337 
f 2184//2319 2198//2337 2197//2336 
f 2183//2318 2197//2336 2196//2335 
f 2182//2317 2196//2335 2195//2334 
f 2181//2316 2195//2334 2194//2332 
f 2117//2331 2114//2315 2180//2314 
f 2193//2330 2179//2311 2115//2328 
f 2179//2311 2193//2330 2192//2327 
f 2178//2308 2192//2327 2191//2326 
f 2177//2307 2191//2326 2190//2325 
f 2176//2306 2190//2325 2189//2324 
f 2175//2305 2189//2324 2188//2323 
f 2174//2304 2188//2323 2187//2322 
f 2173//2303 2187//2322 2186//2321 
f 2172//2302 2186//2321 2185//2320 
f 2171//2301 2185//2320 2184//2319 
f 2170//2300 2184//2319 2183//2318 
f 2169//2299 2183//2318 2182//2317 
f 2168//2298 2182//2317 2181//2316 
f 2167//2297 2181//2316 2180//2314 
f 2113//2313 2109//2296 2166//2295 
f 2179//2311 2165//2292 2110//2309 
f 2165//2292 2179//2311 2178//2308 
f 2164//2290 2178//2308 2177//2307 
f 2163//2288 2177//2307 2176//2306 
f 2162//2286 2176//2306 2175//2305 
f 2161//2284 2175//2305 2174//2304 
f 2160//2282 2174//2304 2173//2303 
f 2159//2280 2173//2303 2172//2302 
f 2158//2278 2172//2302 2171//2301 
f 2157//2276 2171//2301 2170//2300 
f 2156//2274 2170//2300 2169//2299 
f 2155//2272 2169//2299 2168//2298 
f 2154//2270 2168//2298 2167//2297 
f 2153//2268 2167//2297 2166//2295 
f 2108//2294 2091//2263 2152//2266 
f 2107//2293 2112//2312 2165//2292 
f 2106//2291 2165//2292 2164//2290 
f 2105//2289 2164//2290 2163//2288 
f 2104//2287 2163//2288 2162//2286 
f 2103//2285 2162//2286 2161//2284 
f 2102//2283 2161//2284 2160//2282 
f 2101//2281 2160//2282 2159//2280 
f 2100//2279 2159//2280 2158//2278 
f 2099//2277 2158//2278 2157//2276 
f 2098//2275 2157//2276 2156//2274 
f 2097//2273 2156//2274 2155//2272 
f 2096//2271 2155//2272 2154//2270 
f 2095//2269 2154//2270 2153//2268 
f 2094//2267 2153//2268 2152//2266 
f 2093//2265 2152//2266 2091//2263 
o mesh39
f 2327//2528 2080//2528 2149//2528 
f 2080//2528 2090//2528 2149//2528 
f 2149//2528 2328//2528 2327//2528 
o mesh40
f 2329//2529 2327//2529 2330//2529 
f 2327//2529 2328//2529 2331//2529 
f 2330//2529 2332//2529 2329//2529 
f 2331//2529 2333//2529 2327//2529 
f 2333//2529 2330//2529 2327//2529 
f 2332//2529 2334//2529 2329//2529 
o mesh41
f 2329//2530 2334//2530 2335//2530 
f 2335//2530 2336//2530 2329//2530 
f 2336//2530 2337//2530 2329//2530 
o mesh42
f 2092//2531 2338//2531 2339//2532 
f 2093//2532 2339//2532 2340//2533 
f 2094//2533 2340//2533 2341//2534 
f 2095//2534 2341//2534 2342//2535 
f 2096//2535 2342//2535 2343//2536 
f 2097//2536 2343//2536 2344//2537 
f 2098//2537 2344//2537 2345//2538 
f 2099//2538 2345//2538 2346//2539 
f 2100//2539 2346//2539 2347//2540 
f 2101//2540 2347//2540 2348//2541 
f 2102//2541 2348//2541 2349//2542 
f 2103//2542 2349//2542 2350//2543 
f 2104//2543 2350//2543 2351//2544 
f 2105//2544 2351//2544 2352//2545 
f 2106//2545 2352//2545 2353//2546 
f 2353//2546 2107//2546 2106//2545 
f 2352//2545 2106//2545 2105//2544 
f 2351//2544 2105//2544 2104//2543 
f 2350//2543 2104//2543 2103//2542 
f 2349//2542 2103//2542 2102//2541 
f 2348//2541 2102//2541 2101//2540 
f 2347//2540 2101//2540 2100//2539 
f 2346//2539 2100//2539 2099//2538 
f 2345//2538 2099//2538 2098//2537 
f 2344//2537 2098//2537 2097//2536 
f 2343//2536 2097//2536 2096//2535 
f 2342//2535 2096//2535 2095//2534 
f 2341//2534 2095//2534 2094//2533 
f 2340//2533 2094//2533 2093//2532 
f 2339//2532 2093//2532 2092//2531 
o mesh43
f 2338//2547 2092//2547 2354//2547 
f 2354//2547 2355//2547 2338//2547 
o mesh44
f 2356//2546 2357//2546 2107//2546 
f 2107//2546 2353//2546 2356//2546 
o mesh45
f 2347//2548 2346//2548 2358//2548 
f 2346//2548 2345//2548 2359//2548 
f 2348//2548 2360//2548 2361//2548 
f 2348//2548 2347//2548 2362//2548 
f 2359//2548 2358//2548 2346//2548 
f 2345//2548 2344//2548 2363//2548 
f 2341//2548 2364//2548 2365//2548 
f 2341//2548 2340//2548 2366//2548 
f 2350//2548 2367//2548 2368//2548 
f 2350//2548 2349//2548 2361//2548 
f 2362//2548 2360//2548 2348//2548 
f 2363//2548 2359//2548 2345//2548 
f 2343//2548 2369//2548 2363//2548 
f 2343//2548 2342//2548 2365//2548 
f 2366//2548 2364//2548 2341//2548 
f 2340//2548 2339//2548 2370//2548 
f 2351//2548 2368//2548 2371//2548 
f 2361//2548 2367//2548 2350//2548 
f 2358//2548 2362//2548 2347//2548 
f 2365//2548 2369//2548 2343//2548 
f 2370//2548 2366//2548 2340//2548 
f 2339//2548 2338//2548 2372//2548 
f 2353//2548 2352//2548 2371//2548 
f 2368//2548 2351//2548 2350//2548 
f 2363//2548 2344//2548 2343//2548 
f 2372//2548 2370//2548 2339//2548 
f 2371//2548 2352//2548 2351//2548 
f 2365//2548 2342//2548 2341//2548 
f 2361//2548 2349//2548 2348//2548 
f 2371//2548 2373//2548 2353//2548 
o mesh46
f 2374//2548 2356//2548 2353//2548 
f 2353//2548 2373//2548 2374//2548 
o mesh47
f 2375//2549 2376//2549 2377//2550 
f 2378//2550 2377//2550 2379//2551 
f 2380//2551 2379//2551 2381//2552 
f 2382//2552 2381//2552 2383//2553 
f 2384//2553 2383//2553 2385//2554 
f 2386//2554 2385//2554 2387//2555 
f 2388//2555 2387//2555 2389//2556 
f 2390//2556 2389//2556 2391//2557 
f 2392//2557 2391//2557 2393//2558 
f 2394//2558 2393//2558 2395//2559 
f 2396//2559 2395//2559 2397//2560 
f 2398//2560 2397//2560 2399//2561 
f 2400//2561 2399//2561 2401//2562 
f 2402//2562 2401//2562 2403//2563 
f 2404//2563 2403//2563 2357//2564 
f 2357//2564 2356//2564 2404//2563 
f 2403//2563 2404//2563 2402//2562 
f 2401//2562 2402//2562 2400//2561 
f 2399//2561 2400//2561 2398//2560 
f 2397//2560 2398//2560 2396//2559 
f 2395//2559 2396//2559 2394//2558 
f 2393//2558 2394//2558 2392//2557 
f 2391//2557 2392//2557 2390//2556 
f 2389//2556 2390//2556 2388//2555 
f 2387//2555 2388//2555 2386//2554 
f 2385//2554 2386//2554 2384//2553 
f 2383//2553 2384//2553 2382//2552 
f 2381//2552 2382//2552 2380//2551 
f 2379//2551 2380//2551 2378//2550 
f 2377//2550 2378//2550 2375//2549 
o mesh48
f 2380//2565 2405//2565 2406//2565 
f 2382//2565 2407//2565 2405//2565 
f 2384//2565 2408//2565 2407//2565 
f 2384//2565 2386//2565 2409//2565 
f 2398//2565 2410//2565 2411//2565 
f 2398//2565 2400//2565 2412//2565 
f 2400//2565 2402//2565 2413//2565 
f 2402//2565 2404//2565 2414//2565 
f 2405//2565 2380//2565 2382//2565 
f 2409//2565 2408//2565 2384//2565 
f 2386//2565 2388//2565 2415//2565 
f 2388//2565 2390//2565 2416//2565 
f 2392//2565 2417//2565 2416//2565 
f 2392//2565 2394//2565 2418//2565 
f 2412//2565 2410//2565 2398//2565 
f 2414//2565 2413//2565 2402//2565 
f 2407//2565 2382//2565 2384//2565 
f 2416//2565 2415//2565 2388//2565 
f 2418//2565 2417//2565 2392//2565 
f 2394//2565 2396//2565 2411//2565 
f 2413//2565 2412//2565 2400//2565 
f 2356//2565 2374//2565 2414//2565 
f 2375//2565 2378//2565 2406//2565 
f 2415//2565 2409//2565 2386//2565 
f 2411//2565 2418//2565 2394//2565 
f 2414//2565 2404//2565 2356//2565 
f 2406//2565 2378//2565 2380//2565 
f 2411//2565 2396//2565 2398//2565 
f 2416//2565 2390//2565 2392//2565 
f 2406//2565 2419//2565 2375//2565 
o mesh49
f 2373//2566 2420//2566 2421//2566 
f 2421//2566 2374//2566 2373//2566 
o mesh50
f 2422//2567 2423//2567 2376//2567 
f 2376//2567 2375//2567 2422//2567 
o mesh51
f 2424//2568 2422//2568 2375//2568 
f 2375//2568 2419//2568 2424//2568 
o mesh52
f 2414//2569 2374//2570 2421//2570 
f 2413//2571 2414//2569 2425//2572 
f 2412//2573 2413//2571 2426//2574 
f 2410//2575 2412//2573 2427//2576 
f 2411//2577 2410//2575 2428//2578 
f 2418//2579 2411//2577 2429//2580 
f 2417//2581 2418//2579 2430//2582 
f 2416//2583 2417//2581 2431//2584 
f 2415//2585 2416//2583 2432//2586 
f 2409//2587 2415//2585 2433//2588 
f 2408//2589 2409//2587 2434//2590 
f 2407//2591 2408//2589 2435//2592 
f 2405//2593 2407//2591 2436//2594 
f 2406//2595 2405//2593 2437//2596 
f 2419//2597 2406//2595 2438//2598 
f 2438//2598 2439//2597 2419//2597 
f 2437//2596 2438//2598 2406//2595 
f 2436//2594 2437//2596 2405//2593 
f 2435//2592 2436//2594 2407//2591 
f 2434//2590 2435//2592 2408//2589 
f 2433//2588 2434//2590 2409//2587 
f 2432//2586 2433//2588 2415//2585 
f 2431//2584 2432//2586 2416//2583 
f 2430//2582 2431//2584 2417//2581 
f 2429//2580 2430//2582 2418//2579 
f 2428//2578 2429//2580 2411//2577 
f 2427//2576 2428//2578 2410//2575 
f 2426//2574 2427//2576 2412//2573 
f 2425//2572 2426//2574 2413//2571 
f 2421//2570 2425//2572 2414//2569 
o mesh53
f 2423//2599 2422//2599 2440//2600 
f 2441//2600 2440//2600 2442//2601 
f 2443//2601 2442//2601 2444//2602 
f 2445//2602 2444//2602 2446//2603 
f 2447//2603 2446//2603 2448//2604 
f 2449//2604 2448//2604 2450//2605 
f 2451//2605 2450//2605 2452//2606 
f 2453//2606 2452//2606 2454//2607 
f 2455//2607 2454//2607 2456//2608 
f 2457//2608 2456//2608 2458//2609 
f 2459//2609 2458//2609 2460//2610 
f 2461//2610 2460//2610 2462//2611 
f 2463//2611 2462//2611 2464//2612 
f 2465//2612 2464//2612 2466//2613 
f 2467//2613 2466//2613 2468//2614 
f 2468//2614 2469//2614 2467//2613 
f 2466//2613 2467//2613 2465//2612 
f 2464//2612 2465//2612 2463//2611 
f 2462//2611 2463//2611 2461//2610 
f 2460//2610 2461//2610 2459//2609 
f 2458//2609 2459//2609 2457//2608 
f 2456//2608 2457//2608 2455//2607 
f 2454//2607 2455//2607 2453//2606 
f 2452//2606 2453//2606 2451//2605 
f 2450//2605 2451//2605 2449//2604 
f 2448//2604 2449//2604 2447//2603 
f 2446//2603 2447//2603 2445//2602 
f 2444//2602 2445//2602 2443//2601 
f 2442//2601 2443//2601 2441//2600 
f 2440//2600 2441//2600 2423//2599 
o mesh54
f 2469//2614 2468//2614 2470//2614 
f 2470//2614 2471//2614 2469//2614 
o mesh55
f 2454//2615 2472//2615 2473//2615 
f 2454//2615 2452//2615 2474//2615 
f 2446//2615 2475//2615 2476//2615 
f 2446//2615 2444//2615 2477//2615 
f 2444//2615 2442//2615 2478//2615 
f 2442//2615 2440//2615 2479//2615 
f 2464//2615 2480//2615 2481//2615 
f 2462//2615 2482//2615 2480//2615 
f 2460//2615 2483//2615 2482//2615 
f 2460//2615 2458//2615 2484//2615 
f 2456//2615 2473//2615 2484//2615 
f 2474//2615 2472//2615 2454//2615 
f 2450//2615 2485//2615 2474//2615 
f 2448//2615 2476//2615 2485//2615 
f 2477//2615 2475//2615 2446//2615 
f 2479//2615 2478//2615 2442//2615 
f 2480//2615 2464//2615 2462//2615 
f 2484//2615 2483//2615 2460//2615 
f 2473//2615 2456//2615 2454//2615 
f 2485//2615 2450//2615 2448//2615 
f 2478//2615 2477//2615 2444//2615 
f 2422//2615 2424//2615 2479//2615 
f 2468//2615 2466//2615 2481//2615 
f 2482//2615 2462//2615 2460//2615 
f 2474//2615 2452//2615 2450//2615 
f 2479//2615 2440//2615 2422//2615 
f 2481//2615 2466//2615 2464//2615 
f 2476//2615 2448//2615 2446//2615 
f 2484//2615 2458//2615 2456//2615 
f 2481//2615 2486//2615 2468//2615 
o mesh56
f 2419//2616 2439//2616 2487//2616 
f 2487//2616 2424//2616 2419//2616 
o mesh57
f 2355//2616 2354//2616 2488//2617 
f 2489//2617 2488//2617 2490//2618 
f 2491//2618 2490//2618 2492//2619 
f 2493//2619 2492//2619 2494//2620 
f 2495//2620 2494//2620 2496//2621 
f 2497//2621 2496//2621 2498//2622 
f 2499//2622 2498//2622 2500//2623 
f 2501//2623 2500//2623 2502//2624 
f 2503//2624 2502//2624 2504//2625 
f 2505//2625 2504//2625 2506//2626 
f 2507//2626 2506//2626 2508//2627 
f 2509//2627 2508//2627 2510//2628 
f 2511//2628 2510//2628 2512//2629 
f 2513//2629 2512//2629 2514//2630 
f 2515//2630 2514//2630 2471//2631 
f 2471//2631 2470//2631 2515//2630 
f 2514//2630 2515//2630 2513//2629 
f 2512//2629 2513//2629 2511//2628 
f 2510//2628 2511//2628 2509//2627 
f 2508//2627 2509//2627 2507//2626 
f 2506//2626 2507//2626 2505//2625 
f 2504//2625 2505//2625 2503//2624 
f 2502//2624 2503//2624 2501//2623 
f 2500//2623 2501//2623 2499//2622 
f 2498//2622 2499//2622 2497//2621 
f 2496//2621 2497//2621 2495//2620 
f 2494//2620 2495//2620 2493//2619 
f 2492//2619 2493//2619 2491//2618 
f 2490//2618 2491//2618 2489//2617 
f 2488//2617 2489//2617 2355//2616 
o mesh58
f 2516//2632 2470//2632 2468//2632 
f 2468//2632 2486//2632 2516//2632 
o mesh59
f 2499//2632 2501//2632 2517//2632 
f 2501//2632 2503//2632 2518//2632 
f 2518//2632 2517//2632 2501//2632 
f 2503//2632 2505//2632 2519//2632 
f 2519//2632 2518//2632 2503//2632 
f 2505//2632 2507//2632 2520//2632 
f 2507//2632 2509//2632 2521//2632 
f 2509//2632 2511//2632 2522//2632 
f 2520//2632 2519//2632 2505//2632 
f 2522//2632 2521//2632 2509//2632 
f 2511//2632 2513//2632 2523//2632 
f 2513//2632 2515//2632 2524//2632 
f 2493//2632 2525//2632 2526//2632 
f 2493//2632 2495//2632 2527//2632 
f 2521//2632 2520//2632 2507//2632 
f 2524//2632 2523//2632 2513//2632 
f 2491//2632 2526//2632 2528//2632 
f 2527//2632 2525//2632 2493//2632 
f 2495//2632 2497//2632 2529//2632 
f 2497//2632 2499//2632 2530//2632 
f 2523//2632 2522//2632 2511//2632 
f 2470//2632 2516//2632 2524//2632 
f 2489//2632 2528//2632 2531//2632 
f 2526//2632 2491//2632 2493//2632 
f 2530//2632 2529//2632 2497//2632 
f 2524//2632 2515//2632 2470//2632 
f 2528//2632 2489//2632 2491//2632 
f 2517//2632 2530//2632 2499//2632 
f 2529//2632 2527//2632 2495//2632 
f 2531//2632 2355//2632 2489//2632 
o mesh60
f 2372//2632 2338//2632 2355//2632 
f 2355//2632 2531//2632 2372//2632 
o mesh61
f 2531//2633 2532//2633 2533//2633 
f 2533//2633 2372//2633 2531//2633 
o mesh62
f 2534//2634 2516//2634 2486//2634 
f 2486//2634 2535//2634 2534//2634 
o mesh63
f 2536//2635 2535//2634 2486//2634 
f 2537//2636 2536//2635 2481//2635 
f 2538//2637 2537//2636 2480//2636 
f 2539//2638 2538//2637 2482//2637 
f 2540//2639 2539//2638 2483//2638 
f 2541//2640 2540//2639 2484//2639 
f 2542//2641 2541//2640 2473//2640 
f 2543//2642 2542//2641 2472//2641 
f 2544//2643 2543//2642 2474//2642 
f 2545//2644 2544//2643 2485//2643 
f 2546//2645 2545//2644 2476//2644 
f 2547//2646 2546//2645 2475//2645 
f 2548//2647 2547//2646 2477//2646 
f 2549//2648 2548//2647 2478//2647 
f 2487//2649 2549//2648 2479//2648 
f 2479//2648 2424//2649 2487//2649 
f 2478//2647 2479//2648 2549//2648 
f 2477//2646 2478//2647 2548//2647 
f 2475//2645 2477//2646 2547//2646 
f 2476//2644 2475//2645 2546//2645 
f 2485//2643 2476//2644 2545//2644 
f 2474//2642 2485//2643 2544//2643 
f 2472//2641 2474//2642 2543//2642 
f 2473//2640 2472//2641 2542//2641 
f 2484//2639 2473//2640 2541//2640 
f 2483//2638 2484//2639 2540//2639 
f 2482//2637 2483//2638 2539//2638 
f 2480//2636 2482//2637 2538//2637 
f 2481//2635 2480//2636 2537//2636 
f 2486//2634 2481//2635 2536//2635 
o mesh64
f 2524//2650 2516//2651 2534//2651 
f 2523//2652 2524//2650 2550//2653 
f 2522//2654 2523//2652 2551//2655 
f 2521//2656 2522//2654 2552//2657 
f 2520//2658 2521//2656 2553//2659 
f 2519//2660 2520//2658 2554//2661 
f 2518//2662 2519//2660 2555//2663 
f 2517//2664 2518//2662 2556//2665 
f 2530//2666 2517//2664 2557//2667 
f 2529//2668 2530//2666 2558//2669 
f 2527//2670 2529//2668 2559//2671 
f 2525//2672 2527//2670 2560//2673 
f 2526//2674 2525//2672 2561//2675 
f 2528//2676 2526//2674 2562//2677 
f 2531//2678 2528//2676 2563//2679 
f 2563//2679 2532//2678 2531//2678 
f 2562//2677 2563//2679 2528//2676 
f 2561//2675 2562//2677 2526//2674 
f 2560//2673 2561//2675 2525//2672 
f 2559//2671 2560//2673 2527//2670 
f 2558//2669 2559//2671 2529//2668 
f 2557//2667 2558//2669 2530//2666 
f 2556//2665 2557//2667 2517//2664 
f 2555//2663 2556//2665 2518//2662 
f 2554//2661 2555//2663 2519//2660 
f 2553//2659 2554//2661 2520//2658 
f 2552//2657 2553//2659 2521//2656 
f 2551//2655 2552//2657 2522//2654 
f 2550//2653 2551//2655 2523//2652 
f 2534//2651 2550//2653 2524//2650 
o mesh65
f 2564//2680 2420//2681 2373//2681 
f 2565//2682 2564//2680 2371//2683 
f 2566//2684 2565//2682 2368//2685 
f 2567//2686 2566//2684 2367//2687 
f 2568//2688 2567//2686 2361//2689 
f 2569//2690 2568//2688 2360//2691 
f 2570//2692 2569//2690 2362//2693 
f 2571//2694 2570//2692 2358//2695 
f 2572//2696 2571//2694 2359//2697 
f 2573//2698 2572//2696 2363//2699 
f 2574//2700 2573//2698 2369//2701 
f 2575//2702 2574//2700 2365//2703 
f 2576//2704 2575//2702 2364//2705 
f 2577//2706 2576//2704 2366//2707 
f 2533//2708 2577//2706 2370//2709 
f 2370//2709 2372//2708 2533//2708 
f 2366//2707 2370//2709 2577//2706 
f 2364//2705 2366//2707 2576//2704 
f 2365//2703 2364//2705 2575//2702 
f 2369//2701 2365//2703 2574//2700 
f 2363//2699 2369//2701 2573//2698 
f 2359//2697 2363//2699 2572//2696 
f 2358//2695 2359//2697 2571//2694 
f 2362//2693 2358//2695 2570//2692 
f 2360//2691 2362//2693 2569//2690 
f 2361//2689 2360//2691 2568//2688 
f 2367//2687 2361//2689 2567//2686 
f 2368//2685 2367//2687 2566//2684 
f 2371//2683 2368//2685 2565//2682 
f 2373//2681 2371//2683 2564//2680 
o mesh66
f 2578//2710 2579//2711 2091//2711 
f 2091//2711 2579//2711 2354//2712 
f 2354//2712 2092//2712 2091//2711 
f 2113//2713 2580//2713 2581//2714 
f 2578//2710 2108//2715 2109//2714 
f 2109//2714 2581//2714 2578//2710 
f 2117//2716 2582//2716 2583//2717 
f 2580//2713 2113//2713 2114//2717 
f 2114//2717 2583//2717 2580//2713 
f 2584//2718 2582//2716 2117//2716 
f 2584//2718 2118//2718 2122//2719 
f 2122//2719 2585//2719 2584//2718 
f 2125//2720 2586//2720 2587//2721 
f 2585//2719 2122//2719 2121//2721 
f 2121//2721 2587//2721 2585//2719 
f 2129//2722 2588//2722 2589//2723 
f 2586//2720 2125//2720 2124//2723 
f 2124//2723 2589//2723 2586//2720 
f 2133//2724 2590//2724 2591//2725 
f 2588//2722 2129//2722 2128//2725 
f 2128//2725 2591//2725 2588//2722 
f 2137//2726 2592//2726 2593//2727 
f 2590//2724 2133//2724 2132//2727 
f 2132//2727 2593//2727 2590//2724 
f 2139//2728 2594//2728 2595//2729 
f 2592//2726 2137//2726 2136//2729 
f 2136//2729 2595//2729 2592//2726 
f 2141//2730 2596//2730 2597//2731 
f 2594//2728 2139//2728 2138//2731 
f 2138//2731 2597//2731 2594//2728 
f 2143//2732 2598//2732 2599//2733 
f 2596//2730 2141//2730 2140//2733 
f 2140//2733 2599//2733 2596//2730 
f 2145//2734 2600//2734 2601//2735 
f 2598//2732 2143//2732 2142//2735 
f 2142//2735 2601//2735 2598//2732 
f 2147//2736 2602//2736 2603//2737 
f 2600//2734 2145//2734 2144//2737 
f 2144//2737 2603//2737 2600//2734 
f 2604//2738 2605//2739 2146//2739 
f 2602//2736 2147//2736 2146//2739 
f 2146//2739 2605//2739 2602//2736 
f 2604//2738 2151//2738 2606//2740 
f 2057//2740 2059//2741 2607//2741 
f 2151//2738 2067//2742 2057//2740 
f 2057//2740 2606//2740 2151//2738 
f 2607//2741 2606//2740 2057//2740 
f 2606//2740 2608//2742 2604//2738 
f 2146//2739 2151//2738 2604//2738 
f 2603//2737 2144//2737 2147//2736 
f 2601//2735 2142//2735 2145//2734 
f 2599//2733 2140//2733 2143//2732 
f 2597//2731 2138//2731 2141//2730 
f 2595//2729 2136//2729 2139//2728 
f 2593//2727 2132//2727 2137//2726 
f 2591//2725 2128//2725 2133//2724 
f 2589//2723 2124//2723 2129//2722 
f 2587//2721 2121//2721 2125//2720 
f 2117//2716 2118//2718 2584//2718 
f 2583//2717 2114//2717 2117//2716 
f 2581//2714 2109//2714 2113//2713 
f 2091//2711 2108//2715 2578//2710 
o mesh67
f 2607//2743 2609//2743 2606//2743 
o mesh68
f 2610//2744 2611//2744 2612//2744 
f 2610//2744 2613//2744 2611//2744 
f 2610//2744 2614//2744 2615//2744 
f 2610//2744 2616//2744 2617//2744 
f 2610//2744 2618//2744 2619//2744 
f 2612//2744 2620//2744 2610//2744 
f 2617//2744 2614//2744 2610//2744 
f 2610//2744 2621//2744 2622//2744 
f 2610//2744 2623//2744 2618//2744 
f 2610//2744 2624//2744 2625//2744 
f 2609//2744 2610//2744 2608//2744 
f 2615//2744 2613//2744 2610//2744 
f 2610//2744 2626//2744 2621//2744 
f 2625//2744 2623//2744 2610//2744 
f 2620//2744 2608//2744 2610//2744 
f 2619//2744 2626//2744 2610//2744 
f 2622//2744 2616//2744 2610//2744 
f 2608//2744 2606//2744 2609//2744 
o mesh69
f 2627//2745 2471//2746 2514//2747 
f 2656//2748 2514//2747 2512//2749 
f 2657//2750 2512//2749 2510//2751 
f 2658//2752 2510//2751 2508//2753 
f 2659//2754 2508//2753 2506//2755 
f 2660//2756 2506//2755 2504//2757 
f 2661//2758 2504//2757 2502//2759 
f 2662//2760 2502//2759 2500//2761 
f 2663//2762 2500//2761 2498//2763 
f 2664//2764 2498//2763 2496//2765 
f 2665//2766 2496//2765 2494//2767 
f 2666//2768 2494//2767 2492//2769 
f 2667//2770 2492//2769 2490//2771 
f 2668//2772 2490//2771 2488//2773 
f 2669//2774 2488//2773 2354//2775 
f 2628//2776 2656//2748 2670//2777 
f 2670//2777 2629//2778 2628//2776 
f 2670//2777 2656//2748 2657//2750 
f 2671//2779 2657//2750 2658//2752 
f 2672//2780 2658//2752 2659//2754 
f 2673//2781 2659//2754 2660//2756 
f 2674//2782 2660//2756 2661//2758 
f 2675//2783 2661//2758 2662//2760 
f 2676//2784 2662//2760 2663//2762 
f 2677//2785 2663//2762 2664//2764 
f 2678//2786 2664//2764 2665//2766 
f 2679//2787 2665//2766 2666//2768 
f 2680//2788 2666//2768 2667//2770 
f 2681//2789 2667//2770 2668//2772 
f 2682//2790 2668//2772 2669//2774 
f 2578//2791 2581//2792 2683//2793 
f 2669//2774 2579//2794 2578//2791 
f 2630//2795 2670//2777 2684//2796 
f 2684//2796 2631//2797 2630//2795 
f 2684//2796 2670//2777 2671//2779 
f 2685//2798 2671//2779 2672//2780 
f 2686//2799 2672//2780 2673//2781 
f 2687//2800 2673//2781 2674//2782 
f 2688//2801 2674//2782 2675//2783 
f 2689//2802 2675//2783 2676//2784 
f 2690//2803 2676//2784 2677//2785 
f 2691//2804 2677//2785 2678//2786 
f 2692//2805 2678//2786 2679//2787 
f 2693//2806 2679//2787 2680//2788 
f 2694//2807 2680//2788 2681//2789 
f 2695//2808 2681//2789 2682//2790 
f 2696//2809 2682//2790 2683//2793 
f 2580//2810 2583//2811 2697//2812 
f 2683//2793 2581//2792 2580//2810 
f 2632//2813 2684//2796 2698//2814 
f 2698//2814 2633//2815 2632//2813 
f 2698//2814 2684//2796 2685//2798 
f 2699//2816 2685//2798 2686//2799 
f 2700//2817 2686//2799 2687//2800 
f 2701//2818 2687//2800 2688//2801 
f 2702//2819 2688//2801 2689//2802 
f 2703//2820 2689//2802 2690//2803 
f 2704//2821 2690//2803 2691//2804 
f 2705//2822 2691//2804 2692//2805 
f 2706//2823 2692//2805 2693//2806 
f 2707//2824 2693//2806 2694//2807 
f 2708//2825 2694//2807 2695//2808 
f 2709//2826 2695//2808 2696//2809 
f 2710//2827 2696//2809 2697//2812 
f 2582//2828 2584//2829 2711//2830 
f 2697//2812 2583//2811 2582//2828 
f 2712//2831 2634//2832 2635//2833 
f 2635//2833 2698//2814 2712//2831 
f 2712//2831 2698//2814 2699//2816 
f 2713//2834 2699//2816 2700//2817 
f 2714//2835 2700//2817 2701//2818 
f 2715//2836 2701//2818 2702//2819 
f 2716//2837 2702//2819 2703//2820 
f 2717//2838 2703//2820 2704//2821 
f 2718//2839 2704//2821 2705//2822 
f 2719//2840 2705//2822 2706//2823 
f 2720//2841 2706//2823 2707//2824 
f 2721//2842 2707//2824 2708//2825 
f 2722//2843 2708//2825 2709//2826 
f 2723//2844 2709//2826 2710//2827 
f 2724//2845 2710//2827 2711//2830 
f 2725//2846 2711//2830 2585//2847 
f 2711//2830 2584//2829 2585//2847 
f 2726//2848 2636//2849 2637//2850 
f 2637//2850 2712//2831 2726//2848 
f 2726//2848 2712//2831 2713//2834 
f 2727//2851 2713//2834 2714//2835 
f 2728//2852 2714//2835 2715//2836 
f 2729//2853 2715//2836 2716//2837 
f 2730//2854 2716//2837 2717//2838 
f 2731//2855 2717//2838 2718//2839 
f 2732//2856 2718//2839 2719//2840 
f 2733//2857 2719//2840 2720//2841 
f 2734//2858 2720//2841 2721//2842 
f 2735//2859 2721//2842 2722//2843 
f 2736//2860 2722//2843 2723//2844 
f 2737//2861 2723//2844 2724//2845 
f 2738//2862 2724//2845 2725//2846 
f 2739//2863 2725//2846 2586//2864 
f 2725//2846 2587//2865 2586//2864 
f 2740//2866 2638//2867 2639//2868 
f 2639//2868 2726//2848 2740//2866 
f 2740//2866 2726//2848 2727//2851 
f 2741//2869 2727//2851 2728//2852 
f 2742//2870 2728//2852 2729//2853 
f 2743//2871 2729//2853 2730//2854 
f 2744//2872 2730//2854 2731//2855 
f 2745//2873 2731//2855 2732//2856 
f 2746//2874 2732//2856 2733//2857 
f 2747//2875 2733//2857 2734//2858 
f 2748//2876 2734//2858 2735//2859 
f 2749//2877 2735//2859 2736//2860 
f 2750//2878 2736//2860 2737//2861 
f 2751//2879 2737//2861 2738//2862 
f 2752//2880 2738//2862 2739//2863 
f 2753//2881 2739//2863 2588//2882 
f 2739//2863 2589//2883 2588//2882 
f 2754//2884 2640//2885 2641//2886 
f 2641//2886 2740//2866 2754//2884 
f 2754//2884 2740//2866 2741//2869 
f 2755//2887 2741//2869 2742//2870 
f 2756//2888 2742//2870 2743//2871 
f 2757//2889 2743//2871 2744//2872 
f 2758//2890 2744//2872 2745//2873 
f 2759//2891 2745//2873 2746//2874 
f 2760//2892 2746//2874 2747//2875 
f 2761//2893 2747//2875 2748//2876 
f 2762//2894 2748//2876 2749//2877 
f 2763//2895 2749//2877 2750//2878 
f 2764//2896 2750//2878 2751//2879 
f 2765//2897 2751//2879 2752//2880 
f 2766//2898 2752//2880 2753//2881 
f 2767//2899 2753//2881 2590//2900 
f 2753//2881 2591//2901 2590//2900 
f 2768//2902 2754//2884 2755//2887 
f 2769//2903 2755//2887 2756//2888 
f 2770//2904 2756//2888 2757//2889 
f 2771//2905 2757//2889 2758//2890 
f 2772//2906 2758//2890 2759//2891 
f 2773//2907 2759//2891 2760//2892 
f 2774//2908 2760//2892 2761//2893 
f 2775//2909 2761//2893 2762//2894 
f 2776//2910 2762//2894 2763//2895 
f 2777//2911 2763//2895 2764//2896 
f 2778//2912 2764//2896 2765//2897 
f 2779//2913 2765//2897 2766//2898 
f 2780//2914 2766//2898 2767//2899 
f 2781//2915 2767//2899 2592//2916 
f 2767//2899 2593//2917 2592//2916 
f 2782//2918 2769//2903 2770//2904 
f 2783//2919 2770//2904 2771//2905 
f 2784//2920 2771//2905 2772//2906 
f 2785//2921 2772//2906 2773//2907 
f 2786//2922 2773//2907 2774//2908 
f 2787//2923 2774//2908 2775//2909 
f 2788//2924 2775//2909 2776//2910 
f 2789//2925 2776//2910 2777//2911 
f 2790//2926 2777//2911 2778//2912 
f 2791//2927 2778//2912 2779//2913 
f 2792//2928 2779//2913 2780//2914 
f 2793//2929 2780//2914 2781//2915 
f 2794//2930 2781//2915 2594//2931 
f 2781//2915 2595//2932 2594//2931 
f 2795//2933 2784//2920 2785//2921 
f 2796//2934 2785//2921 2786//2922 
f 2797//2935 2786//2922 2787//2923 
f 2798//2936 2787//2923 2788//2924 
f 2799//2937 2788//2924 2789//2925 
f 2800//2938 2789//2925 2790//2926 
f 2801//2939 2790//2926 2791//2927 
f 2802//2940 2791//2927 2792//2928 
f 2803//2941 2792//2928 2793//2929 
f 2804//2942 2793//2929 2794//2930 
f 2805//2943 2794//2930 2596//2944 
f 2794//2930 2597//2945 2596//2944 
f 2806//2946 2797//2935 2798//2936 
f 2807//2947 2798//2936 2799//2937 
f 2808//2948 2799//2937 2800//2938 
f 2809//2949 2800//2938 2801//2939 
f 2810//2950 2801//2939 2802//2940 
f 2811//2951 2802//2940 2803//2941 
f 2812//2952 2803//2941 2804//2942 
f 2813//2953 2804//2942 2805//2943 
f 2814//2954 2805//2943 2598//2955 
f 2805//2943 2599//2956 2598//2955 
f 2815//2957 2807//2947 2808//2948 
f 2816//2958 2808//2948 2809//2949 
f 2817//2959 2809//2949 2810//2950 
f 2818//2960 2810//2950 2811//2951 
f 2819//2961 2811//2951 2812//2952 
f 2820//2962 2812//2952 2813//2953 
f 2821//2963 2813//2953 2814//2954 
f 2822//2964 2814//2954 2600//2965 
f 2814//2954 2601//2966 2600//2965 
f 2823//2967 2815//2957 2816//2958 
f 2824//2968 2816//2958 2817//2959 
f 2825//2969 2817//2959 2818//2960 
f 2826//2970 2818//2960 2819//2961 
f 2827//2971 2819//2961 2820//2962 
f 2828//2972 2820//2962 2821//2963 
f 2829//2973 2821//2963 2822//2964 
f 2830//2974 2822//2964 2602//2975 
f 2822//2964 2603//2976 2602//2975 
f 2796//2934 2642//2977 2643//2978 
f 2795//2933 2643//2978 2644//2979 
f 2784//2920 2645//2980 2646//2981 
f 2784//2920 2795//2933 2645//2980 
f 2783//2919 2647//2982 2648//2983 
f 2783//2919 2646//2981 2647//2982 
f 2769//2903 2782//2918 2649//2984 
f 2649//2984 2650//2985 2769//2903 
f 2768//2902 2650//2985 2651//2986 
f 2652//2987 2754//2884 2653//2988 
f 2653//2988 2654//2989 2652//2987 
f 2754//2884 2768//2902 2655//2990 
f 2655//2990 2653//2988 2754//2884 
f 2620//2991 2830//2974 2604//2992 
f 2830//2974 2605//2993 2604//2992 
f 2830//2974 2620//2991 2612//2994 
f 2829//2973 2612//2994 2611//2995 
f 2828//2972 2611//2995 2613//2996 
f 2827//2971 2613//2996 2615//2997 
f 2826//2970 2615//2997 2614//2998 
f 2825//2969 2614//2998 2617//2999 
f 2824//2968 2616//3000 2622//3001 
f 2824//2968 2617//2999 2616//3000 
f 2823//2967 2621//3002 2626//3003 
f 2626//3003 2815//2957 2823//2967 
f 2807//2947 2815//2957 2618//3004 
f 2815//2957 2619//3005 2618//3004 
f 2806//2946 2618//3004 2623//3006 
f 2797//2935 2624//3007 2642//2977 
f 2806//2946 2625//3008 2624//3007 
f 2624//3007 2797//2935 2806//2946 
f 2642//2977 2796//2934 2797//2935 
f 2623//3006 2625//3008 2806//2946 
f 2618//3004 2806//2946 2807//2947 
f 2626//3003 2619//3005 2815//2957 
f 2621//3002 2823//2967 2622//3001 
f 2622//3001 2823//2967 2824//2968 
f 2617//2999 2824//2968 2825//2969 
f 2614//2998 2825//2969 2826//2970 
f 2615//2997 2826//2970 2827//2971 
f 2613//2996 2827//2971 2828//2972 
f 2611//2995 2828//2972 2829//2973 
f 2612//2994 2829//2973 2830//2974 
f 2604//2992 2608//3009 2620//2991 
f 2652//2987 2640//2885 2754//2884 
f 2651//2986 2655//2990 2768//2902 
f 2650//2985 2768//2902 2769//2903 
f 2649//2984 2782//2918 2648//2983 
f 2648//2983 2782//2918 2783//2919 
f 2646//2981 2783//2919 2784//2920 
f 2644//2979 2645//2980 2795//2933 
f 2643//2978 2795//2933 2796//2934 
f 2602//2975 2605//2993 2830//2974 
f 2822//2964 2830//2974 2829//2973 
f 2821//2963 2829//2973 2828//2972 
f 2820//2962 2828//2972 2827//2971 
f 2819//2961 2827//2971 2826//2970 
f 2818//2960 2826//2970 2825//2969 
f 2817//2959 2825//2969 2824//2968 
f 2816//2958 2824//2968 2823//2967 
f 2600//2965 2603//2976 2822//2964 
f 2814//2954 2822//2964 2821//2963 
f 2813//2953 2821//2963 2820//2962 
f 2812//2952 2820//2962 2819//2961 
f 2811//2951 2819//2961 2818//2960 
f 2810//2950 2818//2960 2817//2959 
f 2809//2949 2817//2959 2816//2958 
f 2808//2948 2816//2958 2815//2957 
f 2598//2955 2601//2966 2814//2954 
f 2805//2943 2814//2954 2813//2953 
f 2804//2942 2813//2953 2812//2952 
f 2803//2941 2812//2952 2811//2951 
f 2802//2940 2811//2951 2810//2950 
f 2801//2939 2810//2950 2809//2949 
f 2800//2938 2809//2949 2808//2948 
f 2799//2937 2808//2948 2807//2947 
f 2798//2936 2807//2947 2806//2946 
f 2596//2944 2599//2956 2805//2943 
f 2794//2930 2805//2943 2804//2942 
f 2793//2929 2804//2942 2803//2941 
f 2792//2928 2803//2941 2802//2940 
f 2791//2927 2802//2940 2801//2939 
f 2790//2926 2801//2939 2800//2938 
f 2789//2925 2800//2938 2799//2937 
f 2788//2924 2799//2937 2798//2936 
f 2787//2923 2798//2936 2797//2935 
f 2786//2922 2797//2935 2796//2934 
f 2785//2921 2796//2934 2795//2933 
f 2594//2931 2597//2945 2794//2930 
f 2781//2915 2794//2930 2793//2929 
f 2780//2914 2793//2929 2792//2928 
f 2779//2913 2792//2928 2791//2927 
f 2778//2912 2791//2927 2790//2926 
f 2777//2911 2790//2926 2789//2925 
f 2776//2910 2789//2925 2788//2924 
f 2775//2909 2788//2924 2787//2923 
f 2774//2908 2787//2923 2786//2922 
f 2773//2907 2786//2922 2785//2921 
f 2772//2906 2785//2921 2784//2920 
f 2771//2905 2784//2920 2783//2919 
f 2770//2904 2783//2919 2782//2918 
f 2592//2916 2595//2932 2781//2915 
f 2767//2899 2781//2915 2780//2914 
f 2766//2898 2780//2914 2779//2913 
f 2765//2897 2779//2913 2778//2912 
f 2764//2896 2778//2912 2777//2911 
f 2763//2895 2777//2911 2776//2910 
f 2762//2894 2776//2910 2775//2909 
f 2761//2893 2775//2909 2774//2908 
f 2760//2892 2774//2908 2773//2907 
f 2759//2891 2773//2907 2772//2906 
f 2758//2890 2772//2906 2771//2905 
f 2757//2889 2771//2905 2770//2904 
f 2756//2888 2770//2904 2769//2903 
f 2755//2887 2769//2903 2768//2902 
f 2590//2900 2593//2917 2767//2899 
f 2753//2881 2767//2899 2766//2898 
f 2752//2880 2766//2898 2765//2897 
f 2751//2879 2765//2897 2764//2896 
f 2750//2878 2764//2896 2763//2895 
f 2749//2877 2763//2895 2762//2894 
f 2748//2876 2762//2894 2761//2893 
f 2747//2875 2761//2893 2760//2892 
f 2746//2874 2760//2892 2759//2891 
f 2745//2873 2759//2891 2758//2890 
f 2744//2872 2758//2890 2757//2889 
f 2743//2871 2757//2889 2756//2888 
f 2742//2870 2756//2888 2755//2887 
f 2741//2869 2755//2887 2754//2884 
f 2641//2886 2638//2867 2740//2866 
f 2588//2882 2591//2901 2753//2881 
f 2739//2863 2753//2881 2752//2880 
f 2738//2862 2752//2880 2751//2879 
f 2737//2861 2751//2879 2750//2878 
f 2736//2860 2750//2878 2749//2877 
f 2735//2859 2749//2877 2748//2876 
f 2734//2858 2748//2876 2747//2875 
f 2733//2857 2747//2875 2746//2874 
f 2732//2856 2746//2874 2745//2873 
f 2731//2855 2745//2873 2744//2872 
f 2730//2854 2744//2872 2743//2871 
f 2729//2853 2743//2871 2742//2870 
f 2728//2852 2742//2870 2741//2869 
f 2727//2851 2741//2869 2740//2866 
f 2639//2868 2636//2849 2726//2848 
f 2586//2864 2589//2883 2739//2863 
f 2725//2846 2739//2863 2738//2862 
f 2724//2845 2738//2862 2737//2861 
f 2723//2844 2737//2861 2736//2860 
f 2722//2843 2736//2860 2735//2859 
f 2721//2842 2735//2859 2734//2858 
f 2720//2841 2734//2858 2733//2857 
f 2719//2840 2733//2857 2732//2856 
f 2718//2839 2732//2856 2731//2855 
f 2717//2838 2731//2855 2730//2854 
f 2716//2837 2730//2854 2729//2853 
f 2715//2836 2729//2853 2728//2852 
f 2714//2835 2728//2852 2727//2851 
f 2713//2834 2727//2851 2726//2848 
f 2637//2850 2634//2832 2712//2831 
f 2585//2847 2587//2865 2725//2846 
f 2711//2830 2725//2846 2724//2845 
f 2710//2827 2724//2845 2723//2844 
f 2709//2826 2723//2844 2722//2843 
f 2708//2825 2722//2843 2721//2842 
f 2707//2824 2721//2842 2720//2841 
f 2706//2823 2720//2841 2719//2840 
f 2705//2822 2719//2840 2718//2839 
f 2704//2821 2718//2839 2717//2838 
f 2703//2820 2717//2838 2716//2837 
f 2702//2819 2716//2837 2715//2836 
f 2701//2818 2715//2836 2714//2835 
f 2700//2817 2714//2835 2713//2834 
f 2699//2816 2713//2834 2712//2831 
f 2635//2833 2633//2815 2698//2814 
f 2711//2830 2697//2812 2582//2828 
f 2697//2812 2711//2830 2710//2827 
f 2696//2809 2710//2827 2709//2826 
f 2695//2808 2709//2826 2708//2825 
f 2694//2807 2708//2825 2707//2824 
f 2693//2806 2707//2824 2706//2823 
f 2692//2805 2706//2823 2705//2822 
f 2691//2804 2705//2822 2704//2821 
f 2690//2803 2704//2821 2703//2820 
f 2689//2802 2703//2820 2702//2819 
f 2688//2801 2702//2819 2701//2818 
f 2687//2800 2701//2818 2700//2817 
f 2686//2799 2700//2817 2699//2816 
f 2685//2798 2699//2816 2698//2814 
f 2632//2813 2631//2797 2684//2796 
f 2697//2812 2683//2793 2580//2810 
f 2683//2793 2697//2812 2696//2809 
f 2682//2790 2696//2809 2695//2808 
f 2681//2789 2695//2808 2694//2807 
f 2680//2788 2694//2807 2693//2806 
f 2679//2787 2693//2806 2692//2805 
f 2678//2786 2692//2805 2691//2804 
f 2677//2785 2691//2804 2690//2803 
f 2676//2784 2690//2803 2689//2802 
f 2675//2783 2689//2802 2688//2801 
f 2674//2782 2688//2801 2687//2800 
f 2673//2781 2687//2800 2686//2799 
f 2672//2780 2686//2799 2685//2798 
f 2671//2779 2685//2798 2684//2796 
f 2630//2795 2629//2778 2670//2777 
f 2683//2793 2669//2774 2578//2791 
f 2669//2774 2683//2793 2682//2790 
f 2668//2772 2682//2790 2681//2789 
f 2667//2770 2681//2789 2680//2788 
f 2666//2768 2680//2788 2679//2787 
f 2665//2766 2679//2787 2678//2786 
f 2664//2764 2678//2786 2677//2785 
f 2663//2762 2677//2785 2676//2784 
f 2662//2760 2676//2784 2675//2783 
f 2661//2758 2675//2783 2674//2782 
f 2660//2756 2674//2782 2673//2781 
f 2659//2754 2673//2781 2672//2780 
f 2658//2752 2672//2780 2671//2779 
f 2657//2750 2671//2779 2670//2777 
f 2628//2776 2627//2745 2656//2748 
f 2354//2775 2579//2794 2669//2774 
f 2488//2773 2669//2774 2668//2772 
f 2490//2771 2668//2772 2667//2770 
f 2492//2769 2667//2770 2666//2768 
f 2494//2767 2666//2768 2665//2766 
f 2496//2765 2665//2766 2664//2764 
f 2498//2763 2664//2764 2663//2762 
f 2500//2761 2663//2762 2662//2760 
f 2502//2759 2662//2760 2661//2758 
f 2504//2757 2661//2758 2660//2756 
f 2506//2755 2660//2756 2659//2754 
f 2508//2753 2659//2754 2658//2752 
f 2510//2751 2658//2752 2657//2750 
f 2512//2749 2657//2750 2656//2748 
f 2514//2747 2656//2748 2627//2745 
o mesh70
f 2610//3010 2831//3010 2644//3010 
f 2644//3010 2643//3010 2610//3010 
f 2831//3010 2646//3010 2645//3010 
f 2643//3010 2642//3010 2610//3010 
f 2831//3010 2647//3010 2646//3010 
f 2831//3010 2649//3010 2648//3010 
f 2831//3010 2651//3010 2650//3010 
f 2645//3010 2644//3010 2831//3010 
f 2650//3010 2649//3010 2831//3010 
f 2648//3010 2647//3010 2831//3010 
f 2831//3010 2653//3010 2655//3010 
f 2655//3010 2651//3010 2831//3010 
f 2642//3010 2624//3010 2610//3010 
o mesh71
f 2832//3011 2833//3011 2654//3011 
f 2654//3011 2831//3011 2832//3011 
f 2654//3011 2653//3011 2831//3011 
o mesh72
f 2832//3012 2834//3012 2835//3012 
f 2836//3012 2837//3012 2838//3012 
f 2832//3012 2838//3012 2834//3012 
f 2836//3012 2839//3012 2837//3012 
f 2838//3012 2832//3012 2836//3012 
f 2835//3012 2833//3012 2832//3012 
o mesh73
f 2836//3013 2840//3013 2841//3013 
f 2836//3013 2842//3013 2840//3013 
f 2841//3013 2839//3013 2836//3013 
o mesh74
f 2469//3014 2471//3014 2627//3015 
f 2627//3015 2843//3016 2469//3014 
f 2843//3016 2628//3017 2629//3018 
f 2629//3018 2844//3019 2843//3016 
f 2844//3019 2630//3020 2631//3021 
f 2631//3021 2845//3022 2844//3019 
f 2845//3022 2632//3023 2633//3024 
f 2633//3024 2846//3025 2845//3022 
f 2846//3025 2635//3026 2634//3027 
f 2634//3027 2847//3028 2846//3025 
f 2847//3028 2637//3029 2636//3030 
f 2636//3030 2848//3031 2847//3028 
f 2848//3031 2639//3032 2638//3033 
f 2638//3033 2849//3034 2848//3031 
f 2849//3034 2641//3035 2640//3036 
f 2640//3036 2850//3037 2849//3034 
f 2850//3037 2652//3038 2851//3039 
f 2851//3039 2833//3039 2835//3040 
f 2652//3038 2654//3039 2833//3039 
f 2833//3039 2851//3039 2652//3038 
f 2835//3040 2852//3040 2851//3039 
f 2835//3040 2834//3041 2853//3041 
f 2834//3041 2838//3042 2854//3042 
f 2838//3042 2837//3043 2855//3043 
f 2856//3044 2857//3045 2840//3045 
f 2840//3045 2857//3045 2858//3046 
f 2837//3043 2839//3047 2859//3047 
f 2841//3046 2858//3046 2859//3047 
f 2859//3047 2839//3047 2841//3046 
f 2859//3047 2855//3043 2837//3043 
f 2858//3046 2841//3046 2840//3045 
f 2840//3045 2842//3048 2856//3044 
f 2855//3043 2854//3042 2838//3042 
f 2854//3042 2853//3041 2834//3041 
f 2853//3041 2852//3040 2835//3040 
f 2851//3039 2860//3049 2850//3037 
f 2640//3036 2652//3038 2850//3037 
f 2638//3033 2641//3035 2849//3034 
f 2636//3030 2639//3032 2848//3031 
f 2634//3027 2637//3029 2847//3028 
f 2633//3024 2635//3026 2846//3025 
f 2631//3021 2632//3023 2845//3022 
f 2629//3018 2630//3020 2844//3019 
f 2627//3015 2628//3017 2843//3016 
o mesh75
f 2861//3050 2862//3050 2854//3050 
f 2862//3050 2851//3050 2852//3050 
f 2854//3050 2855//3050 2861//3050 
f 2852//3050 2853//3050 2862//3050 
f 2853//3050 2854//3050 2862//3050 
f 2855//3050 2859//3050 2861//3050 
o mesh76
f 2861//3051 2859//3051 2858//3051 
f 2858//3051 2857//3051 2861//3051 
f 2857//3051 2856//3051 2861//3051 
o mesh77
f 2862//3052 2863//3052 2860//3052 
f 2863//3052 2864//3052 2860//3052 
f 2860//3052 2851//3052 2862//3052 
o mesh78
f 2467//3053 2469//3052 2843//3054 
f 2895//3055 2843//3054 2844//3056 
f 2896//3057 2844//3056 2845//3058 
f 2897//3059 2845//3058 2846//3060 
f 2898//3061 2846//3060 2847//3062 
f 2899//3063 2847//3062 2848//3064 
f 2900//3065 2848//3064 2849//3066 
f 2901//3067 2849//3066 2850//3068 
f 2465//3069 2467//3053 2895//3055 
f 2902//3070 2895//3055 2896//3057 
f 2903//3071 2896//3057 2897//3059 
f 2904//3072 2897//3059 2898//3061 
f 2905//3073 2898//3061 2899//3063 
f 2906//3074 2899//3063 2900//3065 
f 2907//3075 2900//3065 2901//3067 
f 2908//3076 2901//3067 2909//3077 
f 2910//3078 2909//3077 2911//3079 
f 2912//3080 2911//3079 2913//3081 
f 2914//3082 2915//3083 2865//3084 
f 2463//3085 2465//3069 2902//3070 
f 2916//3086 2902//3070 2903//3071 
f 2917//3087 2903//3071 2904//3072 
f 2918//3088 2904//3072 2905//3073 
f 2919//3089 2905//3073 2906//3074 
f 2920//3090 2906//3074 2907//3075 
f 2921//3091 2907//3075 2908//3076 
f 2922//3092 2908//3076 2910//3078 
f 2923//3093 2910//3078 2912//3080 
f 2924//3094 2912//3080 2925//3095 
f 2926//3096 2925//3095 2927//3097 
f 2928//3098 2927//3097 2929//3099 
f 2930//3100 2929//3099 2931//3101 
f 2932//3102 2931//3101 2914//3082 
f 2933//3103 2914//3082 2866//3104 
f 2461//3105 2463//3085 2916//3086 
f 2934//3106 2916//3086 2917//3087 
f 2935//3107 2917//3087 2918//3088 
f 2936//3108 2918//3088 2919//3089 
f 2937//3109 2919//3089 2920//3090 
f 2938//3110 2920//3090 2921//3091 
f 2939//3111 2921//3091 2922//3092 
f 2940//3112 2922//3092 2923//3093 
f 2941//3113 2923//3093 2924//3094 
f 2942//3114 2924//3094 2926//3096 
f 2943//3115 2926//3096 2928//3098 
f 2944//3116 2928//3098 2930//3100 
f 2945//3117 2930//3100 2932//3102 
f 2946//3118 2932//3102 2933//3103 
f 2947//3119 2933//3103 2867//3120 
f 2459//3121 2461//3105 2934//3106 
f 2948//3122 2934//3106 2935//3107 
f 2949//3123 2935//3107 2936//3108 
f 2950//3124 2936//3108 2937//3109 
f 2951//3125 2937//3109 2938//3110 
f 2952//3126 2938//3110 2939//3111 
f 2953//3127 2939//3111 2940//3112 
f 2954//3128 2940//3112 2941//3113 
f 2955//3129 2941//3113 2942//3114 
f 2956//3130 2942//3114 2943//3115 
f 2957//3131 2943//3115 2944//3116 
f 2958//3132 2944//3116 2945//3117 
f 2959//3133 2945//3117 2946//3118 
f 2960//3134 2946//3118 2947//3119 
f 2961//3135 2947//3119 2868//3136 
f 2457//3137 2459//3121 2948//3122 
f 2962//3138 2948//3122 2949//3123 
f 2963//3139 2949//3123 2950//3124 
f 2964//3140 2950//3124 2951//3125 
f 2965//3141 2951//3125 2952//3126 
f 2966//3142 2952//3126 2953//3127 
f 2967//3143 2953//3127 2954//3128 
f 2968//3144 2954//3128 2955//3129 
f 2969//3145 2955//3129 2956//3130 
f 2970//3146 2956//3130 2957//3131 
f 2971//3147 2957//3131 2958//3132 
f 2972//3148 2958//3132 2959//3133 
f 2973//3149 2959//3133 2960//3134 
f 2974//3150 2960//3134 2961//3135 
f 2975//3151 2961//3135 2869//3152 
f 2455//3153 2457//3137 2962//3138 
f 2976//3154 2962//3138 2963//3139 
f 2977//3155 2963//3139 2964//3140 
f 2978//3156 2964//3140 2965//3141 
f 2979//3157 2965//3141 2966//3142 
f 2980//3158 2966//3142 2967//3143 
f 2981//3159 2967//3143 2968//3144 
f 2982//3160 2968//3144 2969//3145 
f 2983//3161 2969//3145 2970//3146 
f 2984//3162 2970//3146 2971//3147 
f 2985//3163 2971//3147 2972//3148 
f 2986//3164 2972//3148 2973//3149 
f 2987//3165 2973//3149 2974//3150 
f 2988//3166 2974//3150 2975//3151 
f 2989//3167 2975//3151 2870//3168 
f 2453//3169 2455//3153 2976//3154 
f 2990//3170 2976//3154 2977//3155 
f 2991//3171 2977//3155 2978//3156 
f 2992//3172 2978//3156 2979//3157 
f 2993//3173 2979//3157 2980//3158 
f 2994//3174 2980//3158 2981//3159 
f 2995//3175 2981//3159 2982//3160 
f 2996//3176 2982//3160 2983//3161 
f 2997//3177 2983//3161 2984//3162 
f 2998//3178 2984//3162 2985//3163 
f 2999//3179 2985//3163 2986//3164 
f 3000//3180 2986//3164 2987//3165 
f 3001//3181 2987//3165 2988//3166 
f 3002//3182 2988//3166 2989//3167 
f 3003//3183 2989//3167 2871//3184 
f 2451//3185 2453//3169 2990//3170 
f 3004//3186 2990//3170 2991//3171 
f 3005//3187 2991//3171 2992//3172 
f 3006//3188 2992//3172 2993//3173 
f 3007//3189 2993//3173 2994//3174 
f 3008//3190 2994//3174 2995//3175 
f 3009//3191 2995//3175 2996//3176 
f 3010//3192 2996//3176 2997//3177 
f 3011//3193 2997//3177 2998//3178 
f 3012//3194 2998//3178 2999//3179 
f 3013//3195 2999//3179 3000//3180 
f 3014//3196 3000//3180 3001//3181 
f 3015//3197 3001//3181 3002//3182 
f 3016//3198 3002//3182 3003//3183 
f 3017//3199 3003//3183 2872//3200 
f 2449//3201 2451//3185 3004//3186 
f 3018//3202 3004//3186 3005//3187 
f 3019//3203 3005//3187 3006//3188 
f 3020//3204 3006//3188 3007//3189 
f 3021//3205 3007//3189 3008//3190 
f 3022//3206 3008//3190 3009//3191 
f 3023//3207 3009//3191 3010//3192 
f 3024//3208 3010//3192 3011//3193 
f 3025//3209 3011//3193 3012//3194 
f 3026//3210 3012//3194 3013//3195 
f 3027//3211 3013//3195 3014//3196 
f 3028//3212 3014//3196 3015//3197 
f 3029//3213 3015//3197 3016//3198 
f 3030//3214 3016//3198 3017//3199 
f 3031//3215 3017//3199 2873//3216 
f 2447//3217 2449//3201 3018//3202 
f 3032//3218 3018//3202 3019//3203 
f 3033//3219 3019//3203 3020//3204 
f 3034//3220 3020//3204 3021//3205 
f 3035//3221 3021//3205 3022//3206 
f 3036//3222 3022//3206 3023//3207 
f 3037//3223 3023//3207 3024//3208 
f 3038//3224 3024//3208 3025//3209 
f 3039//3225 3025//3209 3026//3210 
f 3040//3226 3026//3210 3027//3211 
f 3041//3227 3027//3211 3028//3212 
f 3042//3228 3028//3212 3029//3213 
f 3043//3229 3029//3213 3030//3214 
f 3044//3230 3030//3214 3031//3215 
f 3045//3231 3031//3215 2874//3232 
f 2445//3233 2447//3217 3032//3218 
f 3046//3234 3032//3218 3033//3219 
f 3047//3235 3033//3219 3034//3220 
f 3048//3236 3034//3220 3035//3221 
f 3049//3237 3035//3221 3036//3222 
f 3050//3238 3036//3222 3037//3223 
f 3051//3239 3037//3223 3038//3224 
f 3052//3240 3038//3224 3039//3225 
f 3053//3241 3039//3225 3040//3226 
f 3054//3242 3040//3226 3041//3227 
f 3055//3243 3041//3227 3042//3228 
f 3056//3244 3042//3228 3043//3229 
f 3057//3245 3043//3229 3044//3230 
f 3058//3246 3044//3230 3045//3231 
f 3059//3247 3045//3231 2875//3248 
f 2443//3249 2445//3233 3046//3234 
f 3060//3250 3046//3234 3047//3235 
f 3061//3251 3047//3235 3048//3236 
f 3062//3252 3048//3236 3049//3237 
f 3063//3253 3049//3237 3050//3238 
f 3064//3254 3050//3238 3051//3239 
f 3065//3255 3051//3239 3052//3240 
f 3066//3256 3052//3240 3053//3241 
f 3067//3257 3053//3241 3054//3242 
f 3068//3258 3054//3242 3055//3243 
f 3069//3259 3055//3243 3056//3244 
f 3070//3260 3056//3244 3057//3245 
f 3071//3261 3057//3245 3058//3246 
f 3072//3262 3058//3246 3059//3247 
f 3073//3263 3059//3247 2876//3264 
f 2441//3265 2443//3249 3060//3250 
f 3074//3266 3060//3250 3061//3251 
f 3075//3267 3061//3251 3062//3252 
f 3076//3268 3062//3252 3063//3253 
f 3077//3269 3063//3253 3064//3254 
f 3078//3270 3064//3254 3065//3255 
f 3079//3271 3065//3255 3066//3256 
f 3080//3272 3066//3256 3067//3257 
f 3081//3273 3067//3257 3068//3258 
f 3082//3274 3068//3258 3069//3259 
f 3083//3275 3069//3259 3070//3260 
f 3084//3276 3070//3260 3071//3261 
f 3085//3277 3071//3261 3072//3262 
f 3086//3278 3072//3262 3073//3263 
f 3087//3279 3073//3263 2877//3280 
f 2909//3077 2864//3281 2878//3282 
f 2850//3068 2860//3283 2864//3281 
f 2864//3281 2909//3077 2850//3068 
f 2911//3079 2879//3284 2880//3285 
f 2911//3079 2878//3282 2879//3284 
f 2913//3081 2880//3285 2881//3286 
f 2925//3095 2882//3287 2883//3288 
f 2925//3095 2913//3081 2882//3287 
f 2927//3097 2884//3289 2885//3290 
f 2927//3097 2883//3288 2884//3289 
f 2931//3101 2929//3099 2886//3291 
f 2886//3291 2887//3292 2931//3101 
f 2929//3099 2885//3290 2886//3291 
f 2914//3082 2888//3293 2889//3294 
f 2914//3082 2931//3101 2890//3295 
f 2890//3295 2888//3293 2914//3082 
f 2915//3083 2891//3296 2892//3297 
f 2892//3297 2865//3084 2915//3083 
f 2892//3297 2893//3298 2865//3084 
f 2891//3296 2915//3083 2889//3294 
f 2889//3294 2915//3083 2914//3082 
f 2887//3292 2890//3295 2931//3101 
f 2885//3290 2929//3099 2927//3097 
f 2883//3288 2927//3097 2925//3095 
f 2881//3286 2882//3287 2913//3081 
f 2880//3285 2913//3081 2911//3079 
f 2878//3282 2911//3079 2909//3077 
f 2423//3299 3087//3279 2894//3300 
f 2423//3299 3086//3278 3087//3279 
f 2423//3299 3085//3277 3086//3278 
f 2423//3299 3084//3276 3085//3277 
f 2423//3299 3083//3275 3084//3276 
f 2423//3299 3082//3274 3083//3275 
f 2423//3299 3081//3273 3082//3274 
f 2423//3299 3080//3272 3081//3273 
f 2423//3299 3079//3271 3080//3272 
f 2423//3299 3078//3270 3079//3271 
f 2423//3299 3077//3269 3078//3270 
f 2423//3299 3076//3268 3077//3269 
f 2423//3299 3075//3267 3076//3268 
f 2423//3299 3074//3266 3075//3267 
f 2423//3299 2441//3265 3074//3266 
f 2877//3280 2894//3300 3087//3279 
f 3073//3263 3087//3279 3086//3278 
f 3072//3262 3086//3278 3085//3277 
f 3071//3261 3085//3277 3084//3276 
f 3070//3260 3084//3276 3083//3275 
f 3069//3259 3083//3275 3082//3274 
f 3068//3258 3082//3274 3081//3273 
f 3067//3257 3081//3273 3080//3272 
f 3066//3256 3080//3272 3079//3271 
f 3065//3255 3079//3271 3078//3270 
f 3064//3254 3078//3270 3077//3269 
f 3063//3253 3077//3269 3076//3268 
f 3062//3252 3076//3268 3075//3267 
f 3061//3251 3075//3267 3074//3266 
f 3060//3250 3074//3266 2441//3265 
f 2876//3264 2877//3280 3073//3263 
f 3059//3247 3073//3263 3072//3262 
f 3058//3246 3072//3262 3071//3261 
f 3057//3245 3071//3261 3070//3260 
f 3056//3244 3070//3260 3069//3259 
f 3055//3243 3069//3259 3068//3258 
f 3054//3242 3068//3258 3067//3257 
f 3053//3241 3067//3257 3066//3256 
f 3052//3240 3066//3256 3065//3255 
f 3051//3239 3065//3255 3064//3254 
f 3050//3238 3064//3254 3063//3253 
f 3049//3237 3063//3253 3062//3252 
f 3048//3236 3062//3252 3061//3251 
f 3047//3235 3061//3251 3060//3250 
f 3046//3234 3060//3250 2443//3249 
f 2875//3248 2876//3264 3059//3247 
f 3045//3231 3059//3247 3058//3246 
f 3044//3230 3058//3246 3057//3245 
f 3043//3229 3057//3245 3056//3244 
f 3042//3228 3056//3244 3055//3243 
f 3041//3227 3055//3243 3054//3242 
f 3040//3226 3054//3242 3053//3241 
f 3039//3225 3053//3241 3052//3240 
f 3038//3224 3052//3240 3051//3239 
f 3037//3223 3051//3239 3050//3238 
f 3036//3222 3050//3238 3049//3237 
f 3035//3221 3049//3237 3048//3236 
f 3034//3220 3048//3236 3047//3235 
f 3033//3219 3047//3235 3046//3234 
f 3032//3218 3046//3234 2445//3233 
f 2874//3232 2875//3248 3045//3231 
f 3031//3215 3045//3231 3044//3230 
f 3030//3214 3044//3230 3043//3229 
f 3029//3213 3043//3229 3042//3228 
f 3028//3212 3042//3228 3041//3227 
f 3027//3211 3041//3227 3040//3226 
f 3026//3210 3040//3226 3039//3225 
f 3025//3209 3039//3225 3038//3224 
f 3024//3208 3038//3224 3037//3223 
f 3023//3207 3037//3223 3036//3222 
f 3022//3206 3036//3222 3035//3221 
f 3021//3205 3035//3221 3034//3220 
f 3020//3204 3034//3220 3033//3219 
f 3019//3203 3033//3219 3032//3218 
f 3018//3202 3032//3218 2447//3217 
f 2873//3216 2874//3232 3031//3215 
f 3017//3199 3031//3215 3030//3214 
f 3016//3198 3030//3214 3029//3213 
f 3015//3197 3029//3213 3028//3212 
f 3014//3196 3028//3212 3027//3211 
f 3013//3195 3027//3211 3026//3210 
f 3012//3194 3026//3210 3025//3209 
f 3011//3193 3025//3209 3024//3208 
f 3010//3192 3024//3208 3023//3207 
f 3009//3191 3023//3207 3022//3206 
f 3008//3190 3022//3206 3021//3205 
f 3007//3189 3021//3205 3020//3204 
f 3006//3188 3020//3204 3019//3203 
f 3005//3187 3019//3203 3018//3202 
f 3004//3186 3018//3202 2449//3201 
f 2872//3200 2873//3216 3017//3199 
f 3003//3183 3017//3199 3016//3198 
f 3002//3182 3016//3198 3015//3197 
f 3001//3181 3015//3197 3014//3196 
f 3000//3180 3014//3196 3013//3195 
f 2999//3179 3013//3195 3012//3194 
f 2998//3178 3012//3194 3011//3193 
f 2997//3177 3011//3193 3010//3192 
f 2996//3176 3010//3192 3009//3191 
f 2995//3175 3009//3191 3008//3190 
f 2994//3174 3008//3190 3007//3189 
f 2993//3173 3007//3189 3006//3188 
f 2992//3172 3006//3188 3005//3187 
f 2991//3171 3005//3187 3004//3186 
f 2990//3170 3004//3186 2451//3185 
f 2871//3184 2872//3200 3003//3183 
f 2989//3167 3003//3183 3002//3182 
f 2988//3166 3002//3182 3001//3181 
f 2987//3165 3001//3181 3000//3180 
f 2986//3164 3000//3180 2999//3179 
f 2985//3163 2999//3179 2998//3178 
f 2984//3162 2998//3178 2997//3177 
f 2983//3161 2997//3177 2996//3176 
f 2982//3160 2996//3176 2995//3175 
f 2981//3159 2995//3175 2994//3174 
f 2980//3158 2994//3174 2993//3173 
f 2979//3157 2993//3173 2992//3172 
f 2978//3156 2992//3172 2991//3171 
f 2977//3155 2991//3171 2990//3170 
f 2976//3154 2990//3170 2453//3169 
f 2870//3168 2871//3184 2989//3167 
f 2975//3151 2989//3167 2988//3166 
f 2974//3150 2988//3166 2987//3165 
f 2973//3149 2987//3165 2986//3164 
f 2972//3148 2986//3164 2985//3163 
f 2971//3147 2985//3163 2984//3162 
f 2970//3146 2984//3162 2983//3161 
f 2969//3145 2983//3161 2982//3160 
f 2968//3144 2982//3160 2981//3159 
f 2967//3143 2981//3159 2980//3158 
f 2966//3142 2980//3158 2979//3157 
f 2965//3141 2979//3157 2978//3156 
f 2964//3140 2978//3156 2977//3155 
f 2963//3139 2977//3155 2976//3154 
f 2962//3138 2976//3154 2455//3153 
f 2869//3152 2870//3168 2975//3151 
f 2961//3135 2975//3151 2974//3150 
f 2960//3134 2974//3150 2973//3149 
f 2959//3133 2973//3149 2972//3148 
f 2958//3132 2972//3148 2971//3147 
f 2957//3131 2971//3147 2970//3146 
f 2956//3130 2970//3146 2969//3145 
f 2955//3129 2969//3145 2968//3144 
f 2954//3128 2968//3144 2967//3143 
f 2953//3127 2967//3143 2966//3142 
f 2952//3126 2966//3142 2965//3141 
f 2951//3125 2965//3141 2964//3140 
f 2950//3124 2964//3140 2963//3139 
f 2949//3123 2963//3139 2962//3138 
f 2948//3122 2962//3138 2457//3137 
f 2868//3136 2869//3152 2961//3135 
f 2947//3119 2961//3135 2960//3134 
f 2946//3118 2960//3134 2959//3133 
f 2945//3117 2959//3133 2958//3132 
f 2944//3116 2958//3132 2957//3131 
f 2943//3115 2957//3131 2956//3130 
f 2942//3114 2956//3130 2955//3129 
f 2941//3113 2955//3129 2954//3128 
f 2940//3112 2954//3128 2953//3127 
f 2939//3111 2953//3127 2952//3126 
f 2938//3110 2952//3126 2951//3125 
f 2937//3109 2951//3125 2950//3124 
f 2936//3108 2950//3124 2949//3123 
f 2935//3107 2949//3123 2948//3122 
f 2934//3106 2948//3122 2459//3121 
f 2867//3120 2868//3136 2947//3119 
f 2933//3103 2947//3119 2946//3118 
f 2932//3102 2946//3118 2945//3117 
f 2930//3100 2945//3117 2944//3116 
f 2928//3098 2944//3116 2943//3115 
f 2926//3096 2943//3115 2942//3114 
f 2924//3094 2942//3114 2941//3113 
f 2923//3093 2941//3113 2940//3112 
f 2922//3092 2940//3112 2939//3111 
f 2921//3091 2939//3111 2938//3110 
f 2920//3090 2938//3110 2937//3109 
f 2919//3089 2937//3109 2936//3108 
f 2918//3088 2936//3108 2935//3107 
f 2917//3087 2935//3107 2934//3106 
f 2916//3086 2934//3106 2461//3105 
f 2866//3104 2867//3120 2933//3103 
f 2914//3082 2933//3103 2932//3102 
f 2931//3101 2932//3102 2930//3100 
f 2929//3099 2930//3100 2928//3098 
f 2927//3097 2928//3098 2926//3096 
f 2925//3095 2926//3096 2924//3094 
f 2912//3080 2924//3094 2923//3093 
f 2910//3078 2923//3093 2922//3092 
f 2908//3076 2922//3092 2921//3091 
f 2907//3075 2921//3091 2920//3090 
f 2906//3074 2920//3090 2919//3089 
f 2905//3073 2919//3089 2918//3088 
f 2904//3072 2918//3088 2917//3087 
f 2903//3071 2917//3087 2916//3086 
f 2902//3070 2916//3086 2463//3085 
f 2865//3084 2866//3104 2914//3082 
f 2913//3081 2925//3095 2912//3080 
f 2911//3079 2912//3080 2910//3078 
f 2909//3077 2910//3078 2908//3076 
f 2901//3067 2908//3076 2907//3075 
f 2900//3065 2907//3075 2906//3074 
f 2899//3063 2906//3074 2905//3073 
f 2898//3061 2905//3073 2904//3072 
f 2897//3059 2904//3072 2903//3071 
f 2896//3057 2903//3071 2902//3070 
f 2895//3055 2902//3070 2465//3069 
f 2850//3068 2909//3077 2901//3067 
f 2849//3066 2901//3067 2900//3065 
f 2848//3064 2900//3065 2899//3063 
f 2847//3062 2899//3063 2898//3061 
f 2846//3060 2898//3061 2897//3059 
f 2845//3058 2897//3059 2896//3057 
f 2844//3056 2896//3057 2895//3055 
f 2843//3054 2895//3055 2467//3053 
o mesh79
f 2863//3301 2883//3301 2882//3301 
f 3088//3301 2885//3301 2884//3301 
f 2863//3301 2879//3301 2878//3301 
f 2863//3301 2881//3301 2880//3301 
f 2863//3301 2884//3301 2883//3301 
f 3088//3301 2886//3301 2885//3301 
f 2880//3301 2879//3301 2863//3301 
f 2884//3301 2863//3301 3088//3301 
f 2882//3301 2881//3301 2863//3301 
f 2878//3301 2864//3301 2863//3301 
o mesh80
f 3088//3302 2892//3302 2891//3302 
f 3088//3302 2888//3302 2890//3302 
f 2891//3302 2889//3302 3088//3302 
f 2889//3302 2888//3302 3088//3302 
f 3088//3302 3089//3302 2893//3302 
f 2890//3302 2887//3302 3088//3302 
f 3089//3302 3090//3302 2893//3302 
f 2893//3302 2892//3302 3088//3302 
f 2887//3302 2886//3302 3088//3302 
o mesh81
f 3090//3303 3089//3303 3091//3303 
o mesh82
f 2894//3304 3092//3305 3093//3306 
f 3093//3306 2423//3307 2894//3304 
f 2877//3308 3094//3309 3095//3310 
f 3095//3310 2894//3304 2877//3308 
f 2876//3311 3096//3312 3097//3313 
f 3097//3313 2877//3308 2876//3311 
f 2875//3314 3098//3315 3099//3316 
f 3099//3316 2876//3311 2875//3314 
f 2874//3317 3100//3318 3101//3319 
f 3101//3319 2875//3314 2874//3317 
f 2873//3320 3102//3321 3103//3322 
f 3103//3322 2874//3317 2873//3320 
f 2872//3323 3104//3324 3105//3325 
f 3105//3325 2873//3320 2872//3323 
f 2871//3326 3106//3327 3107//3328 
f 3107//3328 2872//3323 2871//3326 
f 2870//3329 3108//3330 3109//3331 
f 3109//3331 2871//3326 2870//3329 
f 2869//3332 3110//3333 3111//3334 
f 3111//3334 2870//3329 2869//3332 
f 2868//3335 3112//3336 3113//3337 
f 3113//3337 2869//3332 2868//3335 
f 2867//3338 3114//3339 3115//3340 
f 3115//3340 2868//3335 2867//3338 
f 2866//3341 3116//3342 3117//3343 
f 3117//3343 2867//3338 2866//3341 
f 2865//3344 3118//3345 3119//3346 
f 3119//3346 2866//3341 2865//3344 
f 3118//3345 3090//3347 3120//3348 
f 3090//3347 3091//3349 3121//3349 
f 3121//3349 3120//3348 3090//3347 
f 2865//3344 2893//3350 3090//3347 
f 3090//3347 3118//3345 2865//3344 
f 3120//3348 3122//3351 3118//3345 
f 3119//3346 3116//3342 2866//3341 
f 3117//3343 3114//3339 2867//3338 
f 3115//3340 3112//3336 2868//3335 
f 3113//3337 3110//3333 2869//3332 
f 3111//3334 3108//3330 2870//3329 
f 3109//3331 3106//3327 2871//3326 
f 3107//3328 3104//3324 2872//3323 
f 3105//3325 3102//3321 2873//3320 
f 3103//3322 3100//3318 2874//3317 
f 3101//3319 3098//3315 2875//3314 
f 3099//3316 3096//3312 2876//3311 
f 3097//3313 3094//3309 2877//3308 
f 3095//3310 3092//3305 2894//3304 
f 3093//3306 2376//3352 2423//3307 
o mesh83
f 3121//3353 3123//3353 3120//3353 
o mesh84
f 3124//3354 3125//3354 3126//3354 
f 3124//3354 3127//3354 3128//3354 
f 3126//3354 3129//3354 3124//3354 
f 3128//3354 3130//3354 3124//3354 
f 3124//3354 3131//3354 3132//3354 
f 3124//3354 3133//3354 3134//3354 
f 3130//3354 3125//3354 3124//3354 
f 3124//3354 3135//3354 3136//3354 
f 3124//3354 3137//3354 3131//3354 
f 3124//3354 3138//3354 3139//3354 
f 3123//3354 3124//3354 3122//3354 
f 3129//3354 3133//3354 3124//3354 
f 3124//3354 3140//3354 3135//3354 
f 3139//3354 3137//3354 3124//3354 
f 3134//3354 3122//3354 3124//3354 
f 3132//3354 3140//3354 3124//3354 
f 3136//3354 3127//3354 3124//3354 
f 3122//3354 3120//3354 3123//3354 
o mesh85
f 3141//3355 2357//3356 2403//3357 
f 3170//3358 2403//3357 2401//3359 
f 3171//3360 2401//3359 2399//3361 
f 3172//3362 2399//3361 2397//3363 
f 3173//3364 2397//3363 2395//3365 
f 3174//3366 2395//3365 2393//3367 
f 3175//3368 2393//3367 2391//3369 
f 3176//3370 2391//3369 2389//3371 
f 3177//3372 2389//3371 2387//3373 
f 3178//3374 2387//3373 2385//3375 
f 3179//3376 2385//3375 2383//3377 
f 3180//3378 2383//3377 2381//3379 
f 3181//3380 2381//3379 2379//3381 
f 3182//3382 2379//3381 2377//3383 
f 3183//3384 2377//3383 2376//3385 
f 3142//3386 3170//3358 3184//3387 
f 3184//3387 3143//3388 3142//3386 
f 3184//3387 3170//3358 3171//3360 
f 3185//3389 3171//3360 3172//3362 
f 3186//3390 3172//3362 3173//3364 
f 3187//3391 3173//3364 3174//3366 
f 3188//3392 3174//3366 3175//3368 
f 3189//3393 3175//3368 3176//3370 
f 3190//3394 3176//3370 3177//3372 
f 3191//3395 3177//3372 3178//3374 
f 3192//3396 3178//3374 3179//3376 
f 3193//3397 3179//3376 3180//3378 
f 3194//3398 3180//3378 3181//3380 
f 3195//3399 3181//3380 3182//3382 
f 3196//3400 3182//3382 3183//3384 
f 3092//3401 3095//3402 3197//3403 
f 3183//3384 3093//3404 3092//3401 
f 3144//3405 3184//3387 3198//3406 
f 3198//3406 3145//3407 3144//3405 
f 3198//3406 3184//3387 3185//3389 
f 3199//3408 3185//3389 3186//3390 
f 3200//3409 3186//3390 3187//3391 
f 3201//3410 3187//3391 3188//3392 
f 3202//3411 3188//3392 3189//3393 
f 3203//3412 3189//3393 3190//3394 
f 3204//3413 3190//3394 3191//3395 
f 3205//3414 3191//3395 3192//3396 
f 3206//3415 3192//3396 3193//3397 
f 3207//3416 3193//3397 3194//3398 
f 3208//3417 3194//3398 3195//3399 
f 3209//3418 3195//3399 3196//3400 
f 3210//3419 3196//3400 3197//3403 
f 3094//3420 3097//3421 3211//3422 
f 3197//3403 3095//3402 3094//3420 
f 3212//3423 3146//3424 3147//3425 
f 3147//3425 3198//3406 3212//3423 
f 3212//3423 3198//3406 3199//3408 
f 3213//3426 3199//3408 3200//3409 
f 3214//3427 3200//3409 3201//3410 
f 3215//3428 3201//3410 3202//3411 
f 3216//3429 3202//3411 3203//3412 
f 3217//3430 3203//3412 3204//3413 
f 3218//3431 3204//3413 3205//3414 
f 3219//3432 3205//3414 3206//3415 
f 3220//3433 3206//3415 3207//3416 
f 3221//3434 3207//3416 3208//3417 
f 3222//3435 3208//3417 3209//3418 
f 3223//3436 3209//3418 3210//3419 
f 3224//3437 3210//3419 3211//3422 
f 3225//3438 3211//3422 3096//3439 
f 3211//3422 3097//3421 3096//3439 
f 3226//3440 3148//3441 3149//3442 
f 3149//3442 3212//3423 3226//3440 
f 3226//3440 3212//3423 3213//3426 
f 3227//3443 3213//3426 3214//3427 
f 3228//3444 3214//3427 3215//3428 
f 3229//3445 3215//3428 3216//3429 
f 3230//3446 3216//3429 3217//3430 
f 3231//3447 3217//3430 3218//3431 
f 3232//3448 3218//3431 3219//3432 
f 3233//3449 3219//3432 3220//3433 
f 3234//3450 3220//3433 3221//3434 
f 3235//3451 3221//3434 3222//3435 
f 3236//3452 3222//3435 3223//3436 
f 3237//3453 3223//3436 3224//3437 
f 3238//3454 3224//3437 3225//3438 
f 3239//3455 3225//3438 3098//3456 
f 3225//3438 3099//3457 3098//3456 
f 3240//3458 3150//3459 3151//3460 
f 3151//3460 3226//3440 3240//3458 
f 3240//3458 3226//3440 3227//3443 
f 3241//3461 3227//3443 3228//3444 
f 3242//3462 3228//3444 3229//3445 
f 3243//3463 3229//3445 3230//3446 
f 3244//3464 3230//3446 3231//3447 
f 3245//3465 3231//3447 3232//3448 
f 3246//3466 3232//3448 3233//3449 
f 3247//3467 3233//3449 3234//3450 
f 3248//3468 3234//3450 3235//3451 
f 3249//3469 3235//3451 3236//3452 
f 3250//3470 3236//3452 3237//3453 
f 3251//3471 3237//3453 3238//3454 
f 3252//3472 3238//3454 3239//3455 
f 3253//3473 3239//3455 3100//3474 
f 3239//3455 3101//3475 3100//3474 
f 3254//3476 3152//3477 3153//3478 
f 3153//3478 3240//3458 3254//3476 
f 3254//3476 3240//3458 3241//3461 
f 3255//3479 3241//3461 3242//3462 
f 3256//3480 3242//3462 3243//3463 
f 3257//3481 3243//3463 3244//3464 
f 3258//3482 3244//3464 3245//3465 
f 3259//3483 3245//3465 3246//3466 
f 3260//3484 3246//3466 3247//3467 
f 3261//3485 3247//3467 3248//3468 
f 3262//3486 3248//3468 3249//3469 
f 3263//3487 3249//3469 3250//3470 
f 3264//3488 3250//3470 3251//3471 
f 3265//3489 3251//3471 3252//3472 
f 3266//3490 3252//3472 3253//3473 
f 3267//3491 3253//3473 3102//3492 
f 3253//3473 3103//3493 3102//3492 
f 3268//3494 3154//3495 3155//3496 
f 3155//3496 3254//3476 3268//3494 
f 3268//3494 3254//3476 3255//3479 
f 3269//3497 3255//3479 3256//3480 
f 3270//3498 3256//3480 3257//3481 
f 3271//3499 3257//3481 3258//3482 
f 3272//3500 3258//3482 3259//3483 
f 3273//3501 3259//3483 3260//3484 
f 3274//3502 3260//3484 3261//3485 
f 3275//3503 3261//3485 3262//3486 
f 3276//3504 3262//3486 3263//3487 
f 3277//3505 3263//3487 3264//3488 
f 3278//3506 3264//3488 3265//3489 
f 3279//3507 3265//3489 3266//3490 
f 3280//3508 3266//3490 3267//3491 
f 3281//3509 3267//3491 3104//3510 
f 3267//3491 3105//3511 3104//3510 
f 3282//3512 3268//3494 3269//3497 
f 3283//3513 3269//3497 3270//3498 
f 3284//3514 3270//3498 3271//3499 
f 3285//3515 3271//3499 3272//3500 
f 3286//3516 3272//3500 3273//3501 
f 3287//3517 3273//3501 3274//3502 
f 3288//3518 3274//3502 3275//3503 
f 3289//3519 3275//3503 3276//3504 
f 3290//3520 3276//3504 3277//3505 
f 3291//3521 3277//3505 3278//3506 
f 3292//3522 3278//3506 3279//3507 
f 3293//3523 3279//3507 3280//3508 
f 3294//3524 3280//3508 3281//3509 
f 3295//3525 3281//3509 3106//3526 
f 3281//3509 3107//3527 3106//3526 
f 3296//3528 3283//3513 3284//3514 
f 3297//3529 3284//3514 3285//3515 
f 3298//3530 3285//3515 3286//3516 
f 3299//3531 3286//3516 3287//3517 
f 3300//3532 3287//3517 3288//3518 
f 3301//3533 3288//3518 3289//3519 
f 3302//3534 3289//3519 3290//3520 
f 3303//3535 3290//3520 3291//3521 
f 3304//3536 3291//3521 3292//3522 
f 3305//3537 3292//3522 3293//3523 
f 3306//3538 3293//3523 3294//3524 
f 3307//3539 3294//3524 3295//3525 
f 3308//3540 3295//3525 3108//3541 
f 3295//3525 3109//3542 3108//3541 
f 3309//3543 3298//3530 3299//3531 
f 3310//3544 3299//3531 3300//3532 
f 3311//3545 3300//3532 3301//3533 
f 3312//3546 3301//3533 3302//3534 
f 3313//3547 3302//3534 3303//3535 
f 3314//3548 3303//3535 3304//3536 
f 3315//3549 3304//3536 3305//3537 
f 3316//3550 3305//3537 3306//3538 
f 3317//3551 3306//3538 3307//3539 
f 3318//3552 3307//3539 3308//3540 
f 3319//3553 3308//3540 3110//3554 
f 3308//3540 3111//3555 3110//3554 
f 3320//3556 3311//3545 3312//3546 
f 3321//3557 3312//3546 3313//3547 
f 3322//3558 3313//3547 3314//3548 
f 3323//3559 3314//3548 3315//3549 
f 3324//3560 3315//3549 3316//3550 
f 3325//3561 3316//3550 3317//3551 
f 3326//3562 3317//3551 3318//3552 
f 3327//3563 3318//3552 3319//3553 
f 3328//3564 3319//3553 3112//3565 
f 3319//3553 3113//3566 3112//3565 
f 3329//3567 3320//3556 3321//3557 
f 3330//3568 3321//3557 3322//3558 
f 3331//3569 3322//3558 3323//3559 
f 3332//3570 3323//3559 3324//3560 
f 3333//3571 3324//3560 3325//3561 
f 3334//3572 3325//3561 3326//3562 
f 3335//3573 3326//3562 3327//3563 
f 3336//3574 3327//3563 3328//3564 
f 3337//3575 3328//3564 3114//3576 
f 3328//3564 3115//3577 3114//3576 
f 3338//3578 3330//3568 3331//3569 
f 3339//3579 3331//3569 3332//3570 
f 3340//3580 3332//3570 3333//3571 
f 3341//3581 3333//3571 3334//3572 
f 3342//3582 3334//3572 3335//3573 
f 3343//3583 3335//3573 3336//3574 
f 3344//3584 3336//3574 3337//3575 
f 3345//3585 3337//3575 3116//3586 
f 3337//3575 3117//3587 3116//3586 
f 3134//3588 3345//3585 3118//3589 
f 3345//3585 3119//3590 3118//3589 
f 3345//3585 3134//3588 3133//3591 
f 3344//3584 3133//3591 3129//3592 
f 3343//3583 3129//3592 3126//3593 
f 3342//3582 3126//3593 3125//3594 
f 3341//3581 3125//3594 3130//3595 
f 3340//3580 3130//3595 3128//3596 
f 3339//3579 3127//3597 3136//3598 
f 3339//3579 3128//3596 3127//3597 
f 3140//3599 3132//3600 3329//3567 
f 3338//3578 3135//3601 3140//3599 
f 3140//3599 3330//3568 3338//3578 
f 3320//3556 3329//3567 3137//3602 
f 3329//3567 3131//3603 3137//3602 
f 3311//3545 3138//3604 3156//3605 
f 3320//3556 3139//3606 3138//3604 
f 3138//3604 3311//3545 3320//3556 
f 3310//3544 3156//3605 3157//3607 
f 3309//3543 3157//3607 3158//3608 
f 3298//3530 3159//3609 3160//3610 
f 3298//3530 3309//3543 3159//3609 
f 3297//3529 3160//3610 3161//3611 
f 3296//3528 3161//3611 3162//3612 
f 3283//3513 3296//3528 3163//3613 
f 3163//3613 3164//3614 3283//3513 
f 3282//3512 3164//3614 3165//3615 
f 3166//3616 3268//3494 3167//3617 
f 3167//3617 3168//3618 3166//3616 
f 3268//3494 3282//3512 3169//3619 
f 3169//3619 3167//3617 3268//3494 
f 3166//3616 3154//3495 3268//3494 
f 3165//3615 3169//3619 3282//3512 
f 3164//3614 3282//3512 3283//3513 
f 3162//3612 3163//3613 3296//3528 
f 3161//3611 3296//3528 3297//3529 
f 3160//3610 3297//3529 3298//3530 
f 3158//3608 3159//3609 3309//3543 
f 3157//3607 3309//3543 3310//3544 
f 3156//3605 3310//3544 3311//3545 
f 3137//3602 3139//3606 3320//3556 
f 3131//3603 3329//3567 3132//3600 
f 3329//3567 3330//3568 3140//3599 
f 3135//3601 3338//3578 3136//3598 
f 3136//3598 3338//3578 3339//3579 
f 3128//3596 3339//3579 3340//3580 
f 3130//3595 3340//3580 3341//3581 
f 3125//3594 3341//3581 3342//3582 
f 3126//3593 3342//3582 3343//3583 
f 3129//3592 3343//3583 3344//3584 
f 3133//3591 3344//3584 3345//3585 
f 3118//3589 3122//3620 3134//3588 
f 3116//3586 3119//3590 3345//3585 
f 3337//3575 3345//3585 3344//3584 
f 3336//3574 3344//3584 3343//3583 
f 3335//3573 3343//3583 3342//3582 
f 3334//3572 3342//3582 3341//3581 
f 3333//3571 3341//3581 3340//3580 
f 3332//3570 3340//3580 3339//3579 
f 3331//3569 3339//3579 3338//3578 
f 3114//3576 3117//3587 3337//3575 
f 3328//3564 3337//3575 3336//3574 
f 3327//3563 3336//3574 3335//3573 
f 3326//3562 3335//3573 3334//3572 
f 3325//3561 3334//3572 3333//3571 
f 3324//3560 3333//3571 3332//3570 
f 3323//3559 3332//3570 3331//3569 
f 3322//3558 3331//3569 3330//3568 
f 3321//3557 3330//3568 3329//3567 
f 3112//3565 3115//3577 3328//3564 
f 3319//3553 3328//3564 3327//3563 
f 3318//3552 3327//3563 3326//3562 
f 3317//3551 3326//3562 3325//3561 
f 3316//3550 3325//3561 3324//3560 
f 3315//3549 3324//3560 3323//3559 
f 3314//3548 3323//3559 3322//3558 
f 3313//3547 3322//3558 3321//3557 
f 3312//3546 3321//3557 3320//3556 
f 3110//3554 3113//3566 3319//3553 
f 3308//3540 3319//3553 3318//3552 
f 3307//3539 3318//3552 3317//3551 
f 3306//3538 3317//3551 3316//3550 
f 3305//3537 3316//3550 3315//3549 
f 3304//3536 3315//3549 3314//3548 
f 3303//3535 3314//3548 3313//3547 
f 3302//3534 3313//3547 3312//3546 
f 3301//3533 3312//3546 3311//3545 
f 3300//3532 3311//3545 3310//3544 
f 3299//3531 3310//3544 3309//3543 
f 3108//3541 3111//3555 3308//3540 
f 3295//3525 3308//3540 3307//3539 
f 3294//3524 3307//3539 3306//3538 
f 3293//3523 3306//3538 3305//3537 
f 3292//3522 3305//3537 3304//3536 
f 3291//3521 3304//3536 3303//3535 
f 3290//3520 3303//3535 3302//3534 
f 3289//3519 3302//3534 3301//3533 
f 3288//3518 3301//3533 3300//3532 
f 3287//3517 3300//3532 3299//3531 
f 3286//3516 3299//3531 3298//3530 
f 3285//3515 3298//3530 3297//3529 
f 3284//3514 3297//3529 3296//3528 
f 3106//3526 3109//3542 3295//3525 
f 3281//3509 3295//3525 3294//3524 
f 3280//3508 3294//3524 3293//3523 
f 3279//3507 3293//3523 3292//3522 
f 3278//3506 3292//3522 3291//3521 
f 3277//3505 3291//3521 3290//3520 
f 3276//3504 3290//3520 3289//3519 
f 3275//3503 3289//3519 3288//3518 
f 3274//3502 3288//3518 3287//3517 
f 3273//3501 3287//3517 3286//3516 
f 3272//3500 3286//3516 3285//3515 
f 3271//3499 3285//3515 3284//3514 
f 3270//3498 3284//3514 3283//3513 
f 3269//3497 3283//3513 3282//3512 
f 3104//3510 3107//3527 3281//3509 
f 3267//3491 3281//3509 3280//3508 
f 3266//3490 3280//3508 3279//3507 
f 3265//3489 3279//3507 3278//3506 
f 3264//3488 3278//3506 3277//3505 
f 3263//3487 3277//3505 3276//3504 
f 3262//3486 3276//3504 3275//3503 
f 3261//3485 3275//3503 3274//3502 
f 3260//3484 3274//3502 3273//3501 
f 3259//3483 3273//3501 3272//3500 
f 3258//3482 3272//3500 3271//3499 
f 3257//3481 3271//3499 3270//3498 
f 3256//3480 3270//3498 3269//3497 
f 3255//3479 3269//3497 3268//3494 
f 3155//3496 3152//3477 3254//3476 
f 3102//3492 3105//3511 3267//3491 
f 3253//3473 3267//3491 3266//3490 
f 3252//3472 3266//3490 3265//3489 
f 3251//3471 3265//3489 3264//3488 
f 3250//3470 3264//3488 3263//3487 
f 3249//3469 3263//3487 3262//3486 
f 3248//3468 3262//3486 3261//3485 
f 3247//3467 3261//3485 3260//3484 
f 3246//3466 3260//3484 3259//3483 
f 3245//3465 3259//3483 3258//3482 
f 3244//3464 3258//3482 3257//3481 
f 3243//3463 3257//3481 3256//3480 
f 3242//3462 3256//3480 3255//3479 
f 3241//3461 3255//3479 3254//3476 
f 3153//3478 3150//3459 3240//3458 
f 3100//3474 3103//3493 3253//3473 
f 3239//3455 3253//3473 3252//3472 
f 3238//3454 3252//3472 3251//3471 
f 3237//3453 3251//3471 3250//3470 
f 3236//3452 3250//3470 3249//3469 
f 3235//3451 3249//3469 3248//3468 
f 3234//3450 3248//3468 3247//3467 
f 3233//3449 3247//3467 3246//3466 
f 3232//3448 3246//3466 3245//3465 
f 3231//3447 3245//3465 3244//3464 
f 3230//3446 3244//3464 3243//3463 
f 3229//3445 3243//3463 3242//3462 
f 3228//3444 3242//3462 3241//3461 
f 3227//3443 3241//3461 3240//3458 
f 3151//3460 3148//3441 3226//3440 
f 3098//3456 3101//3475 3239//3455 
f 3225//3438 3239//3455 3238//3454 
f 3224//3437 3238//3454 3237//3453 
f 3223//3436 3237//3453 3236//3452 
f 3222//3435 3236//3452 3235//3451 
f 3221//3434 3235//3451 3234//3450 
f 3220//3433 3234//3450 3233//3449 
f 3219//3432 3233//3449 3232//3448 
f 3218//3431 3232//3448 3231//3447 
f 3217//3430 3231//3447 3230//3446 
f 3216//3429 3230//3446 3229//3445 
f 3215//3428 3229//3445 3228//3444 
f 3214//3427 3228//3444 3227//3443 
f 3213//3426 3227//3443 3226//3440 
f 3149//3442 3146//3424 3212//3423 
f 3096//3439 3099//3457 3225//3438 
f 3211//3422 3225//3438 3224//3437 
f 3210//3419 3224//3437 3223//3436 
f 3209//3418 3223//3436 3222//3435 
f 3208//3417 3222//3435 3221//3434 
f 3207//3416 3221//3434 3220//3433 
f 3206//3415 3220//3433 3219//3432 
f 3205//3414 3219//3432 3218//3431 
f 3204//3413 3218//3431 3217//3430 
f 3203//3412 3217//3430 3216//3429 
f 3202//3411 3216//3429 3215//3428 
f 3201//3410 3215//3428 3214//3427 
f 3200//3409 3214//3427 3213//3426 
f 3199//3408 3213//3426 3212//3423 
f 3147//3425 3145//3407 3198//3406 
f 3211//3422 3197//3403 3094//3420 
f 3197//3403 3211//3422 3210//3419 
f 3196//3400 3210//3419 3209//3418 
f 3195//3399 3209//3418 3208//3417 
f 3194//3398 3208//3417 3207//3416 
f 3193//3397 3207//3416 3206//3415 
f 3192//3396 3206//3415 3205//3414 
f 3191//3395 3205//3414 3204//3413 
f 3190//3394 3204//3413 3203//3412 
f 3189//3393 3203//3412 3202//3411 
f 3188//3392 3202//3411 3201//3410 
f 3187//3391 3201//3410 3200//3409 
f 3186//3390 3200//3409 3199//3408 
f 3185//3389 3199//3408 3198//3406 
f 3144//3405 3143//3388 3184//3387 
f 3197//3403 3183//3384 3092//3401 
f 3183//3384 3197//3403 3196//3400 
f 3182//3382 3196//3400 3195//3399 
f 3181//3380 3195//3399 3194//3398 
f 3180//3378 3194//3398 3193//3397 
f 3179//3376 3193//3397 3192//3396 
f 3178//3374 3192//3396 3191//3395 
f 3177//3372 3191//3395 3190//3394 
f 3176//3370 3190//3394 3189//3393 
f 3175//3368 3189//3393 3188//3392 
f 3174//3366 3188//3392 3187//3391 
f 3173//3364 3187//3391 3186//3390 
f 3172//3362 3186//3390 3185//3389 
f 3171//3360 3185//3389 3184//3387 
f 3142//3386 3141//3355 3170//3358 
f 2376//3385 3093//3404 3183//3384 
f 2377//3383 3183//3384 3182//3382 
f 2379//3381 3182//3382 3181//3380 
f 2381//3379 3181//3380 3180//3378 
f 2383//3377 3180//3378 3179//3376 
f 2385//3375 3179//3376 3178//3374 
f 2387//3373 3178//3374 3177//3372 
f 2389//3371 3177//3372 3176//3370 
f 2391//3369 3176//3370 3175//3368 
f 2393//3367 3175//3368 3174//3366 
f 2395//3365 3174//3366 3173//3364 
f 2397//3363 3173//3364 3172//3362 
f 2399//3361 3172//3362 3171//3360 
f 2401//3359 3171//3360 3170//3358 
f 2403//3357 3170//3358 3141//3355 
o mesh86
f 3346//3621 3160//3621 3159//3621 
f 3346//3621 3162//3621 3161//3621 
f 3346//3621 3164//3621 3163//3621 
f 3124//3621 3157//3621 3156//3621 
f 3124//3621 3346//3621 3158//3621 
f 3161//3621 3160//3621 3346//3621 
f 3346//3621 3165//3621 3164//3621 
f 3158//3621 3157//3621 3124//3621 
f 3163//3621 3162//3621 3346//3621 
f 3159//3621 3158//3621 3346//3621 
f 3346//3621 3167//3621 3169//3621 
f 3169//3621 3165//3621 3346//3621 
f 3156//3621 3138//3621 3124//3621 
o mesh87
f 3347//3622 3348//3622 3168//3622 
f 3168//3622 3346//3622 3347//3622 
f 3168//3622 3167//3622 3346//3622 
o mesh88
f 2842//3623 2836//3623 2832//3623 
f 2842//3623 2607//3623 2059//3623 
f 2337//3623 3349//3623 2856//3623 
f 2831//3623 2607//3623 2842//3623 
f 2607//3623 2831//3623 2610//3623 
f 3349//3623 3121//3623 3091//3623 
f 2856//3623 2842//3623 2337//3623 
f 2337//3623 2080//3623 2327//3623 
f 2610//3623 2609//3623 2607//3623 
f 2059//3623 2337//3623 2842//3623 
f 2059//3623 2058//3623 2060//3623 
f 2327//3623 2329//3623 2337//3623 
f 2856//3623 2863//3623 2862//3623 
f 3346//3623 3349//3623 3350//3623 
f 3091//3623 2856//3623 3349//3623 
f 2337//3623 2059//3623 2080//3623 
f 3091//3623 3089//3623 3088//3623 
f 2862//3623 2861//3623 2856//3623 
f 3346//3623 3121//3623 3349//3623 
f 3346//3623 3124//3623 3123//3623 
f 2060//3623 2080//3623 2059//3623 
f 2856//3623 3091//3623 2863//3623 
f 3123//3623 3121//3623 3346//3623 
f 3088//3623 2863//3623 3091//3623 
f 2832//3623 2831//3623 2842//3623 
f 3350//3623 3347//3623 3346//3623 
o mesh89
f 3142//3624 2110//3625 2112//3626 
f 2107//3627 2357//3627 3141//3628 
f 3141//3628 2112//3626 2107//3627 
f 3144//3629 2115//3630 2111//3631 
f 2110//3625 3142//3624 3143//3632 
f 3143//3632 2111//3631 2110//3625 
f 3147//3633 2119//3634 2116//3635 
f 2115//3630 3144//3629 3145//3636 
f 3145//3636 2116//3635 2115//3630 
f 3149//3637 2123//3638 2120//3639 
f 2119//3634 3147//3633 3146//3640 
f 3146//3640 2120//3639 2119//3634 
f 3151//3641 2126//3642 2127//3643 
f 2123//3638 3149//3637 3148//3644 
f 3148//3644 2127//3643 2123//3638 
f 3153//3645 2130//3646 2131//3647 
f 2126//3642 3151//3641 3150//3648 
f 3150//3648 2131//3647 2126//3642 
f 3155//3649 2134//3650 2135//3651 
f 2130//3646 3153//3645 3152//3652 
f 3152//3652 2135//3651 2130//3646 
f 2134//3650 3155//3649 3154//3653 
f 3166//3654 2148//3655 2150//3656 
f 2150//3656 3154//3653 3166//3654 
f 2148//3655 3166//3654 2328//3657 
f 3348//3658 3351//3659 2331//3659 
f 3166//3654 3168//3660 3348//3658 
f 3348//3658 2328//3657 3166//3654 
f 2331//3659 2328//3657 3348//3658 
f 3351//3659 3352//3661 2333//3661 
f 3352//3661 3353//3662 2330//3662 
f 3353//3662 3354//3663 2332//3664 
f 2337//3665 2336//3666 3355//3666 
f 2336//3666 2335//3667 3356//3667 
f 3354//3663 3357//3668 2334//3669 
f 3357//3668 2335//3667 2334//3669 
f 2334//3669 2332//3664 3354//3663 
f 3357//3668 3356//3667 2335//3667 
f 3356//3667 3355//3666 2336//3666 
f 3355//3666 3349//3670 2337//3665 
f 2332//3664 2330//3662 3353//3662 
f 2330//3662 2333//3661 3352//3661 
f 2333//3661 2331//3659 3351//3659 
f 2328//3657 2149//3671 2148//3655 
f 3154//3653 2150//3656 2134//3650 
f 2135//3651 3152//3652 3155//3649 
f 2131//3647 3150//3648 3153//3645 
f 2127//3643 3148//3644 3151//3641 
f 2120//3639 3146//3640 3149//3637 
f 2116//3635 3145//3636 3147//3633 
f 2111//3631 3143//3632 3144//3629 
f 2112//3626 3141//3628 3142//3624 
o mesh90
f 3347//3672 3352//3672 3351//3672 
f 3350//3672 3354//3672 3353//3672 
f 3347//3672 3353//3672 3352//3672 
f 3350//3672 3357//3672 3354//3672 
f 3353//3672 3347//3672 3350//3672 
f 3351//3672 3348//3672 3347//3672 
o mesh91
f 3350//3673 3355//3673 3356//3673 
f 3350//3673 3349//3673 3355//3673 
f 3356//3673 3357//3673 3350//3673 
o mesh92
f 2549//3674 3403//3675 3404//3676 
f 3403//3675 3405//3677 3406//3678 
f 3405//3677 3407//3679 3408//3680 
f 3407//3679 3409//3681 3410//3682 
f 3409//3681 3411//3683 3412//3684 
f 3411//3683 3413//3685 3414//3686 
f 3413//3685 3415//3687 3416//3688 
f 3415//3687 3417//3689 3418//3690 
f 3417//3689 3419//3691 3420//3692 
f 3419//3691 3421//3693 3422//3694 
f 3421//3693 3423//3695 3424//3696 
f 3423//3695 3425//3697 3426//3698 
f 3425//3697 3427//3699 3428//3700 
f 3427//3699 3429//3701 3430//3702 
f 3429//3701 3358//3703 3359//3704 
f 2548//3705 3404//3676 3431//3706 
f 3404//3676 3406//3678 3432//3707 
f 3406//3678 3408//3680 3433//3708 
f 3408//3680 3410//3682 3434//3709 
f 3410//3682 3412//3684 3435//3710 
f 3412//3684 3414//3686 3436//3711 
f 3414//3686 3416//3688 3437//3712 
f 3416//3688 3418//3690 3438//3713 
f 3418//3690 3420//3692 3439//3714 
f 3420//3692 3422//3694 3440//3715 
f 3422//3694 3424//3696 3441//3716 
f 3424//3696 3426//3698 3442//3717 
f 3426//3698 3428//3700 3443//3718 
f 3428//3700 3430//3702 3444//3719 
f 3430//3702 3359//3704 3360//3720 
f 2547//3721 3431//3706 3445//3722 
f 3431//3706 3432//3707 3446//3723 
f 3432//3707 3433//3708 3447//3724 
f 3433//3708 3434//3709 3448//3725 
f 3434//3709 3435//3710 3449//3726 
f 3435//3710 3436//3711 3450//3727 
f 3436//3711 3437//3712 3451//3728 
f 3437//3712 3438//3713 3452//3729 
f 3438//3713 3439//3714 3453//3730 
f 3439//3714 3440//3715 3454//3731 
f 3440//3715 3441//3716 3455//3732 
f 3441//3716 3442//3717 3456//3733 
f 3442//3717 3443//3718 3457//3734 
f 3443//3718 3444//3719 3458//3735 
f 3444//3719 3360//3720 3361//3736 
f 2546//3737 3445//3722 3459//3738 
f 3445//3722 3446//3723 3460//3739 
f 3446//3723 3447//3724 3461//3740 
f 3447//3724 3448//3725 3462//3741 
f 3448//3725 3449//3726 3463//3742 
f 3449//3726 3450//3727 3464//3743 
f 3450//3727 3451//3728 3465//3744 
f 3451//3728 3452//3729 3466//3745 
f 3452//3729 3453//3730 3467//3746 
f 3453//3730 3454//3731 3468//3747 
f 3454//3731 3455//3732 3469//3748 
f 3455//3732 3456//3733 3470//3749 
f 3456//3733 3457//3734 3471//3750 
f 3457//3734 3458//3735 3472//3751 
f 3458//3735 3361//3736 3362//3752 
f 2545//3753 3459//3738 3473//3754 
f 3459//3738 3460//3739 3474//3755 
f 3460//3739 3461//3740 3475//3756 
f 3461//3740 3462//3741 3476//3757 
f 3462//3741 3463//3742 3477//3758 
f 3463//3742 3464//3743 3478//3759 
f 3464//3743 3465//3744 3479//3760 
f 3465//3744 3466//3745 3480//3761 
f 3466//3745 3467//3746 3481//3762 
f 3467//3746 3468//3747 3482//3763 
f 3468//3747 3469//3748 3483//3764 
f 3469//3748 3470//3749 3484//3765 
f 3470//3749 3471//3750 3485//3766 
f 3471//3750 3472//3751 3486//3767 
f 3472//3751 3362//3752 3363//3768 
f 2544//3769 3473//3754 3487//3770 
f 3473//3754 3474//3755 3488//3771 
f 3474//3755 3475//3756 3489//3772 
f 3475//3756 3476//3757 3490//3773 
f 3476//3757 3477//3758 3491//3774 
f 3477//3758 3478//3759 3492//3775 
f 3478//3759 3479//3760 3493//3776 
f 3479//3760 3480//3761 3494//3777 
f 3480//3761 3481//3762 3495//3778 
f 3481//3762 3482//3763 3496//3779 
f 3482//3763 3483//3764 3497//3780 
f 3483//3764 3484//3765 3498//3781 
f 3484//3765 3485//3766 3499//3782 
f 3485//3766 3486//3767 3500//3783 
f 3486//3767 3363//3768 3364//3784 
f 2543//3785 3487//3770 3501//3786 
f 3487//3770 3488//3771 3502//3787 
f 3488//3771 3489//3772 3503//3788 
f 3489//3772 3490//3773 3504//3789 
f 3490//3773 3491//3774 3505//3790 
f 3491//3774 3492//3775 3506//3791 
f 3492//3775 3493//3776 3507//3792 
f 3493//3776 3494//3777 3508//3793 
f 3494//3777 3495//3778 3509//3794 
f 3495//3778 3496//3779 3510//3795 
f 3496//3779 3497//3780 3511//3796 
f 3497//3780 3498//3781 3512//3797 
f 3498//3781 3499//3782 3513//3798 
f 3499//3782 3500//3783 3514//3799 
f 3500//3783 3364//3784 3365//3800 
f 2542//3801 3501//3786 3515//3802 
f 3501//3786 3502//3787 3516//3803 
f 3502//3787 3503//3788 3517//3804 
f 3503//3788 3504//3789 3518//3805 
f 3504//3789 3505//3790 3519//3806 
f 3505//3790 3506//3791 3520//3807 
f 3506//3791 3507//3792 3521//3808 
f 3507//3792 3508//3793 3522//3809 
f 3508//3793 3509//3794 3523//3810 
f 3509//3794 3510//3795 3524//3811 
f 3510//3795 3511//3796 3525//3812 
f 3511//3796 3512//3797 3526//3813 
f 3512//3797 3513//3798 3527//3814 
f 3513//3798 3514//3799 3528//3815 
f 3514//3799 3365//3800 3366//3816 
f 2541//3817 3515//3802 3529//3818 
f 3515//3802 3516//3803 3530//3819 
f 3516//3803 3517//3804 3531//3820 
f 3517//3804 3518//3805 3532//3821 
f 3518//3805 3519//3806 3533//3822 
f 3519//3806 3520//3807 3534//3823 
f 3520//3807 3521//3808 3535//3824 
f 3521//3808 3522//3809 3536//3825 
f 3522//3809 3523//3810 3537//3826 
f 3523//3810 3524//3811 3538//3827 
f 3524//3811 3525//3812 3539//3828 
f 3525//3812 3526//3813 3540//3829 
f 3526//3813 3527//3814 3541//3830 
f 3527//3814 3528//3815 3542//3831 
f 3528//3815 3366//3816 3367//3832 
f 2540//3833 3529//3818 3543//3834 
f 3529//3818 3530//3819 3544//3835 
f 3530//3819 3531//3820 3545//3836 
f 3531//3820 3532//3821 3546//3837 
f 3532//3821 3533//3822 3547//3838 
f 3533//3822 3534//3823 3548//3839 
f 3534//3823 3535//3824 3549//3840 
f 3535//3824 3536//3825 3550//3841 
f 3536//3825 3537//3826 3551//3842 
f 3537//3826 3538//3827 3552//3843 
f 3538//3827 3539//3828 3553//3844 
f 3539//3828 3540//3829 3554//3845 
f 3540//3829 3541//3830 3555//3846 
f 3541//3830 3542//3831 3556//3847 
f 3542//3831 3367//3832 3368//3848 
f 2539//3849 3543//3834 3557//3850 
f 3543//3834 3544//3835 3558//3851 
f 3544//3835 3545//3836 3559//3852 
f 3545//3836 3546//3837 3560//3853 
f 3546//3837 3547//3838 3561//3854 
f 3547//3838 3548//3839 3562//3855 
f 3548//3839 3549//3840 3563//3856 
f 3549//3840 3550//3841 3564//3857 
f 3550//3841 3551//3842 3565//3858 
f 3551//3842 3552//3843 3566//3859 
f 3552//3843 3553//3844 3567//3860 
f 3553//3844 3554//3845 3568//3861 
f 3554//3845 3555//3846 3569//3862 
f 3555//3846 3556//3847 3570//3863 
f 3556//3847 3368//3848 3369//3864 
f 2538//3865 3557//3850 3571//3866 
f 3557//3850 3558//3851 3572//3867 
f 3558//3851 3559//3852 3573//3868 
f 3559//3852 3560//3853 3574//3869 
f 3560//3853 3561//3854 3575//3870 
f 3561//3854 3562//3855 3576//3871 
f 3562//3855 3563//3856 3577//3872 
f 3563//3856 3564//3857 3578//3873 
f 3564//3857 3565//3858 3579//3874 
f 3565//3858 3566//3859 3580//3875 
f 3569//3862 3570//3863 3581//3876 
f 3570//3863 3369//3864 3370//3877 
f 2537//3878 3571//3866 3582//3879 
f 3571//3866 3572//3867 3583//3880 
f 3572//3867 3573//3868 3584//3881 
f 3573//3868 3574//3869 3585//3882 
f 3574//3869 3575//3870 3586//3883 
f 3575//3870 3576//3871 3587//3884 
f 3576//3871 3577//3872 3588//3885 
f 3577//3872 3578//3873 3589//3886 
f 3581//3876 3370//3877 3371//3887 
f 2536//3888 3582//3879 3372//3889 
f 3582//3879 3583//3880 3373//3890 
f 3583//3880 3584//3881 3374//3891 
f 3584//3881 3585//3882 3375//3892 
f 3585//3882 3586//3883 3376//3893 
f 3586//3883 3587//3884 3377//3894 
f 3590//3895 3371//3887 3378//3896 
f 3371//3887 3379//3897 3378//3896 
f 3581//3876 3380//3898 3381//3899 
f 3581//3876 3590//3895 3382//3900 
f 3382//3900 3380//3898 3581//3876 
f 3591//3901 3381//3899 3383//3902 
f 3384//3903 3568//3861 3569//3862 
f 3569//3862 3591//3901 3384//3903 
f 3568//3861 3385//3904 3386//3905 
f 3568//3861 3387//3906 3385//3904 
f 3386//3905 3567//3860 3568//3861 
f 3566//3859 3567//3860 3388//3907 
f 3388//3907 3389//3908 3566//3859 
f 3580//3875 3389//3908 3390//3909 
f 3579//3874 3580//3875 3391//3910 
f 3391//3910 3392//3911 3579//3874 
f 3578//3873 3393//3912 3394//3913 
f 3578//3873 3579//3874 3395//3914 
f 3395//3914 3393//3912 3578//3873 
f 3589//3886 3394//3913 3396//3915 
f 3588//3885 3589//3886 3397//3916 
f 3397//3916 3398//3917 3588//3885 
f 3377//3894 3587//3884 3399//3918 
f 3587//3884 3588//3885 3400//3919 
f 3400//3919 3399//3918 3587//3884 
f 3399//3918 3401//3920 3377//3894 
f 3398//3917 3400//3919 3588//3885 
f 3396//3915 3397//3916 3589//3886 
f 3394//3913 3589//3886 3578//3873 
f 3392//3911 3395//3914 3579//3874 
f 3390//3909 3391//3910 3580//3875 
f 3389//3908 3580//3875 3566//3859 
f 3386//3905 3388//3907 3567//3860 
f 3384//3903 3387//3906 3568//3861 
f 3383//3902 3384//3903 3591//3901 
f 3381//3899 3591//3901 3581//3876 
f 3382//3900 3590//3895 3402//3921 
f 3378//3896 3402//3921 3590//3895 
f 3377//3894 3376//3893 3586//3883 
f 3376//3893 3375//3892 3585//3882 
f 3375//3892 3374//3891 3584//3881 
f 3374//3891 3373//3890 3583//3880 
f 3373//3890 3372//3889 3582//3879 
f 3372//3889 2535//3922 2536//3888 
f 3371//3887 3590//3895 3581//3876 
f 3589//3886 3588//3885 3577//3872 
f 3588//3885 3587//3884 3576//3871 
f 3587//3884 3586//3883 3575//3870 
f 3586//3883 3585//3882 3574//3869 
f 3585//3882 3584//3881 3573//3868 
f 3584//3881 3583//3880 3572//3867 
f 3583//3880 3582//3879 3571//3866 
f 3582//3879 2536//3888 2537//3878 
f 3370//3877 3581//3876 3570//3863 
f 3581//3876 3591//3901 3569//3862 
f 3580//3875 3579//3874 3565//3858 
f 3579//3874 3578//3873 3564//3857 
f 3578//3873 3577//3872 3563//3856 
f 3577//3872 3576//3871 3562//3855 
f 3576//3871 3575//3870 3561//3854 
f 3575//3870 3574//3869 3560//3853 
f 3574//3869 3573//3868 3559//3852 
f 3573//3868 3572//3867 3558//3851 
f 3572//3867 3571//3866 3557//3850 
f 3571//3866 2537//3878 2538//3865 
f 3369//3864 3570//3863 3556//3847 
f 3570//3863 3569//3862 3555//3846 
f 3569//3862 3568//3861 3554//3845 
f 3568//3861 3567//3860 3553//3844 
f 3567//3860 3566//3859 3552//3843 
f 3566//3859 3565//3858 3551//3842 
f 3565//3858 3564//3857 3550//3841 
f 3564//3857 3563//3856 3549//3840 
f 3563//3856 3562//3855 3548//3839 
f 3562//3855 3561//3854 3547//3838 
f 3561//3854 3560//3853 3546//3837 
f 3560//3853 3559//3852 3545//3836 
f 3559//3852 3558//3851 3544//3835 
f 3558//3851 3557//3850 3543//3834 
f 3557//3850 2538//3865 2539//3849 
f 3368//3848 3556//3847 3542//3831 
f 3556//3847 3555//3846 3541//3830 
f 3555//3846 3554//3845 3540//3829 
f 3554//3845 3553//3844 3539//3828 
f 3553//3844 3552//3843 3538//3827 
f 3552//3843 3551//3842 3537//3826 
f 3551//3842 3550//3841 3536//3825 
f 3550//3841 3549//3840 3535//3824 
f 3549//3840 3548//3839 3534//3823 
f 3548//3839 3547//3838 3533//3822 
f 3547//3838 3546//3837 3532//3821 
f 3546//3837 3545//3836 3531//3820 
f 3545//3836 3544//3835 3530//3819 
f 3544//3835 3543//3834 3529//3818 
f 3543//3834 2539//3849 2540//3833 
f 3367//3832 3542//3831 3528//3815 
f 3542//3831 3541//3830 3527//3814 
f 3541//3830 3540//3829 3526//3813 
f 3540//3829 3539//3828 3525//3812 
f 3539//3828 3538//3827 3524//3811 
f 3538//3827 3537//3826 3523//3810 
f 3537//3826 3536//3825 3522//3809 
f 3536//3825 3535//3824 3521//3808 
f 3535//3824 3534//3823 3520//3807 
f 3534//3823 3533//3822 3519//3806 
f 3533//3822 3532//3821 3518//3805 
f 3532//3821 3531//3820 3517//3804 
f 3531//3820 3530//3819 3516//3803 
f 3530//3819 3529//3818 3515//3802 
f 3529//3818 2540//3833 2541//3817 
f 3366//3816 3528//3815 3514//3799 
f 3528//3815 3527//3814 3513//3798 
f 3527//3814 3526//3813 3512//3797 
f 3526//3813 3525//3812 3511//3796 
f 3525//3812 3524//3811 3510//3795 
f 3524//3811 3523//3810 3509//3794 
f 3523//3810 3522//3809 3508//3793 
f 3522//3809 3521//3808 3507//3792 
f 3521//3808 3520//3807 3506//3791 
f 3520//3807 3519//3806 3505//3790 
f 3519//3806 3518//3805 3504//3789 
f 3518//3805 3517//3804 3503//3788 
f 3517//3804 3516//3803 3502//3787 
f 3516//3803 3515//3802 3501//3786 
f 3515//3802 2541//3817 2542//3801 
f 3365//3800 3514//3799 3500//3783 
f 3514//3799 3513//3798 3499//3782 
f 3513//3798 3512//3797 3498//3781 
f 3512//3797 3511//3796 3497//3780 
f 3511//3796 3510//3795 3496//3779 
f 3510//3795 3509//3794 3495//3778 
f 3509//3794 3508//3793 3494//3777 
f 3508//3793 3507//3792 3493//3776 
f 3507//3792 3506//3791 3492//3775 
f 3506//3791 3505//3790 3491//3774 
f 3505//3790 3504//3789 3490//3773 
f 3504//3789 3503//3788 3489//3772 
f 3503//3788 3502//3787 3488//3771 
f 3502//3787 3501//3786 3487//3770 
f 3501//3786 2542//3801 2543//3785 
f 3364//3784 3500//3783 3486//3767 
f 3500//3783 3499//3782 3485//3766 
f 3499//3782 3498//3781 3484//3765 
f 3498//3781 3497//3780 3483//3764 
f 3497//3780 3496//3779 3482//3763 
f 3496//3779 3495//3778 3481//3762 
f 3495//3778 3494//3777 3480//3761 
f 3494//3777 3493//3776 3479//3760 
f 3493//3776 3492//3775 3478//3759 
f 3492//3775 3491//3774 3477//3758 
f 3491//3774 3490//3773 3476//3757 
f 3490//3773 3489//3772 3475//3756 
f 3489//3772 3488//3771 3474//3755 
f 3488//3771 3487//3770 3473//3754 
f 3487//3770 2543//3785 2544//3769 
f 3363//3768 3486//3767 3472//3751 
f 3486//3767 3485//3766 3471//3750 
f 3485//3766 3484//3765 3470//3749 
f 3484//3765 3483//3764 3469//3748 
f 3483//3764 3482//3763 3468//3747 
f 3482//3763 3481//3762 3467//3746 
f 3481//3762 3480//3761 3466//3745 
f 3480//3761 3479//3760 3465//3744 
f 3479//3760 3478//3759 3464//3743 
f 3478//3759 3477//3758 3463//3742 
f 3477//3758 3476//3757 3462//3741 
f 3476//3757 3475//3756 3461//3740 
f 3475//3756 3474//3755 3460//3739 
f 3474//3755 3473//3754 3459//3738 
f 3473//3754 2544//3769 2545//3753 
f 3362//3752 3472//3751 3458//3735 
f 3472//3751 3471//3750 3457//3734 
f 3471//3750 3470//3749 3456//3733 
f 3470//3749 3469//3748 3455//3732 
f 3469//3748 3468//3747 3454//3731 
f 3468//3747 3467//3746 3453//3730 
f 3467//3746 3466//3745 3452//3729 
f 3466//3745 3465//3744 3451//3728 
f 3465//3744 3464//3743 3450//3727 
f 3464//3743 3463//3742 3449//3726 
f 3463//3742 3462//3741 3448//3725 
f 3462//3741 3461//3740 3447//3724 
f 3461//3740 3460//3739 3446//3723 
f 3460//3739 3459//3738 3445//3722 
f 3459//3738 2545//3753 2546//3737 
f 3361//3736 3458//3735 3444//3719 
f 3458//3735 3457//3734 3443//3718 
f 3457//3734 3456//3733 3442//3717 
f 3456//3733 3455//3732 3441//3716 
f 3455//3732 3454//3731 3440//3715 
f 3454//3731 3453//3730 3439//3714 
f 3453//3730 3452//3729 3438//3713 
f 3452//3729 3451//3728 3437//3712 
f 3451//3728 3450//3727 3436//3711 
f 3450//3727 3449//3726 3435//3710 
f 3449//3726 3448//3725 3434//3709 
f 3448//3725 3447//3724 3433//3708 
f 3447//3724 3446//3723 3432//3707 
f 3446//3723 3445//3722 3431//3706 
f 3445//3722 2546//3737 2547//3721 
f 3360//3720 3444//3719 3430//3702 
f 3444//3719 3443//3718 3428//3700 
f 3443//3718 3442//3717 3426//3698 
f 3442//3717 3441//3716 3424//3696 
f 3441//3716 3440//3715 3422//3694 
f 3440//3715 3439//3714 3420//3692 
f 3439//3714 3438//3713 3418//3690 
f 3438//3713 3437//3712 3416//3688 
f 3437//3712 3436//3711 3414//3686 
f 3436//3711 3435//3710 3412//3684 
f 3435//3710 3434//3709 3410//3682 
f 3434//3709 3433//3708 3408//3680 
f 3433//3708 3432//3707 3406//3678 
f 3432//3707 3431//3706 3404//3676 
f 3431//3706 2547//3721 2548//3705 
f 3359//3704 3430//3702 3429//3701 
f 3430//3702 3428//3700 3427//3699 
f 3428//3700 3426//3698 3425//3697 
f 3426//3698 3424//3696 3423//3695 
f 3424//3696 3422//3694 3421//3693 
f 3422//3694 3420//3692 3419//3691 
f 3420//3692 3418//3690 3417//3689 
f 3418//3690 3416//3688 3415//3687 
f 3416//3688 3414//3686 3413//3685 
f 3414//3686 3412//3684 3411//3683 
f 3412//3684 3410//3682 3409//3681 
f 3410//3682 3408//3680 3407//3679 
f 3408//3680 3406//3678 3405//3677 
f 3406//3678 3404//3676 3403//3675 
f 3404//3676 2548//3705 2549//3674 
f 3358//3703 3429//3701 2487//3923 
f 3429//3701 3427//3699 2487//3923 
f 3427//3699 3425//3697 2487//3923 
f 3425//3697 3423//3695 2487//3923 
f 3423//3695 3421//3693 2487//3923 
f 3421//3693 3419//3691 2487//3923 
f 3419//3691 3417//3689 2487//3923 
f 3417//3689 3415//3687 2487//3923 
f 3415//3687 3413//3685 2487//3923 
f 3413//3685 3411//3683 2487//3923 
f 3411//3683 3409//3681 2487//3923 
f 3409//3681 3407//3679 2487//3923 
f 3407//3679 3405//3677 2487//3923 
f 3405//3677 3403//3675 2487//3923 
f 3403//3675 2549//3674 2487//3923 
o mesh93
f 3592//3924 3391//3924 3390//3924 
f 3592//3924 3395//3924 3392//3924 
f 3592//3924 3394//3924 3393//3924 
f 3592//3924 3397//3924 3396//3924 
f 3392//3924 3391//3924 3592//3924 
f 3396//3924 3394//3924 3592//3924 
f 3592//3924 3400//3924 3398//3924 
f 3592//3924 3593//3924 3399//3924 
f 3393//3924 3395//3924 3592//3924 
f 3399//3924 3400//3924 3592//3924 
f 3592//3924 3389//3924 3388//3924 
f 3398//3924 3397//3924 3592//3924 
f 3390//3924 3389//3924 3592//3924 
f 3388//3924 3386//3924 3592//3924 
o mesh94
f 3594//3925 3595//3925 3401//3925 
f 3401//3925 3593//3925 3594//3925 
f 3401//3925 3399//3925 3593//3925 
o mesh95
f 3596//3926 3402//3926 3378//3926 
f 3378//3926 3379//3926 3596//3926 
f 3596//3926 3381//3926 3380//3926 
f 3596//3926 3384//3926 3383//3926 
f 3596//3926 3592//3926 3386//3926 
f 3596//3926 3382//3926 3402//3926 
f 3383//3926 3381//3926 3596//3926 
f 3386//3926 3385//3926 3596//3926 
f 3380//3926 3382//3926 3596//3926 
f 3385//3926 3387//3926 3596//3926 
f 3387//3926 3384//3926 3596//3926 
f 3379//3926 3597//3926 3596//3926 
o mesh96
f 3598//3927 3592//3927 3596//3927 
f 3592//3927 3598//3927 3594//3927 
f 3594//3927 3593//3927 3592//3927 
f 3596//3927 3599//3927 3598//3927 
o mesh97
f 3598//3928 3600//3928 3601//3928 
f 3598//3928 3602//3928 3600//3928 
f 3598//3928 3603//3928 3595//3928 
f 3598//3928 3604//3928 3602//3928 
f 3601//3928 3603//3928 3598//3928 
f 3598//3928 3605//3928 3604//3928 
f 3595//3928 3594//3928 3598//3928 
o mesh98
f 3599//3929 3606//3929 3607//3929 
f 3599//3929 3608//3929 3605//3929 
f 3599//3929 3609//3929 3606//3929 
f 3607//3929 3608//3929 3599//3929 
f 3599//3929 3610//3929 3609//3929 
f 3605//3929 3598//3929 3599//3929 
o mesh99
f 3599//3930 3596//3930 3611//3930 
f 3596//3930 3597//3930 3611//3930 
f 3611//3930 3610//3930 3599//3930 
o mesh100
f 3370//3931 3612//3932 3613//3933 
f 3613//3933 3371//3934 3370//3931 
f 3369//3935 3614//3936 3615//3937 
f 3615//3937 3370//3931 3369//3935 
f 3368//3938 3616//3939 3617//3940 
f 3617//3940 3369//3935 3368//3938 
f 3367//3941 3618//3942 3619//3943 
f 3619//3943 3368//3938 3367//3941 
f 3366//3944 3620//3945 3621//3946 
f 3621//3946 3367//3941 3366//3944 
f 3365//3947 3622//3948 3623//3949 
f 3623//3949 3366//3944 3365//3947 
f 3364//3950 3624//3951 3625//3952 
f 3625//3952 3365//3947 3364//3950 
f 3363//3953 3626//3954 3627//3955 
f 3627//3955 3364//3950 3363//3953 
f 3362//3956 3628//3957 3629//3958 
f 3629//3958 3363//3953 3362//3956 
f 3361//3959 3630//3960 3631//3961 
f 3631//3961 3362//3956 3361//3959 
f 3360//3962 3632//3963 3633//3964 
f 3633//3964 3361//3959 3360//3962 
f 3359//3965 3634//3966 3635//3967 
f 3635//3967 3360//3962 3359//3965 
f 3358//3968 3636//3969 3637//3970 
f 3637//3970 3359//3965 3358//3968 
f 2487//3971 2439//3971 3638//3972 
f 3638//3972 3358//3968 2487//3971 
f 3371//3934 3639//3973 3597//3974 
f 3597//3974 3640//3975 3641//3976 
f 3639//3973 3642//3977 3640//3975 
f 3640//3975 3597//3974 3639//3973 
f 3641//3976 3611//3976 3597//3974 
f 3597//3974 3379//3978 3371//3934 
f 3638//3972 3636//3969 3358//3968 
f 3637//3970 3634//3966 3359//3965 
f 3635//3967 3632//3963 3360//3962 
f 3633//3964 3630//3960 3361//3959 
f 3631//3961 3628//3957 3362//3956 
f 3629//3958 3626//3954 3363//3953 
f 3627//3955 3624//3951 3364//3950 
f 3625//3952 3622//3948 3365//3947 
f 3623//3949 3620//3945 3366//3944 
f 3621//3946 3618//3942 3367//3941 
f 3619//3943 3616//3939 3368//3938 
f 3617//3940 3614//3936 3369//3935 
f 3615//3937 3612//3932 3370//3931 
f 3613//3933 3639//3973 3371//3934 
o mesh101
f 3689//3979 3690//3980 3691//3981 
f 3690//3980 3692//3982 3693//3983 
f 3692//3982 3694//3984 3695//3985 
f 3694//3984 3696//3986 3697//3987 
f 3696//3986 3698//3988 3699//3989 
f 3698//3988 3700//3990 3701//3991 
f 3700//3990 3613//3992 3612//3993 
f 3612//3993 3701//3991 3700//3990 
f 3702//3994 3703//3995 3704//3996 
f 3703//3995 3691//3981 3705//3997 
f 3691//3981 3693//3983 3706//3998 
f 3693//3983 3695//3985 3707//3999 
f 3695//3985 3697//3987 3708//4000 
f 3697//3987 3699//3989 3709//4001 
f 3699//3989 3701//3991 3710//4002 
f 3701//3991 3615//4003 3614//4004 
f 3614//4004 3710//4002 3701//3991 
f 3711//4005 3712//4006 3713//4007 
f 3712//4006 3704//3996 3714//4008 
f 3704//3996 3705//3997 3715//4009 
f 3705//3997 3706//3998 3716//4010 
f 3706//3998 3707//3999 3717//4011 
f 3707//3999 3708//4000 3718//4012 
f 3708//4000 3709//4001 3719//4013 
f 3709//4001 3710//4002 3720//4014 
f 3710//4002 3617//4015 3616//4016 
f 3616//4016 3720//4014 3710//4002 
f 3721//4017 3713//4007 3722//4018 
f 3713//4007 3714//4008 3723//4019 
f 3714//4008 3715//4009 3724//4020 
f 3715//4009 3716//4010 3725//4021 
f 3716//4010 3717//4011 3726//4022 
f 3717//4011 3718//4012 3727//4023 
f 3718//4012 3719//4013 3728//4024 
f 3719//4013 3720//4014 3729//4025 
f 3720//4014 3619//4026 3618//4027 
f 3618//4027 3729//4025 3720//4014 
f 3730//4028 3731//4029 3732//4030 
f 3731//4029 3733//4031 3734//4032 
f 3733//4031 3722//4018 3735//4033 
f 3722//4018 3723//4019 3736//4034 
f 3723//4019 3724//4020 3737//4035 
f 3724//4020 3725//4021 3738//4036 
f 3725//4021 3726//4022 3739//4037 
f 3726//4022 3727//4023 3740//4038 
f 3727//4023 3728//4024 3741//4039 
f 3728//4024 3729//4025 3742//4040 
f 3729//4025 3621//4041 3620//4042 
f 3620//4042 3742//4040 3729//4025 
f 3743//4043 3744//4044 3745//4045 
f 3744//4044 3732//4030 3746//4046 
f 3732//4030 3734//4032 3747//4047 
f 3734//4032 3735//4033 3748//4048 
f 3735//4033 3736//4034 3749//4049 
f 3736//4034 3737//4035 3750//4050 
f 3737//4035 3738//4036 3751//4051 
f 3738//4036 3739//4037 3752//4052 
f 3739//4037 3740//4038 3753//4053 
f 3740//4038 3741//4039 3754//4054 
f 3741//4039 3742//4040 3755//4055 
f 3742//4040 3623//4056 3622//4057 
f 3622//4057 3755//4055 3742//4040 
f 3756//4058 3757//4059 3758//4060 
f 3757//4059 3745//4045 3759//4061 
f 3745//4045 3746//4046 3760//4062 
f 3746//4046 3747//4047 3761//4063 
f 3747//4047 3748//4048 3762//4064 
f 3748//4048 3749//4049 3763//4065 
f 3749//4049 3750//4050 3764//4066 
f 3750//4050 3751//4051 3765//4067 
f 3751//4051 3752//4052 3766//4068 
f 3752//4052 3753//4053 3767//4069 
f 3753//4053 3754//4054 3768//4070 
f 3754//4054 3755//4055 3769//4071 
f 3755//4055 3625//4072 3624//4073 
f 3624//4073 3769//4071 3755//4055 
f 3770//4074 3771//4075 3772//4076 
f 3771//4075 3758//4060 3773//4077 
f 3758//4060 3759//4061 3774//4078 
f 3759//4061 3760//4062 3775//4079 
f 3760//4062 3761//4063 3776//4080 
f 3761//4063 3762//4064 3777//4081 
f 3762//4064 3763//4065 3778//4082 
f 3763//4065 3764//4066 3779//4083 
f 3764//4066 3765//4067 3780//4084 
f 3765//4067 3766//4068 3781//4085 
f 3766//4068 3767//4069 3782//4086 
f 3767//4069 3768//4070 3783//4087 
f 3768//4070 3769//4071 3784//4088 
f 3769//4071 3627//4089 3626//4090 
f 3626//4090 3784//4088 3769//4071 
f 3785//4091 3786//4092 3643//4093 
f 3786//4092 3644//4094 3643//4093 
f 3785//4091 3772//4076 3787//4095 
f 3772//4076 3773//4077 3788//4096 
f 3773//4077 3774//4078 3789//4097 
f 3774//4078 3775//4079 3790//4098 
f 3775//4079 3776//4080 3791//4099 
f 3776//4080 3777//4081 3792//4100 
f 3777//4081 3778//4082 3793//4101 
f 3778//4082 3779//4083 3794//4102 
f 3779//4083 3780//4084 3795//4103 
f 3780//4084 3781//4085 3796//4104 
f 3781//4085 3782//4086 3797//4105 
f 3782//4086 3783//4087 3798//4106 
f 3783//4087 3784//4088 3799//4107 
f 3784//4088 3629//4108 3628//4109 
f 3628//4109 3799//4107 3784//4088 
f 3786//4092 3800//4110 3645//4111 
f 3800//4110 3646//4112 3645//4111 
f 3786//4092 3787//4095 3801//4113 
f 3787//4095 3788//4096 3802//4114 
f 3788//4096 3789//4097 3803//4115 
f 3789//4097 3790//4098 3804//4116 
f 3790//4098 3791//4099 3805//4117 
f 3791//4099 3792//4100 3806//4118 
f 3792//4100 3793//4101 3807//4119 
f 3793//4101 3794//4102 3808//4120 
f 3794//4102 3795//4103 3809//4121 
f 3795//4103 3796//4104 3810//4122 
f 3796//4104 3797//4105 3811//4123 
f 3797//4105 3798//4106 3812//4124 
f 3798//4106 3799//4107 3813//4125 
f 3799//4107 3631//4126 3630//4127 
f 3630//4127 3813//4125 3799//4107 
f 3800//4110 3814//4128 3647//4129 
f 3814//4128 3648//4130 3647//4129 
f 3800//4110 3801//4113 3815//4131 
f 3801//4113 3802//4114 3816//4132 
f 3802//4114 3803//4115 3817//4133 
f 3803//4115 3804//4116 3818//4134 
f 3804//4116 3805//4117 3819//4135 
f 3805//4117 3806//4118 3820//4136 
f 3806//4118 3807//4119 3821//4137 
f 3807//4119 3808//4120 3822//4138 
f 3808//4120 3809//4121 3823//4139 
f 3809//4121 3810//4122 3824//4140 
f 3810//4122 3811//4123 3825//4141 
f 3811//4123 3812//4124 3826//4142 
f 3812//4124 3813//4125 3827//4143 
f 3813//4125 3633//4144 3632//4145 
f 3632//4145 3827//4143 3813//4125 
f 3814//4128 3828//4146 3649//4147 
f 3828//4146 3650//4148 3649//4147 
f 3814//4128 3815//4131 3829//4149 
f 3815//4131 3816//4132 3830//4150 
f 3816//4132 3817//4133 3831//4151 
f 3817//4133 3818//4134 3832//4152 
f 3818//4134 3819//4135 3833//4153 
f 3819//4135 3820//4136 3834//4154 
f 3820//4136 3821//4137 3835//4155 
f 3821//4137 3822//4138 3836//4156 
f 3822//4138 3823//4139 3837//4157 
f 3823//4139 3824//4140 3838//4158 
f 3824//4140 3825//4141 3839//4159 
f 3825//4141 3826//4142 3840//4160 
f 3826//4142 3827//4143 3841//4161 
f 3827//4143 3635//4162 3634//4163 
f 3634//4163 3841//4161 3827//4143 
f 3828//4146 3842//4164 3651//4165 
f 3842//4164 3652//4166 3651//4165 
f 3828//4146 3829//4149 3843//4167 
f 3829//4149 3830//4150 3844//4168 
f 3830//4150 3831//4151 3845//4169 
f 3831//4151 3832//4152 3846//4170 
f 3832//4152 3833//4153 3847//4171 
f 3833//4153 3834//4154 3848//4172 
f 3834//4154 3835//4155 3849//4173 
f 3835//4155 3836//4156 3850//4174 
f 3836//4156 3837//4157 3851//4175 
f 3837//4157 3838//4158 3852//4176 
f 3838//4158 3839//4159 3853//4177 
f 3839//4159 3840//4160 3854//4178 
f 3840//4160 3841//4161 3855//4179 
f 3841//4161 3637//4180 3636//4181 
f 3636//4181 3855//4179 3841//4161 
f 3652//4166 3842//4164 2425//4182 
f 3842//4164 3843//4167 2426//4183 
f 3843//4167 3844//4168 2427//4184 
f 3844//4168 3845//4169 2428//4185 
f 3845//4169 3846//4170 2429//4186 
f 3846//4170 3847//4171 2430//4187 
f 3847//4171 3848//4172 2431//4188 
f 3848//4172 3849//4173 2432//4189 
f 3849//4173 3850//4174 2433//4190 
f 3850//4174 3851//4175 2434//4191 
f 3851//4175 3852//4176 2435//4192 
f 3852//4176 3853//4177 2436//4193 
f 3853//4177 3854//4178 2437//4194 
f 3854//4178 3855//4179 2438//4195 
f 3855//4179 3638//4196 2439//4197 
f 3711//4005 3721//4017 3653//4198 
f 3721//4017 3654//4199 3653//4198 
f 3711//4005 3655//4200 3656//4201 
f 3702//3994 3712//4006 3657//4202 
f 3712//4006 3711//4005 3657//4202 
f 3702//3994 3658//4203 3659//4204 
f 3703//3995 3702//3994 3660//4205 
f 3660//4205 3689//3979 3703//3995 
f 3689//3979 3661//4206 3662//4207 
f 3690//3980 3689//3979 3663//4208 
f 3692//3982 3690//3980 3664//4209 
f 3694//3984 3692//3982 3665//4210 
f 3696//3986 3694//3984 3666//4211 
f 3698//3988 3696//3986 3667//4212 
f 3700//3990 3698//3988 3668//4213 
f 3669//4214 3642//4215 3639//4216 
f 3639//4216 3700//3990 3669//4214 
f 3785//4091 3670//4217 3671//4218 
f 3672//4219 3673//4220 3670//4217 
f 3785//4091 3674//4221 3672//4219 
f 3670//4217 3785//4091 3672//4219 
f 3770//4074 3671//4218 3675//4222 
f 3771//4075 3770//4074 3676//4223 
f 3676//4223 3756//4058 3771//4075 
f 3756//4058 3677//4224 3678//4225 
f 3756//4058 3679//4226 3677//4224 
f 3757//4059 3756//4058 3680//4227 
f 3680//4227 3743//4043 3757//4059 
f 3743//4043 3681//4228 3682//4229 
f 3744//4044 3743//4043 3683//4230 
f 3683//4230 3684//4231 3744//4044 
f 3731//4029 3730//4028 3685//4232 
f 3685//4232 3686//4233 3731//4029 
f 3721//4017 3733//4031 3687//4234 
f 3733//4031 3731//4029 3688//4235 
f 3688//4235 3687//4234 3733//4031 
f 3687//4234 3654//4199 3721//4017 
f 3686//4233 3688//4235 3731//4029 
f 3685//4232 3730//4028 3684//4231 
f 3684//4231 3730//4028 3744//4044 
f 3682//4229 3683//4230 3743//4043 
f 3680//4227 3681//4228 3743//4043 
f 3678//4225 3680//4227 3756//4058 
f 3676//4223 3679//4226 3756//4058 
f 3675//4222 3676//4223 3770//4074 
f 3671//4218 3770//4074 3785//4091 
f 3639//4216 3613//3992 3700//3990 
f 3668//4213 3669//4214 3700//3990 
f 3667//4212 3668//4213 3698//3988 
f 3666//4211 3667//4212 3696//3986 
f 3665//4210 3666//4211 3694//3984 
f 3664//4209 3665//4210 3692//3982 
f 3663//4208 3664//4209 3690//3980 
f 3662//4207 3663//4208 3689//3979 
f 3660//4205 3661//4206 3689//3979 
f 3659//4204 3660//4205 3702//3994 
f 3657//4202 3658//4203 3702//3994 
f 3656//4201 3657//4202 3711//4005 
f 3653//4198 3655//4200 3711//4005 
f 2439//4197 2438//4195 3855//4179 
f 2438//4195 2437//4194 3854//4178 
f 2437//4194 2436//4193 3853//4177 
f 2436//4193 2435//4192 3852//4176 
f 2435//4192 2434//4191 3851//4175 
f 2434//4191 2433//4190 3850//4174 
f 2433//4190 2432//4189 3849//4173 
f 2432//4189 2431//4188 3848//4172 
f 2431//4188 2430//4187 3847//4171 
f 2430//4187 2429//4186 3846//4170 
f 2429//4186 2428//4185 3845//4169 
f 2428//4185 2427//4184 3844//4168 
f 2427//4184 2426//4183 3843//4167 
f 2426//4183 2425//4182 3842//4164 
f 2425//4182 2421//4236 3652//4166 
f 3636//4181 3638//4196 3855//4179 
f 3855//4179 3854//4178 3840//4160 
f 3854//4178 3853//4177 3839//4159 
f 3853//4177 3852//4176 3838//4158 
f 3852//4176 3851//4175 3837//4157 
f 3851//4175 3850//4174 3836//4156 
f 3850//4174 3849//4173 3835//4155 
f 3849//4173 3848//4172 3834//4154 
f 3848//4172 3847//4171 3833//4153 
f 3847//4171 3846//4170 3832//4152 
f 3846//4170 3845//4169 3831//4151 
f 3845//4169 3844//4168 3830//4150 
f 3844//4168 3843//4167 3829//4149 
f 3843//4167 3842//4164 3828//4146 
f 3651//4165 3650//4148 3828//4146 
f 3634//4163 3637//4180 3841//4161 
f 3841//4161 3840//4160 3826//4142 
f 3840//4160 3839//4159 3825//4141 
f 3839//4159 3838//4158 3824//4140 
f 3838//4158 3837//4157 3823//4139 
f 3837//4157 3836//4156 3822//4138 
f 3836//4156 3835//4155 3821//4137 
f 3835//4155 3834//4154 3820//4136 
f 3834//4154 3833//4153 3819//4135 
f 3833//4153 3832//4152 3818//4134 
f 3832//4152 3831//4151 3817//4133 
f 3831//4151 3830//4150 3816//4132 
f 3830//4150 3829//4149 3815//4131 
f 3829//4149 3828//4146 3814//4128 
f 3649//4147 3648//4130 3814//4128 
f 3632//4145 3635//4162 3827//4143 
f 3827//4143 3826//4142 3812//4124 
f 3826//4142 3825//4141 3811//4123 
f 3825//4141 3824//4140 3810//4122 
f 3824//4140 3823//4139 3809//4121 
f 3823//4139 3822//4138 3808//4120 
f 3822//4138 3821//4137 3807//4119 
f 3821//4137 3820//4136 3806//4118 
f 3820//4136 3819//4135 3805//4117 
f 3819//4135 3818//4134 3804//4116 
f 3818//4134 3817//4133 3803//4115 
f 3817//4133 3816//4132 3802//4114 
f 3816//4132 3815//4131 3801//4113 
f 3815//4131 3814//4128 3800//4110 
f 3647//4129 3646//4112 3800//4110 
f 3630//4127 3633//4144 3813//4125 
f 3813//4125 3812//4124 3798//4106 
f 3812//4124 3811//4123 3797//4105 
f 3811//4123 3810//4122 3796//4104 
f 3810//4122 3809//4121 3795//4103 
f 3809//4121 3808//4120 3794//4102 
f 3808//4120 3807//4119 3793//4101 
f 3807//4119 3806//4118 3792//4100 
f 3806//4118 3805//4117 3791//4099 
f 3805//4117 3804//4116 3790//4098 
f 3804//4116 3803//4115 3789//4097 
f 3803//4115 3802//4114 3788//4096 
f 3802//4114 3801//4113 3787//4095 
f 3801//4113 3800//4110 3786//4092 
f 3645//4111 3644//4094 3786//4092 
f 3628//4109 3631//4126 3799//4107 
f 3799//4107 3798//4106 3783//4087 
f 3798//4106 3797//4105 3782//4086 
f 3797//4105 3796//4104 3781//4085 
f 3796//4104 3795//4103 3780//4084 
f 3795//4103 3794//4102 3779//4083 
f 3794//4102 3793//4101 3778//4082 
f 3793//4101 3792//4100 3777//4081 
f 3792//4100 3791//4099 3776//4080 
f 3791//4099 3790//4098 3775//4079 
f 3790//4098 3789//4097 3774//4078 
f 3789//4097 3788//4096 3773//4077 
f 3788//4096 3787//4095 3772//4076 
f 3787//4095 3786//4092 3785//4091 
f 3643//4093 3674//4221 3785//4091 
f 3626//4090 3629//4108 3784//4088 
f 3784//4088 3783//4087 3768//4070 
f 3783//4087 3782//4086 3767//4069 
f 3782//4086 3781//4085 3766//4068 
f 3781//4085 3780//4084 3765//4067 
f 3780//4084 3779//4083 3764//4066 
f 3779//4083 3778//4082 3763//4065 
f 3778//4082 3777//4081 3762//4064 
f 3777//4081 3776//4080 3761//4063 
f 3776//4080 3775//4079 3760//4062 
f 3775//4079 3774//4078 3759//4061 
f 3774//4078 3773//4077 3758//4060 
f 3773//4077 3772//4076 3771//4075 
f 3772//4076 3785//4091 3770//4074 
f 3624//4073 3627//4089 3769//4071 
f 3769//4071 3768//4070 3754//4054 
f 3768//4070 3767//4069 3753//4053 
f 3767//4069 3766//4068 3752//4052 
f 3766//4068 3765//4067 3751//4051 
f 3765//4067 3764//4066 3750//4050 
f 3764//4066 3763//4065 3749//4049 
f 3763//4065 3762//4064 3748//4048 
f 3762//4064 3761//4063 3747//4047 
f 3761//4063 3760//4062 3746//4046 
f 3760//4062 3759//4061 3745//4045 
f 3759//4061 3758//4060 3757//4059 
f 3758//4060 3771//4075 3756//4058 
f 3622//4057 3625//4072 3755//4055 
f 3755//4055 3754//4054 3741//4039 
f 3754//4054 3753//4053 3740//4038 
f 3753//4053 3752//4052 3739//4037 
f 3752//4052 3751//4051 3738//4036 
f 3751//4051 3750//4050 3737//4035 
f 3750//4050 3749//4049 3736//4034 
f 3749//4049 3748//4048 3735//4033 
f 3748//4048 3747//4047 3734//4032 
f 3747//4047 3746//4046 3732//4030 
f 3746//4046 3745//4045 3744//4044 
f 3745//4045 3757//4059 3743//4043 
f 3620//4042 3623//4056 3742//4040 
f 3742//4040 3741//4039 3728//4024 
f 3741//4039 3740//4038 3727//4023 
f 3740//4038 3739//4037 3726//4022 
f 3739//4037 3738//4036 3725//4021 
f 3738//4036 3737//4035 3724//4020 
f 3737//4035 3736//4034 3723//4019 
f 3736//4034 3735//4033 3722//4018 
f 3735//4033 3734//4032 3733//4031 
f 3734//4032 3732//4030 3731//4029 
f 3732//4030 3744//4044 3730//4028 
f 3618//4027 3621//4041 3729//4025 
f 3729//4025 3728//4024 3719//4013 
f 3728//4024 3727//4023 3718//4012 
f 3727//4023 3726//4022 3717//4011 
f 3726//4022 3725//4021 3716//4010 
f 3725//4021 3724//4020 3715//4009 
f 3724//4020 3723//4019 3714//4008 
f 3723//4019 3722//4018 3713//4007 
f 3722//4018 3733//4031 3721//4017 
f 3616//4016 3619//4026 3720//4014 
f 3720//4014 3719//4013 3709//4001 
f 3719//4013 3718//4012 3708//4000 
f 3718//4012 3717//4011 3707//3999 
f 3717//4011 3716//4010 3706//3998 
f 3716//4010 3715//4009 3705//3997 
f 3715//4009 3714//4008 3704//3996 
f 3714//4008 3713//4007 3712//4006 
f 3713//4007 3721//4017 3711//4005 
f 3614//4004 3617//4015 3710//4002 
f 3710//4002 3709//4001 3699//3989 
f 3709//4001 3708//4000 3697//3987 
f 3708//4000 3707//3999 3695//3985 
f 3707//3999 3706//3998 3693//3983 
f 3706//3998 3705//3997 3691//3981 
f 3705//3997 3704//3996 3703//3995 
f 3704//3996 3712//4006 3702//3994 
f 3612//3993 3615//4003 3701//3991 
f 3701//3991 3699//3989 3698//3988 
f 3699//3989 3697//3987 3696//3986 
f 3697//3987 3695//3985 3694//3984 
f 3695//3985 3693//3983 3692//3982 
f 3693//3983 3691//3981 3690//3980 
f 3691//3981 3703//3995 3689//3979 
o mesh102
f 3856//4237 3660//4237 3659//4237 
f 3856//4237 3654//4237 3687//4237 
f 3856//4237 3655//4237 3653//4237 
f 3856//4237 3661//4237 3660//4237 
f 3856//4237 3665//4237 3664//4237 
f 3856//4237 3667//4237 3666//4237 
f 3653//4237 3654//4237 3856//4237 
f 3856//4237 3657//4237 3656//4237 
f 3659//4237 3658//4237 3856//4237 
f 3856//4237 3663//4237 3662//4237 
f 3666//4237 3665//4237 3856//4237 
f 3856//4237 3669//4237 3668//4237 
f 3656//4237 3655//4237 3856//4237 
f 3662//4237 3661//4237 3856//4237 
f 3668//4237 3667//4237 3856//4237 
f 3856//4237 3640//4237 3642//4237 
f 3658//4237 3657//4237 3856//4237 
f 3642//4237 3669//4237 3856//4237 
f 3664//4237 3663//4237 3856//4237 
f 3687//4237 3857//4237 3856//4237 
o mesh103
f 3857//4238 3680//4238 3677//4238 
f 3857//4238 3681//4238 3680//4238 
f 3677//4238 3679//4238 3857//4238 
f 3857//4238 3683//4238 3682//4238 
f 3857//4238 3671//4238 3670//4238 
f 3857//4238 3676//4238 3675//4238 
f 3680//4238 3678//4238 3677//4238 
f 3857//4238 3684//4238 3683//4238 
f 3857//4238 3688//4238 3686//4238 
f 3675//4238 3671//4238 3857//4238 
f 3682//4238 3681//4238 3857//4238 
f 3686//4238 3685//4238 3857//4238 
f 3679//4238 3676//4238 3857//4238 
f 3857//4238 3687//4238 3688//4238 
f 3685//4238 3684//4238 3857//4238 
f 3670//4238 3858//4238 3857//4238 
o mesh104
f 3859//4239 3860//4239 3641//4239 
f 3641//4239 3856//4239 3859//4239 
f 3641//4239 3640//4239 3856//4239 
o mesh105
f 3858//4240 3861//4240 3862//4240 
f 3858//4240 3859//4240 3856//4240 
f 3856//4240 3857//4240 3858//4240 
f 3862//4240 3859//4240 3858//4240 
o mesh106
f 3859//4241 3863//4241 3864//4241 
f 3864//4241 3865//4241 3859//4241 
f 3859//4241 3862//4241 3866//4241 
f 3866//4241 3863//4241 3859//4241 
f 3865//4241 3867//4241 3859//4241 
f 3867//4241 3860//4241 3859//4241 
o mesh107
f 3861//4242 3858//4242 3673//4242 
f 3858//4242 3670//4242 3673//4242 
f 3673//4242 3868//4242 3861//4242 
o mesh108
f 3862//4243 3869//4243 3870//4243 
f 3870//4243 3871//4243 3862//4243 
f 3871//4243 3872//4243 3862//4243 
f 3862//4243 3861//4243 3868//4243 
f 3868//4243 3869//4243 3862//4243 
f 3872//4243 3873//4243 3862//4243 
f 3873//4243 3866//4243 3862//4243 
o mesh109
f 3377//4244 3874//4245 3875//4246 
f 3875//4246 3376//4247 3377//4244 
f 3376//4247 3876//4248 3877//4249 
f 3877//4249 3375//4250 3376//4247 
f 3375//4250 3878//4251 3879//4252 
f 3879//4252 3374//4253 3375//4250 
f 3374//4253 3880//4254 3881//4255 
f 3881//4255 3373//4256 3374//4253 
f 3373//4256 3882//4257 3883//4258 
f 3883//4258 3372//4259 3373//4256 
f 3372//4259 3884//4260 3885//4261 
f 3885//4261 2535//4262 3372//4259 
f 3609//4263 3886//4263 3887//4264 
f 3887//4264 3888//4265 3607//4265 
f 3607//4265 3888//4265 3889//4266 
f 3604//4267 3605//4268 3890//4268 
f 3889//4266 3890//4268 3605//4268 
f 3605//4268 3608//4269 3889//4266 
f 3891//4270 3602//4270 3604//4267 
f 3600//4271 3602//4270 3891//4270 
f 3892//4272 3601//4272 3600//4271 
f 3893//4273 3603//4273 3601//4272 
f 3874//4245 3377//4244 3894//4274 
f 3595//4274 3603//4273 3893//4273 
f 3377//4244 3401//4274 3595//4274 
f 3595//4274 3894//4274 3377//4244 
f 3893//4273 3894//4274 3595//4274 
f 3894//4274 3895//4274 3874//4245 
f 3601//4272 3892//4272 3893//4273 
f 3600//4271 3896//4275 3892//4272 
f 3891//4270 3896//4275 3600//4271 
f 3604//4267 3897//4276 3891//4270 
f 3890//4268 3897//4276 3604//4267 
f 3889//4266 3608//4269 3607//4265 
f 3607//4265 3606//4277 3887//4264 
f 3887//4264 3606//4277 3609//4263 
f 3885//4261 2534//4278 2535//4262 
f 3883//4258 3884//4260 3372//4259 
f 3881//4255 3882//4257 3373//4256 
f 3879//4252 3880//4254 3374//4253 
f 3877//4249 3878//4251 3375//4250 
f 3875//4246 3876//4248 3376//4247 
o mesh110
f 3898//4279 3893//4279 3892//4279 
f 3892//4279 3896//4279 3898//4279 
f 3896//4279 3891//4279 3898//4279 
f 3898//4279 3899//4279 3894//4279 
f 3894//4279 3893//4279 3898//4279 
f 3891//4279 3897//4279 3898//4279 
f 3897//4279 3890//4279 3898//4279 
o mesh111
f 3900//4280 3889//4280 3888//4280 
f 3888//4280 3887//4280 3900//4280 
f 3900//4280 3898//4280 3890//4280 
f 3890//4280 3889//4280 3900//4280 
f 3887//4280 3886//4280 3900//4280 
f 3886//4280 3901//4280 3900//4280 
o mesh112
f 3900//4281 3901//4281 3902//4281 
f 3902//4281 3903//4281 3900//4281 
f 3902//4281 3904//4281 3903//4281 
o mesh113
f 3967//4282 3968//4283 3969//4284 
f 3968//4283 3970//4285 3971//4286 
f 3970//4285 3972//4287 3973//4288 
f 3972//4287 3974//4289 3975//4290 
f 3974//4289 3976//4291 3977//4292 
f 3976//4291 3978//4293 3979//4294 
f 3978//4293 3905//4295 3906//4296 
f 3906//4296 3979//4294 3978//4293 
f 3980//4297 3981//4298 3982//4299 
f 3981//4298 3969//4284 3983//4300 
f 3969//4284 3971//4286 3984//4301 
f 3971//4286 3973//4288 3985//4302 
f 3973//4288 3975//4290 3986//4303 
f 3975//4290 3977//4292 3987//4304 
f 3977//4292 3979//4294 3988//4305 
f 3979//4294 3907//4306 3908//4307 
f 3908//4307 3988//4305 3979//4294 
f 3989//4308 3990//4309 3991//4310 
f 3990//4309 3982//4299 3992//4311 
f 3982//4299 3983//4300 3993//4312 
f 3983//4300 3984//4301 3994//4313 
f 3984//4301 3985//4302 3995//4314 
f 3985//4302 3986//4303 3996//4315 
f 3986//4303 3987//4304 3997//4316 
f 3987//4304 3988//4305 3998//4317 
f 3988//4305 3909//4318 3910//4319 
f 3910//4319 3998//4317 3988//4305 
f 3999//4320 3991//4310 4000//4321 
f 3991//4310 3992//4311 4001//4322 
f 3992//4311 3993//4312 4002//4323 
f 3993//4312 3994//4313 4003//4324 
f 3994//4313 3995//4314 4004//4325 
f 3995//4314 3996//4315 4005//4326 
f 3996//4315 3997//4316 4006//4327 
f 3997//4316 3998//4317 4007//4328 
f 3998//4317 3911//4329 3912//4330 
f 3912//4330 4007//4328 3998//4317 
f 4008//4331 4009//4332 4010//4333 
f 4009//4332 4011//4334 4012//4335 
f 4011//4334 4000//4321 4013//4336 
f 4000//4321 4001//4322 4014//4337 
f 4001//4322 4002//4323 4015//4338 
f 4002//4323 4003//4324 4016//4339 
f 4003//4324 4004//4325 4017//4340 
f 4004//4325 4005//4326 4018//4341 
f 4005//4326 4006//4327 4019//4342 
f 4006//4327 4007//4328 4020//4343 
f 4007//4328 3913//4344 3914//4345 
f 3914//4345 4020//4343 4007//4328 
f 4021//4346 4022//4347 4023//4348 
f 4022//4347 4010//4333 4024//4349 
f 4010//4333 4012//4335 4025//4350 
f 4012//4335 4013//4336 4026//4351 
f 4013//4336 4014//4337 4027//4352 
f 4014//4337 4015//4338 4028//4353 
f 4015//4338 4016//4339 4029//4354 
f 4016//4339 4017//4340 4030//4355 
f 4017//4340 4018//4341 4031//4356 
f 4018//4341 4019//4342 4032//4357 
f 4019//4342 4020//4343 4033//4358 
f 4020//4343 3915//4359 3916//4360 
f 3916//4360 4033//4358 4020//4343 
f 4034//4361 4035//4362 4036//4363 
f 4035//4362 4023//4348 4037//4364 
f 4023//4348 4024//4349 4038//4365 
f 4024//4349 4025//4350 4039//4366 
f 4025//4350 4026//4351 4040//4367 
f 4026//4351 4027//4352 4041//4368 
f 4027//4352 4028//4353 4042//4369 
f 4028//4353 4029//4354 4043//4370 
f 4029//4354 4030//4355 4044//4371 
f 4030//4355 4031//4356 4045//4372 
f 4031//4356 4032//4357 4046//4373 
f 4032//4357 4033//4358 4047//4374 
f 4033//4358 3917//4375 3918//4376 
f 3918//4376 4047//4374 4033//4358 
f 4048//4377 4049//4378 4050//4379 
f 4049//4378 4036//4363 4051//4380 
f 4036//4363 4037//4364 4052//4381 
f 4037//4364 4038//4365 4053//4382 
f 4038//4365 4039//4366 4054//4383 
f 4039//4366 4040//4367 4055//4384 
f 4040//4367 4041//4368 4056//4385 
f 4041//4368 4042//4369 4057//4386 
f 4042//4369 4043//4370 4058//4387 
f 4043//4370 4044//4371 4059//4388 
f 4044//4371 4045//4372 4060//4389 
f 4045//4372 4046//4373 4061//4390 
f 4046//4373 4047//4374 4062//4391 
f 4047//4374 3919//4392 3920//4393 
f 3920//4393 4062//4391 4047//4374 
f 4063//4394 4064//4395 3876//4396 
f 4064//4395 3877//4397 3876//4396 
f 4063//4394 4050//4379 4065//4398 
f 4050//4379 4051//4380 4066//4399 
f 4051//4380 4052//4381 4067//4400 
f 4052//4381 4053//4382 4068//4401 
f 4053//4382 4054//4383 4069//4402 
f 4054//4383 4055//4384 4070//4403 
f 4055//4384 4056//4385 4071//4404 
f 4056//4385 4057//4386 4072//4405 
f 4057//4386 4058//4387 4073//4406 
f 4058//4387 4059//4388 4074//4407 
f 4059//4388 4060//4389 4075//4408 
f 4060//4389 4061//4390 4076//4409 
f 4061//4390 4062//4391 4077//4410 
f 4062//4391 3921//4411 3922//4412 
f 3922//4412 4077//4410 4062//4391 
f 4064//4395 4078//4413 3878//4414 
f 4078//4413 3879//4415 3878//4414 
f 4064//4395 4065//4398 4079//4416 
f 4065//4398 4066//4399 4080//4417 
f 4066//4399 4067//4400 4081//4418 
f 4067//4400 4068//4401 4082//4419 
f 4068//4401 4069//4402 4083//4420 
f 4069//4402 4070//4403 4084//4421 
f 4070//4403 4071//4404 4085//4422 
f 4071//4404 4072//4405 4086//4423 
f 4072//4405 4073//4406 4087//4424 
f 4073//4406 4074//4407 4088//4425 
f 4074//4407 4075//4408 4089//4426 
f 4075//4408 4076//4409 4090//4427 
f 4076//4409 4077//4410 4091//4428 
f 4077//4410 3923//4429 3924//4430 
f 3924//4430 4091//4428 4077//4410 
f 4078//4413 4092//4431 3880//4432 
f 4092//4431 3881//4433 3880//4432 
f 4078//4413 4079//4416 4093//4434 
f 4079//4416 4080//4417 4094//4435 
f 4080//4417 4081//4418 4095//4436 
f 4081//4418 4082//4419 4096//4437 
f 4082//4419 4083//4420 4097//4438 
f 4083//4420 4084//4421 4098//4439 
f 4084//4421 4085//4422 4099//4440 
f 4085//4422 4086//4423 4100//4441 
f 4086//4423 4087//4424 4101//4442 
f 4087//4424 4088//4425 4102//4443 
f 4088//4425 4089//4426 4103//4444 
f 4089//4426 4090//4427 4104//4445 
f 4090//4427 4091//4428 4105//4446 
f 4091//4428 3925//4447 3926//4448 
f 3926//4448 4105//4446 4091//4428 
f 4092//4431 4106//4449 3882//4450 
f 4106//4449 3883//4451 3882//4450 
f 4092//4431 4093//4434 4107//4452 
f 4093//4434 4094//4435 4108//4453 
f 4094//4435 4095//4436 4109//4454 
f 4095//4436 4096//4437 4110//4455 
f 4096//4437 4097//4438 4111//4456 
f 4097//4438 4098//4439 4112//4457 
f 4098//4439 4099//4440 4113//4458 
f 4099//4440 4100//4441 4114//4459 
f 4100//4441 4101//4442 4115//4460 
f 4101//4442 4102//4443 4116//4461 
f 4102//4443 4103//4444 4117//4462 
f 4103//4444 4104//4445 4118//4463 
f 4104//4445 4105//4446 4119//4464 
f 4105//4446 3927//4465 3928//4466 
f 3928//4466 4119//4464 4105//4446 
f 3884//4467 3883//4451 4106//4449 
f 4120//4468 3885//4469 3884//4467 
f 4106//4449 4107//4452 4121//4470 
f 4107//4452 4108//4453 4122//4471 
f 4108//4453 4109//4454 4123//4472 
f 4109//4454 4110//4455 4124//4473 
f 4110//4455 4111//4456 4125//4474 
f 4111//4456 4112//4457 4126//4475 
f 4112//4457 4113//4458 4127//4476 
f 4113//4458 4114//4459 4128//4477 
f 4114//4459 4115//4460 4129//4478 
f 4115//4460 4116//4461 4130//4479 
f 4116//4461 4117//4462 4131//4480 
f 4117//4462 4118//4463 4132//4481 
f 4118//4463 4119//4464 4133//4482 
f 3929//4483 4133//4482 4119//4464 
f 4119//4464 3930//4484 3929//4483 
f 3885//4469 4120//4468 2550//4485 
f 4120//4468 4121//4470 2551//4486 
f 4121//4470 4122//4471 2552//4487 
f 4122//4471 4123//4472 2553//4488 
f 4123//4472 4124//4473 2554//4489 
f 4124//4473 4125//4474 2555//4490 
f 4125//4474 4126//4475 2556//4491 
f 4126//4475 4127//4476 2557//4492 
f 4127//4476 4128//4477 2558//4493 
f 4128//4477 4129//4478 2559//4494 
f 4129//4478 4130//4479 2560//4495 
f 4130//4479 4131//4480 2561//4496 
f 4131//4480 4132//4481 2562//4497 
f 4132//4481 4133//4482 2563//4498 
f 4133//4482 3931//4499 2532//4500 
f 4063//4394 3932//4501 3933//4502 
f 3874//4503 3895//4504 3932//4501 
f 4063//4394 3875//4505 3874//4503 
f 3932//4501 4063//4394 3874//4503 
f 4048//4377 3933//4502 3934//4506 
f 4049//4378 4048//4377 3935//4507 
f 3935//4507 4034//4361 4049//4378 
f 4034//4361 3936//4508 3937//4509 
f 4034//4361 3938//4510 3936//4508 
f 4035//4362 4034//4361 3939//4511 
f 3939//4511 4021//4346 4035//4362 
f 4021//4346 3940//4512 3941//4513 
f 4022//4347 3942//4514 3943//4515 
f 4022//4347 4021//4346 3942//4514 
f 4009//4332 4008//4331 3944//4516 
f 3944//4516 3945//4517 4009//4332 
f 3999//4320 4011//4334 3946//4518 
f 4011//4334 4009//4332 3947//4519 
f 3947//4519 3946//4518 4011//4334 
f 3989//4308 3999//4320 3948//4520 
f 3999//4320 3949//4521 3948//4520 
f 3989//4308 3950//4522 3951//4523 
f 3980//4297 3990//4309 3952//4524 
f 3990//4309 3989//4308 3952//4524 
f 3980//4297 3953//4525 3954//4526 
f 3981//4298 3980//4297 3955//4527 
f 3955//4527 3967//4282 3981//4298 
f 3967//4282 3956//4528 3957//4529 
f 3968//4283 3967//4282 3958//4530 
f 3970//4285 3968//4283 3959//4531 
f 3972//4287 3970//4285 3960//4532 
f 3974//4289 3972//4287 3961//4533 
f 3976//4291 3974//4289 3962//4534 
f 3978//4293 3976//4291 3963//4535 
f 3964//4536 3965//4537 3966//4538 
f 3966//4538 3978//4293 3964//4536 
f 3966//4538 3905//4295 3978//4293 
f 3963//4535 3964//4536 3978//4293 
f 3962//4534 3963//4535 3976//4291 
f 3961//4533 3962//4534 3974//4289 
f 3960//4532 3961//4533 3972//4287 
f 3959//4531 3960//4532 3970//4285 
f 3958//4530 3959//4531 3968//4283 
f 3957//4529 3958//4530 3967//4282 
f 3955//4527 3956//4528 3967//4282 
f 3954//4526 3955//4527 3980//4297 
f 3952//4524 3953//4525 3980//4297 
f 3951//4523 3952//4524 3989//4308 
f 3948//4520 3950//4522 3989//4308 
f 3946//4518 3949//4521 3999//4320 
f 3945//4517 3947//4519 4009//4332 
f 3944//4516 4008//4331 3943//4515 
f 3943//4515 4008//4331 4022//4347 
f 3941//4513 3942//4514 4021//4346 
f 3939//4511 3940//4512 4021//4346 
f 3937//4509 3939//4511 4034//4361 
f 3935//4507 3938//4510 4034//4361 
f 3934//4506 3935//4507 4048//4377 
f 3933//4502 4048//4377 4063//4394 
f 2532//4500 2563//4498 4133//4482 
f 2563//4498 2562//4497 4132//4481 
f 2562//4497 2561//4496 4131//4480 
f 2561//4496 2560//4495 4130//4479 
f 2560//4495 2559//4494 4129//4478 
f 2559//4494 2558//4493 4128//4477 
f 2558//4493 2557//4492 4127//4476 
f 2557//4492 2556//4491 4126//4475 
f 2556//4491 2555//4490 4125//4474 
f 2555//4490 2554//4489 4124//4473 
f 2554//4489 2553//4488 4123//4472 
f 2553//4488 2552//4487 4122//4471 
f 2552//4487 2551//4486 4121//4470 
f 2551//4486 2550//4485 4120//4468 
f 2550//4485 2534//4539 3885//4469 
f 3929//4483 3931//4499 4133//4482 
f 4133//4482 4132//4481 4118//4463 
f 4132//4481 4131//4480 4117//4462 
f 4131//4480 4130//4479 4116//4461 
f 4130//4479 4129//4478 4115//4460 
f 4129//4478 4128//4477 4114//4459 
f 4128//4477 4127//4476 4113//4458 
f 4127//4476 4126//4475 4112//4457 
f 4126//4475 4125//4474 4111//4456 
f 4125//4474 4124//4473 4110//4455 
f 4124//4473 4123//4472 4109//4454 
f 4123//4472 4122//4471 4108//4453 
f 4122//4471 4121//4470 4107//4452 
f 4121//4470 4120//4468 4106//4449 
f 4106//4449 4120//4468 3884//4467 
f 3928//4466 3930//4484 4119//4464 
f 4119//4464 4118//4463 4104//4445 
f 4118//4463 4117//4462 4103//4444 
f 4117//4462 4116//4461 4102//4443 
f 4116//4461 4115//4460 4101//4442 
f 4115//4460 4114//4459 4100//4441 
f 4114//4459 4113//4458 4099//4440 
f 4113//4458 4112//4457 4098//4439 
f 4112//4457 4111//4456 4097//4438 
f 4111//4456 4110//4455 4096//4437 
f 4110//4455 4109//4454 4095//4436 
f 4109//4454 4108//4453 4094//4435 
f 4108//4453 4107//4452 4093//4434 
f 4107//4452 4106//4449 4092//4431 
f 3882//4450 3881//4433 4092//4431 
f 3926//4448 3927//4465 4105//4446 
f 4105//4446 4104//4445 4090//4427 
f 4104//4445 4103//4444 4089//4426 
f 4103//4444 4102//4443 4088//4425 
f 4102//4443 4101//4442 4087//4424 
f 4101//4442 4100//4441 4086//4423 
f 4100//4441 4099//4440 4085//4422 
f 4099//4440 4098//4439 4084//4421 
f 4098//4439 4097//4438 4083//4420 
f 4097//4438 4096//4437 4082//4419 
f 4096//4437 4095//4436 4081//4418 
f 4095//4436 4094//4435 4080//4417 
f 4094//4435 4093//4434 4079//4416 
f 4093//4434 4092//4431 4078//4413 
f 3880//4432 3879//4415 4078//4413 
f 3924//4430 3925//4447 4091//4428 
f 4091//4428 4090//4427 4076//4409 
f 4090//4427 4089//4426 4075//4408 
f 4089//4426 4088//4425 4074//4407 
f 4088//4425 4087//4424 4073//4406 
f 4087//4424 4086//4423 4072//4405 
f 4086//4423 4085//4422 4071//4404 
f 4085//4422 4084//4421 4070//4403 
f 4084//4421 4083//4420 4069//4402 
f 4083//4420 4082//4419 4068//4401 
f 4082//4419 4081//4418 4067//4400 
f 4081//4418 4080//4417 4066//4399 
f 4080//4417 4079//4416 4065//4398 
f 4079//4416 4078//4413 4064//4395 
f 3878//4414 3877//4397 4064//4395 
f 3922//4412 3923//4429 4077//4410 
f 4077//4410 4076//4409 4061//4390 
f 4076//4409 4075//4408 4060//4389 
f 4075//4408 4074//4407 4059//4388 
f 4074//4407 4073//4406 4058//4387 
f 4073//4406 4072//4405 4057//4386 
f 4072//4405 4071//4404 4056//4385 
f 4071//4404 4070//4403 4055//4384 
f 4070//4403 4069//4402 4054//4383 
f 4069//4402 4068//4401 4053//4382 
f 4068//4401 4067//4400 4052//4381 
f 4067//4400 4066//4399 4051//4380 
f 4066//4399 4065//4398 4050//4379 
f 4065//4398 4064//4395 4063//4394 
f 3876//4396 3875//4505 4063//4394 
f 3920//4393 3921//4411 4062//4391 
f 4062//4391 4061//4390 4046//4373 
f 4061//4390 4060//4389 4045//4372 
f 4060//4389 4059//4388 4044//4371 
f 4059//4388 4058//4387 4043//4370 
f 4058//4387 4057//4386 4042//4369 
f 4057//4386 4056//4385 4041//4368 
f 4056//4385 4055//4384 4040//4367 
f 4055//4384 4054//4383 4039//4366 
f 4054//4383 4053//4382 4038//4365 
f 4053//4382 4052//4381 4037//4364 
f 4052//4381 4051//4380 4036//4363 
f 4051//4380 4050//4379 4049//4378 
f 4050//4379 4063//4394 4048//4377 
f 3918//4376 3919//4392 4047//4374 
f 4047//4374 4046//4373 4032//4357 
f 4046//4373 4045//4372 4031//4356 
f 4045//4372 4044//4371 4030//4355 
f 4044//4371 4043//4370 4029//4354 
f 4043//4370 4042//4369 4028//4353 
f 4042//4369 4041//4368 4027//4352 
f 4041//4368 4040//4367 4026//4351 
f 4040//4367 4039//4366 4025//4350 
f 4039//4366 4038//4365 4024//4349 
f 4038//4365 4037//4364 4023//4348 
f 4037//4364 4036//4363 4035//4362 
f 4036//4363 4049//4378 4034//4361 
f 3916//4360 3917//4375 4033//4358 
f 4033//4358 4032//4357 4019//4342 
f 4032//4357 4031//4356 4018//4341 
f 4031//4356 4030//4355 4017//4340 
f 4030//4355 4029//4354 4016//4339 
f 4029//4354 4028//4353 4015//4338 
f 4028//4353 4027//4352 4014//4337 
f 4027//4352 4026//4351 4013//4336 
f 4026//4351 4025//4350 4012//4335 
f 4025//4350 4024//4349 4010//4333 
f 4024//4349 4023//4348 4022//4347 
f 4023//4348 4035//4362 4021//4346 
f 3914//4345 3915//4359 4020//4343 
f 4020//4343 4019//4342 4006//4327 
f 4019//4342 4018//4341 4005//4326 
f 4018//4341 4017//4340 4004//4325 
f 4017//4340 4016//4339 4003//4324 
f 4016//4339 4015//4338 4002//4323 
f 4015//4338 4014//4337 4001//4322 
f 4014//4337 4013//4336 4000//4321 
f 4013//4336 4012//4335 4011//4334 
f 4012//4335 4010//4333 4009//4332 
f 4010//4333 4022//4347 4008//4331 
f 3912//4330 3913//4344 4007//4328 
f 4007//4328 4006//4327 3997//4316 
f 4006//4327 4005//4326 3996//4315 
f 4005//4326 4004//4325 3995//4314 
f 4004//4325 4003//4324 3994//4313 
f 4003//4324 4002//4323 3993//4312 
f 4002//4323 4001//4322 3992//4311 
f 4001//4322 4000//4321 3991//4310 
f 4000//4321 4011//4334 3999//4320 
f 3910//4319 3911//4329 3998//4317 
f 3998//4317 3997//4316 3987//4304 
f 3997//4316 3996//4315 3986//4303 
f 3996//4315 3995//4314 3985//4302 
f 3995//4314 3994//4313 3984//4301 
f 3994//4313 3993//4312 3983//4300 
f 3993//4312 3992//4311 3982//4299 
f 3992//4311 3991//4310 3990//4309 
f 3991//4310 3999//4320 3989//4308 
f 3908//4307 3909//4318 3988//4305 
f 3988//4305 3987//4304 3977//4292 
f 3987//4304 3986//4303 3975//4290 
f 3986//4303 3985//4302 3973//4288 
f 3985//4302 3984//4301 3971//4286 
f 3984//4301 3983//4300 3969//4284 
f 3983//4300 3982//4299 3981//4298 
f 3982//4299 3990//4309 3980//4297 
f 3906//4296 3907//4306 3979//4294 
f 3979//4294 3977//4292 3976//4291 
f 3977//4292 3975//4290 3974//4289 
f 3975//4290 3973//4288 3972//4287 
f 3973//4288 3971//4286 3970//4285 
f 3971//4286 3969//4284 3968//4283 
f 3969//4284 3981//4298 3967//4282 
o mesh114
f 4134//4540 3898//4540 3900//4540 
f 3898//4540 4134//4540 4135//4540 
f 4135//4540 3899//4540 3898//4540 
f 3900//4540 3903//4540 4134//4540 
o mesh115
f 3903//4541 3955//4541 3954//4541 
f 3903//4541 3961//4541 3960//4541 
f 3903//4541 3964//4541 3963//4541 
f 3903//4541 3956//4541 3955//4541 
f 3960//4541 3959//4541 3903//4541 
f 3963//4541 3962//4541 3903//4541 
f 3903//4541 3949//4541 3946//4541 
f 3903//4541 3950//4541 3948//4541 
f 3954//4541 3953//4541 3903//4541 
f 3903//4541 3958//4541 3957//4541 
f 3962//4541 3961//4541 3903//4541 
f 3903//4541 3904//4541 3965//4541 
f 3948//4541 3949//4541 3903//4541 
f 3903//4541 3952//4541 3951//4541 
f 3957//4541 3956//4541 3903//4541 
f 3965//4541 3964//4541 3903//4541 
f 3951//4541 3950//4541 3903//4541 
f 3959//4541 3958//4541 3903//4541 
f 3953//4541 3952//4541 3903//4541 
f 3946//4541 4134//4541 3903//4541 
o mesh116
f 3899//4542 4135//4542 3895//4542 
f 4135//4542 3932//4542 3895//4542 
f 3895//4542 3894//4542 3899//4542 
o mesh117
f 4134//4543 3938//4543 3935//4543 
f 4134//4543 3942//4543 3941//4543 
f 4134//4543 3933//4543 3932//4543 
f 3935//4543 3933//4543 4134//4543 
f 4134//4543 3939//4543 3937//4543 
f 3941//4543 3940//4543 4134//4543 
f 4134//4543 3944//4543 3943//4543 
f 4134//4543 3947//4543 3945//4543 
f 3935//4543 3934//4543 3933//4543 
f 3937//4543 3936//4543 4134//4543 
f 3943//4543 3942//4543 4134//4543 
f 4134//4543 3946//4543 3947//4543 
f 3936//4543 3938//4543 4134//4543 
f 3945//4543 3944//4543 4134//4543 
f 3940//4543 3939//4543 4134//4543 
f 3932//4543 4135//4543 4134//4543 
o mesh118
f 3906//4544 3905//4545 4136//4545 
f 4137//4546 4136//4545 3905//4545 
f 3905//4545 3966//4546 4137//4546 
f 3908//4547 3907//4548 4138//4548 
f 4139//4549 4138//4548 3907//4548 
f 3907//4548 3906//4544 4139//4549 
f 3910//4550 3909//4551 4140//4551 
f 4141//4552 4140//4551 3909//4551 
f 3909//4551 3908//4547 4141//4552 
f 3912//4553 3911//4554 4142//4554 
f 4143//4555 4142//4554 3911//4554 
f 3911//4554 3910//4550 4143//4555 
f 3914//4556 3913//4557 4144//4557 
f 4145//4558 4144//4557 3913//4557 
f 3913//4557 3912//4553 4145//4558 
f 3916//4559 3915//4560 4146//4560 
f 4147//4561 4146//4560 3915//4560 
f 3915//4560 3914//4556 4147//4561 
f 3918//4562 3917//4563 4148//4563 
f 4149//4564 4148//4563 3917//4563 
f 3917//4563 3916//4559 4149//4564 
f 3920//4565 3919//4566 4150//4566 
f 4151//4567 4150//4566 3919//4566 
f 3919//4566 3918//4562 4151//4567 
f 3922//4568 3921//4569 4152//4569 
f 4153//4570 4152//4569 3921//4569 
f 3921//4569 3920//4565 4153//4570 
f 3924//4571 3923//4572 4154//4572 
f 4155//4573 4154//4572 3923//4572 
f 3923//4572 3922//4568 4155//4573 
f 3926//4574 3925//4575 4156//4575 
f 4157//4576 4156//4575 3925//4575 
f 3925//4575 3924//4571 4157//4576 
f 3928//4577 3927//4578 4158//4578 
f 4159//4579 4158//4578 3927//4578 
f 3927//4578 3926//4574 4159//4579 
f 3929//4580 3930//4581 4160//4581 
f 4161//4582 4160//4581 3930//4581 
f 3930//4581 3928//4577 4161//4582 
f 2532//4583 3931//4584 4162//4584 
f 4163//4585 4162//4584 3931//4584 
f 3931//4584 3929//4580 4163//4585 
f 4137//4546 3904//4586 4164//4586 
f 3904//4586 3902//4587 4165//4587 
f 4165//4587 4164//4586 3904//4586 
f 3966//4546 3965//4588 3904//4586 
f 3904//4586 4137//4546 3966//4546 
f 4164//4586 4166//4588 4137//4546 
f 4162//4584 2533//4589 2532//4583 
f 4160//4581 4163//4585 3929//4580 
f 4158//4578 4161//4582 3928//4577 
f 4156//4575 4159//4579 3926//4574 
f 4154//4572 4157//4576 3924//4571 
f 4152//4569 4155//4573 3922//4568 
f 4150//4566 4153//4570 3920//4565 
f 4148//4563 4151//4567 3918//4562 
f 4146//4560 4149//4564 3916//4559 
f 4144//4557 4147//4561 3914//4556 
f 4142//4554 4145//4558 3912//4553 
f 4140//4551 4143//4555 3910//4550 
f 4138//4548 4141//4552 3908//4547 
f 4136//4545 4139//4549 3906//4544 
o mesh119
f 4213//4590 4214//4591 4139//4592 
f 4214//4591 4138//4593 4139//4592 
f 4213//4590 4215//4594 4216//4595 
f 4215//4594 4217//4596 4218//4597 
f 4217//4596 4219//4598 4220//4599 
f 4219//4598 4221//4600 4222//4601 
f 4221//4600 4223//4602 4224//4603 
f 4223//4602 4225//4604 4226//4605 
f 4214//4591 4227//4606 4141//4607 
f 4227//4606 4140//4608 4141//4607 
f 4214//4591 4216//4595 4228//4609 
f 4216//4595 4218//4597 4229//4610 
f 4218//4597 4220//4599 4230//4611 
f 4220//4599 4222//4601 4231//4612 
f 4222//4601 4224//4603 4232//4613 
f 4224//4603 4226//4605 4233//4614 
f 4226//4605 4234//4615 4235//4616 
f 4227//4606 4236//4617 4143//4618 
f 4236//4617 4142//4619 4143//4618 
f 4227//4606 4228//4609 4237//4620 
f 4228//4609 4229//4610 4238//4621 
f 4229//4610 4230//4611 4239//4622 
f 4230//4611 4231//4612 4240//4623 
f 4231//4612 4232//4613 4241//4624 
f 4232//4613 4233//4614 4242//4625 
f 4233//4614 4235//4616 4243//4626 
f 4235//4616 4244//4627 4245//4628 
f 4236//4617 4246//4629 4145//4630 
f 4246//4629 4144//4631 4145//4630 
f 4236//4617 4237//4620 4247//4632 
f 4237//4620 4238//4621 4248//4633 
f 4238//4621 4239//4622 4249//4634 
f 4239//4622 4240//4623 4250//4635 
f 4240//4623 4241//4624 4251//4636 
f 4241//4624 4242//4625 4252//4637 
f 4242//4625 4243//4626 4253//4638 
f 4243//4626 4245//4628 4254//4639 
f 4246//4629 4255//4640 4147//4641 
f 4255//4640 4146//4642 4147//4641 
f 4246//4629 4247//4632 4256//4643 
f 4247//4632 4248//4633 4257//4644 
f 4248//4633 4249//4634 4258//4645 
f 4249//4634 4250//4635 4259//4646 
f 4250//4635 4251//4636 4260//4647 
f 4251//4636 4252//4637 4261//4648 
f 4252//4637 4253//4638 4262//4649 
f 4253//4638 4254//4639 4263//4650 
f 4254//4639 4264//4651 4265//4652 
f 4264//4651 4266//4653 4267//4654 
f 4255//4640 4268//4655 4149//4656 
f 4268//4655 4148//4657 4149//4656 
f 4255//4640 4256//4643 4269//4658 
f 4256//4643 4257//4644 4270//4659 
f 4257//4644 4258//4645 4271//4660 
f 4258//4645 4259//4646 4272//4661 
f 4259//4646 4260//4647 4273//4662 
f 4260//4647 4261//4648 4274//4663 
f 4261//4648 4262//4649 4275//4664 
f 4262//4649 4263//4650 4276//4665 
f 4263//4650 4265//4652 4277//4666 
f 4265//4652 4267//4654 4278//4667 
f 4267//4654 4279//4668 4280//4669 
f 4268//4655 4281//4670 4151//4671 
f 4281//4670 4150//4672 4151//4671 
f 4268//4655 4269//4658 4282//4673 
f 4269//4658 4270//4659 4283//4674 
f 4270//4659 4271//4660 4284//4675 
f 4271//4660 4272//4661 4285//4676 
f 4272//4661 4273//4662 4286//4677 
f 4273//4662 4274//4663 4287//4678 
f 4274//4663 4275//4664 4288//4679 
f 4275//4664 4276//4665 4289//4680 
f 4276//4665 4277//4666 4290//4681 
f 4277//4666 4278//4667 4291//4682 
f 4278//4667 4280//4669 4292//4683 
f 4280//4669 4293//4684 4294//4685 
f 4281//4670 4295//4686 4153//4687 
f 4295//4686 4152//4688 4153//4687 
f 4281//4670 4282//4673 4296//4689 
f 4282//4673 4283//4674 4297//4690 
f 4283//4674 4284//4675 4298//4691 
f 4284//4675 4285//4676 4299//4692 
f 4285//4676 4286//4677 4300//4693 
f 4286//4677 4287//4678 4301//4694 
f 4287//4678 4288//4679 4302//4695 
f 4288//4679 4289//4680 4303//4696 
f 4289//4680 4290//4681 4304//4697 
f 4290//4681 4291//4682 4305//4698 
f 4291//4682 4292//4683 4306//4699 
f 4292//4683 4294//4685 4307//4700 
f 4294//4685 4308//4701 4309//4702 
f 4295//4686 4310//4703 4155//4704 
f 4310//4703 4154//4705 4155//4704 
f 4295//4686 4296//4689 4311//4706 
f 4296//4689 4297//4690 4312//4707 
f 4297//4690 4298//4691 4313//4708 
f 4298//4691 4299//4692 4314//4709 
f 4299//4692 4300//4693 4315//4710 
f 4300//4693 4301//4694 4316//4711 
f 4301//4694 4302//4695 4317//4712 
f 4302//4695 4303//4696 4318//4713 
f 4303//4696 4304//4697 4319//4714 
f 4304//4697 4305//4698 4320//4715 
f 4305//4698 4306//4699 4321//4716 
f 4306//4699 4307//4700 4322//4717 
f 4307//4700 4309//4702 4323//4718 
f 4309//4702 4167//4719 4168//4720 
f 4168//4720 4323//4718 4309//4702 
f 4310//4703 4324//4721 4157//4722 
f 4324//4721 4156//4723 4157//4722 
f 4310//4703 4311//4706 4325//4724 
f 4311//4706 4312//4707 4326//4725 
f 4312//4707 4313//4708 4327//4726 
f 4313//4708 4314//4709 4328//4727 
f 4314//4709 4315//4710 4329//4728 
f 4315//4710 4316//4711 4330//4729 
f 4316//4711 4317//4712 4331//4730 
f 4317//4712 4318//4713 4332//4731 
f 4318//4713 4319//4714 4333//4732 
f 4319//4714 4320//4715 4334//4733 
f 4320//4715 4321//4716 4335//4734 
f 4321//4716 4322//4717 4336//4735 
f 4322//4717 4323//4718 4337//4736 
f 4323//4718 4169//4737 4170//4738 
f 4170//4738 4337//4736 4323//4718 
f 4324//4721 4338//4739 4159//4740 
f 4338//4739 4158//4741 4159//4740 
f 4324//4721 4325//4724 4339//4742 
f 4325//4724 4326//4725 4340//4743 
f 4326//4725 4327//4726 4341//4744 
f 4327//4726 4328//4727 4342//4745 
f 4328//4727 4329//4728 4343//4746 
f 4329//4728 4330//4729 4344//4747 
f 4330//4729 4331//4730 4345//4748 
f 4331//4730 4332//4731 4346//4749 
f 4332//4731 4333//4732 4347//4750 
f 4333//4732 4334//4733 4348//4751 
f 4334//4733 4335//4734 4349//4752 
f 4335//4734 4336//4735 4350//4753 
f 4336//4735 4337//4736 4351//4754 
f 4337//4736 4171//4755 4172//4756 
f 4172//4756 4351//4754 4337//4736 
f 4338//4739 4352//4757 4161//4758 
f 4352//4757 4160//4759 4161//4758 
f 4338//4739 4339//4742 4353//4760 
f 4339//4742 4340//4743 4354//4761 
f 4340//4743 4341//4744 4355//4762 
f 4341//4744 4342//4745 4356//4763 
f 4342//4745 4343//4746 4357//4764 
f 4343//4746 4344//4747 4358//4765 
f 4344//4747 4345//4748 4359//4766 
f 4345//4748 4346//4749 4360//4767 
f 4346//4749 4347//4750 4361//4768 
f 4347//4750 4348//4751 4362//4769 
f 4348//4751 4349//4752 4363//4770 
f 4349//4752 4350//4753 4364//4771 
f 4350//4753 4351//4754 4365//4772 
f 4351//4754 4173//4773 4174//4774 
f 4174//4774 4365//4772 4351//4754 
f 4163//4775 4160//4759 4352//4757 
f 4366//4776 4162//4777 4163//4775 
f 4352//4757 4353//4760 4367//4778 
f 4353//4760 4354//4761 4368//4779 
f 4354//4761 4355//4762 4369//4780 
f 4355//4762 4356//4763 4370//4781 
f 4356//4763 4357//4764 4371//4782 
f 4357//4764 4358//4765 4372//4783 
f 4358//4765 4359//4766 4373//4784 
f 4359//4766 4360//4767 4374//4785 
f 4360//4767 4361//4768 4375//4786 
f 4361//4768 4362//4769 4376//4787 
f 4362//4769 4363//4770 4377//4788 
f 4363//4770 4364//4771 4378//4789 
f 4364//4771 4365//4772 4379//4790 
f 4175//4791 4379//4790 4365//4772 
f 4365//4772 4176//4792 4175//4791 
f 4162//4777 4366//4776 2577//4793 
f 4366//4776 4367//4778 2576//4794 
f 4367//4778 4368//4779 2575//4795 
f 4368//4779 4369//4780 2574//4796 
f 4369//4780 4370//4781 2573//4797 
f 4370//4781 4371//4782 2572//4798 
f 4371//4782 4372//4783 2571//4799 
f 4372//4783 4373//4784 2570//4800 
f 4373//4784 4374//4785 2569//4801 
f 4374//4785 4375//4786 2568//4802 
f 4375//4786 4376//4787 2567//4803 
f 4376//4787 4377//4788 2566//4804 
f 4377//4788 4378//4789 2565//4805 
f 4378//4789 4379//4790 2564//4806 
f 4379//4790 4177//4807 2420//4808 
f 4178//4809 4213//4590 4137//4810 
f 4213//4590 4136//4811 4137//4810 
f 4213//4590 4178//4809 4179//4812 
f 4215//4594 4179//4812 4180//4813 
f 4217//4596 4180//4813 4181//4814 
f 4219//4598 4181//4814 4182//4815 
f 4221//4600 4182//4815 4183//4816 
f 4223//4602 4183//4816 4184//4817 
f 4225//4604 4184//4817 4185//4818 
f 4226//4605 4225//4604 4186//4819 
f 4225//4604 4187//4820 4186//4819 
f 4234//4615 4186//4819 4188//4821 
f 4234//4615 4189//4822 4190//4823 
f 4190//4823 4235//4616 4234//4615 
f 4244//4627 4190//4823 4191//4824 
f 4244//4627 4192//4825 4193//4826 
f 4193//4826 4245//4628 4244//4627 
f 4254//4639 4194//4827 4195//4828 
f 4245//4628 4196//4829 4194//4827 
f 4194//4827 4254//4639 4245//4628 
f 4264//4651 4197//4830 4198//4831 
f 4264//4651 4195//4828 4197//4830 
f 4267//4654 4266//4653 4199//4832 
f 4199//4832 4200//4833 4267//4654 
f 4279//4668 4200//4833 4201//4834 
f 4280//4669 4279//4668 4202//4835 
f 4279//4668 4203//4836 4202//4835 
f 4293//4684 4202//4835 4204//4837 
f 4204//4837 4205//4838 4293//4684 
f 4294//4685 4293//4684 4206//4839 
f 4293//4684 4207//4840 4206//4839 
f 4308//4701 4206//4839 4208//4841 
f 4209//4842 4309//4702 4210//4843 
f 4210//4843 4211//4844 4209//4842 
f 4309//4702 4308//4701 4212//4845 
f 4212//4845 4210//4843 4309//4702 
f 4209//4842 4167//4719 4309//4702 
f 4208//4841 4212//4845 4308//4701 
f 4206//4839 4308//4701 4294//4685 
f 4205//4838 4207//4840 4293//4684 
f 4202//4835 4293//4684 4280//4669 
f 4201//4834 4203//4836 4279//4668 
f 4200//4833 4279//4668 4267//4654 
f 4199//4832 4266//4653 4198//4831 
f 4198//4831 4266//4653 4264//4651 
f 4195//4828 4264//4651 4254//4639 
f 4193//4826 4196//4829 4245//4628 
f 4191//4824 4192//4825 4244//4627 
f 4190//4823 4244//4627 4235//4616 
f 4188//4821 4189//4822 4234//4615 
f 4186//4819 4234//4615 4226//4605 
f 4185//4818 4187//4820 4225//4604 
f 4184//4817 4225//4604 4223//4602 
f 4183//4816 4223//4602 4221//4600 
f 4182//4815 4221//4600 4219//4598 
f 4181//4814 4219//4598 4217//4596 
f 4180//4813 4217//4596 4215//4594 
f 4179//4812 4215//4594 4213//4590 
f 4137//4810 4166//4846 4178//4809 
f 2420//4808 2564//4806 4379//4790 
f 2564//4806 2565//4805 4378//4789 
f 2565//4805 2566//4804 4377//4788 
f 2566//4804 2567//4803 4376//4787 
f 2567//4803 2568//4802 4375//4786 
f 2568//4802 2569//4801 4374//4785 
f 2569//4801 2570//4800 4373//4784 
f 2570//4800 2571//4799 4372//4783 
f 2571//4799 2572//4798 4371//4782 
f 2572//4798 2573//4797 4370//4781 
f 2573//4797 2574//4796 4369//4780 
f 2574//4796 2575//4795 4368//4779 
f 2575//4795 2576//4794 4367//4778 
f 2576//4794 2577//4793 4366//4776 
f 2577//4793 2533//4847 4162//4777 
f 4175//4791 4177//4807 4379//4790 
f 4379//4790 4378//4789 4364//4771 
f 4378//4789 4377//4788 4363//4770 
f 4377//4788 4376//4787 4362//4769 
f 4376//4787 4375//4786 4361//4768 
f 4375//4786 4374//4785 4360//4767 
f 4374//4785 4373//4784 4359//4766 
f 4373//4784 4372//4783 4358//4765 
f 4372//4783 4371//4782 4357//4764 
f 4371//4782 4370//4781 4356//4763 
f 4370//4781 4369//4780 4355//4762 
f 4369//4780 4368//4779 4354//4761 
f 4368//4779 4367//4778 4353//4760 
f 4367//4778 4366//4776 4352//4757 
f 4352//4757 4366//4776 4163//4775 
f 4174//4774 4176//4792 4365//4772 
f 4365//4772 4364//4771 4350//4753 
f 4364//4771 4363//4770 4349//4752 
f 4363//4770 4362//4769 4348//4751 
f 4362//4769 4361//4768 4347//4750 
f 4361//4768 4360//4767 4346//4749 
f 4360//4767 4359//4766 4345//4748 
f 4359//4766 4358//4765 4344//4747 
f 4358//4765 4357//4764 4343//4746 
f 4357//4764 4356//4763 4342//4745 
f 4356//4763 4355//4762 4341//4744 
f 4355//4762 4354//4761 4340//4743 
f 4354//4761 4353//4760 4339//4742 
f 4353//4760 4352//4757 4338//4739 
f 4161//4758 4158//4741 4338//4739 
f 4172//4756 4173//4773 4351//4754 
f 4351//4754 4350//4753 4336//4735 
f 4350//4753 4349//4752 4335//4734 
f 4349//4752 4348//4751 4334//4733 
f 4348//4751 4347//4750 4333//4732 
f 4347//4750 4346//4749 4332//4731 
f 4346//4749 4345//4748 4331//4730 
f 4345//4748 4344//4747 4330//4729 
f 4344//4747 4343//4746 4329//4728 
f 4343//4746 4342//4745 4328//4727 
f 4342//4745 4341//4744 4327//4726 
f 4341//4744 4340//4743 4326//4725 
f 4340//4743 4339//4742 4325//4724 
f 4339//4742 4338//4739 4324//4721 
f 4159//4740 4156//4723 4324//4721 
f 4170//4738 4171//4755 4337//4736 
f 4337//4736 4336//4735 4322//4717 
f 4336//4735 4335//4734 4321//4716 
f 4335//4734 4334//4733 4320//4715 
f 4334//4733 4333//4732 4319//4714 
f 4333//4732 4332//4731 4318//4713 
f 4332//4731 4331//4730 4317//4712 
f 4331//4730 4330//4729 4316//4711 
f 4330//4729 4329//4728 4315//4710 
f 4329//4728 4328//4727 4314//4709 
f 4328//4727 4327//4726 4313//4708 
f 4327//4726 4326//4725 4312//4707 
f 4326//4725 4325//4724 4311//4706 
f 4325//4724 4324//4721 4310//4703 
f 4157//4722 4154//4705 4310//4703 
f 4168//4720 4169//4737 4323//4718 
f 4323//4718 4322//4717 4307//4700 
f 4322//4717 4321//4716 4306//4699 
f 4321//4716 4320//4715 4305//4698 
f 4320//4715 4319//4714 4304//4697 
f 4319//4714 4318//4713 4303//4696 
f 4318//4713 4317//4712 4302//4695 
f 4317//4712 4316//4711 4301//4694 
f 4316//4711 4315//4710 4300//4693 
f 4315//4710 4314//4709 4299//4692 
f 4314//4709 4313//4708 4298//4691 
f 4313//4708 4312//4707 4297//4690 
f 4312//4707 4311//4706 4296//4689 
f 4311//4706 4310//4703 4295//4686 
f 4155//4704 4152//4688 4295//4686 
f 4309//4702 4307//4700 4294//4685 
f 4307//4700 4306//4699 4292//4683 
f 4306//4699 4305//4698 4291//4682 
f 4305//4698 4304//4697 4290//4681 
f 4304//4697 4303//4696 4289//4680 
f 4303//4696 4302//4695 4288//4679 
f 4302//4695 4301//4694 4287//4678 
f 4301//4694 4300//4693 4286//4677 
f 4300//4693 4299//4692 4285//4676 
f 4299//4692 4298//4691 4284//4675 
f 4298//4691 4297//4690 4283//4674 
f 4297//4690 4296//4689 4282//4673 
f 4296//4689 4295//4686 4281//4670 
f 4153//4687 4150//4672 4281//4670 
f 4294//4685 4292//4683 4280//4669 
f 4292//4683 4291//4682 4278//4667 
f 4291//4682 4290//4681 4277//4666 
f 4290//4681 4289//4680 4276//4665 
f 4289//4680 4288//4679 4275//4664 
f 4288//4679 4287//4678 4274//4663 
f 4287//4678 4286//4677 4273//4662 
f 4286//4677 4285//4676 4272//4661 
f 4285//4676 4284//4675 4271//4660 
f 4284//4675 4283//4674 4270//4659 
f 4283//4674 4282//4673 4269//4658 
f 4282//4673 4281//4670 4268//4655 
f 4151//4671 4148//4657 4268//4655 
f 4280//4669 4278//4667 4267//4654 
f 4278//4667 4277//4666 4265//4652 
f 4277//4666 4276//4665 4263//4650 
f 4276//4665 4275//4664 4262//4649 
f 4275//4664 4274//4663 4261//4648 
f 4274//4663 4273//4662 4260//4647 
f 4273//4662 4272//4661 4259//4646 
f 4272//4661 4271//4660 4258//4645 
f 4271//4660 4270//4659 4257//4644 
f 4270//4659 4269//4658 4256//4643 
f 4269//4658 4268//4655 4255//4640 
f 4149//4656 4146//4642 4255//4640 
f 4267//4654 4265//4652 4264//4651 
f 4265//4652 4263//4650 4254//4639 
f 4263//4650 4262//4649 4253//4638 
f 4262//4649 4261//4648 4252//4637 
f 4261//4648 4260//4647 4251//4636 
f 4260//4647 4259//4646 4250//4635 
f 4259//4646 4258//4645 4249//4634 
f 4258//4645 4257//4644 4248//4633 
f 4257//4644 4256//4643 4247//4632 
f 4256//4643 4255//4640 4246//4629 
f 4147//4641 4144//4631 4246//4629 
f 4254//4639 4253//4638 4243//4626 
f 4253//4638 4252//4637 4242//4625 
f 4252//4637 4251//4636 4241//4624 
f 4251//4636 4250//4635 4240//4623 
f 4250//4635 4249//4634 4239//4622 
f 4249//4634 4248//4633 4238//4621 
f 4248//4633 4247//4632 4237//4620 
f 4247//4632 4246//4629 4236//4617 
f 4145//4630 4142//4619 4236//4617 
f 4245//4628 4243//4626 4235//4616 
f 4243//4626 4242//4625 4233//4614 
f 4242//4625 4241//4624 4232//4613 
f 4241//4624 4240//4623 4231//4612 
f 4240//4623 4239//4622 4230//4611 
f 4239//4622 4238//4621 4229//4610 
f 4238//4621 4237//4620 4228//4609 
f 4237//4620 4236//4617 4227//4606 
f 4143//4618 4140//4608 4227//4606 
f 4235//4616 4233//4614 4226//4605 
f 4233//4614 4232//4613 4224//4603 
f 4232//4613 4231//4612 4222//4601 
f 4231//4612 4230//4611 4220//4599 
f 4230//4611 4229//4610 4218//4597 
f 4229//4610 4228//4609 4216//4595 
f 4228//4609 4227//4606 4214//4591 
f 4141//4607 4138//4593 4214//4591 
f 4226//4605 4224//4603 4223//4602 
f 4224//4603 4222//4601 4221//4600 
f 4222//4601 4220//4599 4219//4598 
f 4220//4599 4218//4597 4217//4596 
f 4218//4597 4216//4595 4215//4594 
f 4216//4595 4214//4591 4213//4590 
f 4139//4592 4136//4811 4213//4590 
o mesh120
f 4380//4848 4192//4848 4191//4848 
f 4191//4848 4190//4848 4380//4848 
f 4380//4848 4196//4848 4193//4848 
f 4380//4848 4187//4848 4185//4848 
f 4193//4848 4192//4848 4380//4848 
f 4380//4848 4381//4848 4194//4848 
f 4185//4848 4184//4848 4380//4848 
f 4380//4848 4189//4848 4188//4848 
f 4194//4848 4196//4848 4380//4848 
f 4380//4848 4186//4848 4187//4848 
f 4190//4848 4189//4848 4380//4848 
f 4188//4848 4186//4848 4380//4848 
f 4164//4848 4179//4848 4178//4848 
f 4380//4848 4180//4848 4179//4848 
f 4380//4848 4182//4848 4181//4848 
f 4184//4848 4183//4848 4380//4848 
f 4179//4848 4164//4848 4380//4848 
f 4183//4848 4182//4848 4380//4848 
f 4181//4848 4180//4848 4380//4848 
f 4178//4848 4166//4848 4164//4848 
o mesh121
f 4381//4849 4202//4849 4203//4849 
f 4381//4849 4212//4849 4208//4849 
f 4381//4849 4198//4849 4197//4849 
f 4381//4849 4200//4849 4199//4849 
f 4203//4849 4200//4849 4381//4849 
f 4381//4849 4205//4849 4204//4849 
f 4208//4849 4206//4849 4381//4849 
f 4381//4849 4382//4849 4210//4849 
f 4197//4849 4195//4849 4381//4849 
f 4203//4849 4201//4849 4200//4849 
f 4381//4849 4207//4849 4205//4849 
f 4210//4849 4212//4849 4381//4849 
f 4199//4849 4198//4849 4381//4849 
f 4206//4849 4207//4849 4381//4849 
f 4204//4849 4202//4849 4381//4849 
f 4195//4849 4194//4849 4381//4849 
o mesh122
f 4383//4850 4380//4850 4165//4850 
f 4380//4850 4164//4850 4165//4850 
f 4165//4850 4384//4850 4383//4850 
o mesh123
f 4168//4851 4167//4852 3674//4853 
f 3672//4854 3674//4853 4167//4852 
f 4167//4852 4209//4855 3672//4854 
f 4170//4856 4169//4857 3644//4858 
f 3643//4859 3644//4858 4169//4857 
f 4169//4857 4168//4851 3643//4859 
f 4172//4860 4171//4861 3646//4862 
f 3645//4863 3646//4862 4171//4861 
f 4171//4861 4170//4856 3645//4863 
f 4174//4864 4173//4865 3648//4866 
f 3647//4867 3648//4866 4173//4865 
f 4173//4865 4172//4860 3647//4867 
f 4175//4868 4176//4869 3650//4870 
f 3649//4871 3650//4870 4176//4869 
f 4176//4869 4174//4864 3649//4871 
f 2420//4872 4177//4873 3652//4874 
f 3651//4875 3652//4874 4177//4873 
f 4177//4873 4175//4868 3651//4875 
f 4385//4876 3867//4876 3865//4877 
f 4386//4877 3865//4877 3864//4878 
f 4387//4878 3864//4878 3863//4879 
f 3873//4880 4388//4880 4389//4881 
f 4389//4881 3866//4882 3873//4880 
f 4390//4883 3863//4879 3866//4882 
f 3872//4884 4391//4884 4388//4880 
f 3871//4885 4392//4885 4391//4884 
f 3870//4886 4393//4886 4392//4885 
f 3869//4887 4394//4887 4393//4886 
f 3672//4854 4395//4888 3868//4889 
f 3868//4889 4395//4888 4394//4887 
f 4394//4887 3869//4887 3868//4889 
f 4209//4855 4211//4888 4395//4888 
f 4395//4888 3672//4854 4209//4855 
f 3868//4889 3673//4890 3672//4854 
f 4393//4886 3870//4886 3869//4887 
f 4392//4885 3871//4885 3870//4886 
f 4391//4884 3872//4884 3871//4885 
f 4388//4880 3873//4880 3872//4884 
f 4389//4881 4390//4883 3866//4882 
f 3863//4879 4390//4883 4387//4878 
f 3864//4878 4387//4878 4386//4877 
f 3865//4877 4386//4877 4385//4876 
f 3652//4874 2421//4891 2420//4872 
f 3650//4870 3651//4875 4175//4868 
f 3648//4866 3649//4871 4174//4864 
f 3646//4862 3647//4867 4172//4860 
f 3644//4858 3645//4863 4170//4856 
f 3674//4853 3643//4859 4168//4851 
o mesh124
f 4396//4892 4381//4892 4380//4892 
f 4381//4892 4396//4892 4397//4892 
f 4397//4892 4382//4892 4381//4892 
f 4380//4892 4383//4892 4396//4892 
o mesh125
f 4383//4893 4386//4893 4387//4893 
f 4383//4893 4390//4893 4389//4893 
f 4383//4893 4385//4893 4386//4893 
f 4387//4893 4390//4893 4383//4893 
f 4383//4893 4384//4893 4385//4893 
f 4389//4893 4396//4893 4383//4893 
o mesh126
f 4397//4894 4395//4894 4211//4894 
f 4211//4894 4382//4894 4397//4894 
f 4211//4894 4210//4894 4382//4894 
o mesh127
f 4396//4895 4392//4895 4393//4895 
f 4396//4895 4391//4895 4392//4895 
f 4396//4895 4394//4895 4395//4895 
f 4396//4895 4388//4895 4391//4895 
f 4393//4895 4394//4895 4396//4895 
f 4396//4895 4389//4895 4388//4895 
f 4395//4895 4397//4895 4396//4895 
o mesh128
f 3886//4896 4398//4896 4399//4896 
f 4398//4896 3886//4896 3609//4896 
f 3609//4896 3610//4896 4398//4896 
f 4399//4896 3901//4896 3886//4896 
f 4400//4896 3860//4896 3867//4896 
f 4385//4896 4384//4896 4401//4896 
f 4165//4896 3902//4896 4399//4896 
f 4399//4896 3902//4896 3901//4896 
f 4401//4896 4400//4896 4385//4896 
f 3610//4896 3611//4896 4398//4896 
f 3611//4896 3641//4896 4400//4896 
f 4400//4896 3641//4896 3860//4896 
f 4400//4896 4398//4896 3611//4896 
f 3867//4896 4385//4896 4400//4896 
f 4384//4896 4165//4896 4401//4896 
f 4399//4896 4401//4896 4165//4896 
o mesh129
f 4402//4897 4401//4897 4399//4897 
f 4399//4897 4403//4897 4402//4897 
o mesh130
f 4403//4898 4399//4898 4398//4898 
f 4398//4898 4404//4898 4403//4898 
o mesh131
f 4404//4899 4398//4899 4400//4899 
f 4400//4899 4405//4899 4404//4899 
o mesh132
f 4405//4900 4400//4900 4401//4900 
f 4401//4900 4402//4900 4405//4900 
o mesh133
f 4403//4901 4404//4901 4406//4901 
f 4404//4901 4405//4901 4407//4901 
f 4407//4901 4406//4901 4404//4901 
f 4405//4901 4402//4901 4408//4901 
f 4408//4901 4407//4901 4405//4901 
f 4402//4901 4403//4901 4409//4901 
f 4409//4901 4408//4901 4402//4901 
f 4406//4901 4409//4901 4403//4901 
o mesh134
f 4406//4900 4410//4900 4411//4900 
f 4411//4900 4409//4900 4406//4900 
o mesh135
f 4407//4902 4412//4902 4410//4902 
f 4410//4902 4406//4902 4407//4902 
o mesh136
f 4413//4903 4412//4903 4407//4903 
f 4407//4903 4408//4903 4413//4903 
o mesh137
f 4411//4904 4413//4904 4408//4904 
f 4408//4904 4409//4904 4411//4904 
o mesh138
f 4411//4905 4410//4905 4412//4905 
f 4412//4905 4413//4905 4411//4905 
o mesh139
f 4414//4906 4415//4906 4416//4906 
f 4416//4906 4417//4906 4414//4906 
o mesh140
f 4418//4907 4414//4907 4417//4907 
f 4417//4907 4419//4907 4418//4907 
o mesh141
f 4415//4908 4420//4908 4421//4908 
f 4421//4908 4416//4908 4415//4908 
o mesh142
f 4422//4909 4423//4909 4419//4909 
f 4422//4909 4417//4909 4416//4909 
f 4416//4909 4421//4909 4422//4909 
f 4419//4909 4417//4909 4422//4909 
o mesh143
f 4424//4910 4420//4910 4415//4910 
f 4424//4910 4414//4910 4418//4910 
f 4418//4910 4425//4910 4424//4910 
f 4415//4910 4414//4910 4424//4910 
o mesh144
f 4424//4911 4422//4911 4421//4911 
f 4421//4911 4420//4911 4424//4911 
o mesh145
f 4424//4912 4425//4912 4423//4912 
f 4423//4912 4422//4912 4424//4912 
o mesh146
f 4425//4913 4418//4913 4419//4913 
f 4419//4913 4423//4913 4425//4913 
o mesh147
f 4426//4912 4427//4912 4428//4912 
f 4428//4912 4429//4912 4426//4912 
o mesh148
f 4430//4914 4426//4914 4429//4914 
f 4429//4914 4431//4914 4430//4914 
o mesh149
f 4427//4913 4432//4913 4433//4913 
f 4433//4913 4428//4913 4427//4913 
o mesh150
f 4434//4915 4431//4915 4429//4915 
f 4434//4915 4428//4915 4433//4915 
f 4433//4915 4435//4915 4434//4915 
f 4429//4915 4428//4915 4434//4915 
o mesh151
f 4436//4916 4437//4916 4432//4916 
f 4436//4916 4427//4916 4426//4916 
f 4426//4916 4430//4916 4436//4916 
f 4432//4916 4427//4916 4436//4916 
o mesh152
f 4432//4917 4437//4917 4435//4917 
f 4435//4917 4433//4917 4432//4917 
o mesh153
f 4435//4918 4437//4918 4436//4918 
f 4436//4918 4434//4918 4435//4918 
o mesh154
f 4436//4919 4430//4919 4431//4919 
f 4431//4919 4434//4919 4436//4919 
o mesh155
f 4438//4918 4439//4918 4440//4918 
f 4440//4918 4441//4918 4438//4918 
o mesh156
f 4442//4920 4438//4920 4441//4920 
f 4441//4920 4443//4920 4442//4920 
o mesh157
f 4444//4921 4442//4921 4443//4921 
f 4443//4921 4445//4921 4444//4921 
o mesh158
f 4441//4922 4440//4922 4446//4922 
f 4441//4922 4447//4922 4445//4922 
f 4445//4922 4443//4922 4441//4922 
f 4446//4922 4447//4922 4441//4922 
o mesh159
f 4448//4923 4439//4923 4438//4923 
f 4448//4923 4442//4923 4444//4923 
f 4444//4923 4449//4923 4448//4923 
f 4438//4923 4442//4923 4448//4923 
o mesh160
f 4448//4924 4449//4924 4447//4924 
f 4447//4924 4446//4924 4448//4924 
o mesh161
f 4439//4925 4448//4925 4446//4925 
f 4446//4925 4440//4925 4439//4925 
o mesh162
f 4447//4926 4449//4926 4444//4926 
f 4444//4926 4445//4926 4447//4926 
o mesh163
f 4450//4927 4451//4927 4452//4927 
f 4452//4927 4453//4927 4450//4927 
o mesh164
f 4451//4928 4454//4928 4455//4928 
f 4455//4928 4452//4928 4451//4928 
o mesh165
f 4454//4929 4456//4929 4457//4929 
f 4457//4929 4455//4929 4454//4929 
o mesh166
f 4458//4930 4453//4930 4452//4930 
f 4455//4930 4457//4930 4459//4930 
f 4459//4930 4458//4930 4455//4930 
f 4452//4930 4455//4930 4458//4930 
o mesh167
f 4460//4931 4454//4931 4451//4931 
f 4454//4931 4460//4931 4461//4931 
f 4461//4931 4456//4931 4454//4931 
f 4451//4931 4450//4931 4460//4931 
o mesh168
f 4456//4932 4461//4932 4459//4932 
f 4459//4932 4457//4932 4456//4932 
o mesh169
f 4460//4933 4458//4933 4459//4933 
f 4459//4933 4461//4933 4460//4933 
o mesh170
f 4460//4934 4450//4934 4453//4934 
f 4453//4934 4458//4934 4460//4934 
g Part 3
v -0.0125 0.034 0.0125 
v -0.0125 0.032 0.0125 
v 0.0125 0.032 0.0125 
v 0.0125 0.034 0.0125 
v 0.0125 0.032 -0.0125 
v 0.0125 0.034 -0.0125 
v -0.0125 0.032 -0.0125 
v -0.0125 0.034 -0.0125 
vn 1.38778e-16 0 1 
vn 1 0 6.93889e-17 
vn -1.38778e-16 0 -1 
vn -1 0 -6.93889e-17 
vn 0 1 0 
vn 0 -1 0 
usemtl 0.768627_0.886275_0.952941_0.000000_0.000000
o mesh171
f 4462//4935 4463//4935 4464//4935 
f 4464//4935 4465//4935 4462//4935 
o mesh172
f 4465//4936 4464//4936 4466//4936 
f 4466//4936 4467//4936 4465//4936 
o mesh173
f 4467//4937 4466//4937 4468//4937 
f 4468//4937 4469//4937 4467//4937 
o mesh174
f 4469//4938 4468//4938 4463//4938 
f 4463//4938 4462//4938 4469//4938 
o mesh175
f 4469//4939 4462//4939 4465//4939 
f 4465//4939 4467//4939 4469//4939 
o mesh176
f 4466//4940 4464//4940 4463//4940 
f 4463//4940 4468//4940 4466//4940 
